id,NAME,neighbourhood group,neighbourhood,lat,long,price,review rate number,number of reviews,occupancy_proxy,estimated_revenue,potential_gain_at_70pct
36969321,Modern 2 Bed. Apartment - 10 Min. to Manhattan!,Queens,Ditmars Steinway,40.77965,-73.90728,1200.0,5.0,2.0,0.0,0.0,306600.0
30544415,"A unique apartment,  clean, quiet, and peaceful !",Bronx,Co-op City,40.86337,-73.82378,1195.0,5.0,10.0,0.0,0.0,305322.5
39218287,Industrial Brooklyn Loft with Tree-Lined Windows,Brooklyn,Clinton Hill,40.68722,-73.96289,1195.0,5.0,54.0,0.0,0.0,305322.5
31175694,Beautiful two-bed room by Manhattan View Hotel,Queens,Long Island City,40.75876,-73.93923,1197.0,5.0,1.0,0.0027397260273972603,1197.0,304636.5
1564682,Industrial Brooklyn Loft with Tree-Lined Windows,Brooklyn,Clinton Hill,40.68722,-73.96289,1195.0,5.0,54.0,0.0027397260273972603,1195.0,304127.5
38292632,Convenient room in Hell’s Kitchen,Manhattan,Hell's Kitchen,40.7645,-73.98786,1189.0,5.0,53.0,0.0,0.0,303789.5
27090883,Suzy ville,Bronx,Throgs Neck,40.82754,-73.82124,1188.0,5.0,1.0,0.0,0.0,303533.99999999994
33721245,Mr. Lucky's furnished room 15.min from Times Sq.,Manhattan,Harlem,40.82256,-73.94024,1184.0,5.0,3.0,0.0,0.0,302512.0
39376245,800sqft apartment with huge terrace,Brooklyn,Bushwick,40.70202,-73.92402,1179.0,5.0,6.0,0.0,0.0,301234.5
32690101,Home away from home,Bronx,Hunts Point,40.81244,-73.88938,1180.0,5.0,34.0,0.0027397260273972603,1180.0,300310.0
32038939,"Right in the Heart of Manhattan! 3 Modern Units, Rooftop Terrace, Restaurant, Near Tenement Museum!",Manhattan,Lower East Side,40.71918,-73.98897,1180.0,5.0,2.0,0.0027397260273972603,1180.0,300310.0
36380017,Bedford Stuyvesant Urban Hang Suite,Brooklyn,Bedford-Stuyvesant,40.6911,-73.94591,1170.0,5.0,263.0,0.0,0.0,298935.0
32033416,LOVELY TWO BED CONDO,Queens,Kew Gardens,40.70649,-73.83619,1169.0,5.0,18.0,0.0,0.0,298679.5
36331415,(E) RIGHT ON BUDGET,Queens,Jamaica,40.67144,-73.76501,1169.0,5.0,70.0,0.0,0.0,298679.5
53321820,A seriene space in Bushwick,Brooklyn,Bushwick,40.70447,-73.92589,1178.0,5.0,2.0,0.005479452054794521,2356.0,298622.99999999994
18563924,A seriene space in Bushwick,Brooklyn,Bushwick,40.70447,-73.92589,1178.0,5.0,2.0,0.005479452054794521,2356.0,298622.99999999994
14079248,Brand New shared room in CoLiving (M and L trains),Queens,Ridgewood,40.7033,-73.90812,1164.0,5.0,2.0,0.0,0.0,297402.0
45650925,Brand New shared room in CoLiving (M and L trains),Queens,Ridgewood,40.7033,-73.90812,1164.0,5.0,2.0,0.0,0.0,297402.0
17291425,Spacious & Chic 2-BR Home in Manhattan,Manhattan,Inwood,40.86958,-73.9172,1166.0,5.0,9.0,0.0027397260273972603,1166.0,296747.0
52049320,Spacious & Chic 2-BR Home in Manhattan,Manhattan,Inwood,40.86958,-73.9172,1166.0,5.0,9.0,0.0027397260273972603,1166.0,296747.0
39468479,A nice quiet room in Manhattan,Manhattan,East Harlem,40.8014,-73.94361,1160.0,5.0,37.0,0.0,0.0,296380.0
35073828,"Private room in Astoria, NY",Queens,Astoria,40.75619,-73.91852,1163.0,5.0,45.0,0.0027397260273972603,1163.0,295983.49999999994
34425427,Beautiful Queen Bedroom in the Heart of Bushwick,Brooklyn,Bushwick,40.68975,-73.90816,1163.0,5.0,1.0,0.0027397260273972603,1163.0,295983.49999999994
34217210,Chic Hamilton Heights getaway w/ AC ✨,Manhattan,Harlem,40.82203,-73.9573,1160.0,5.0,1.0,0.005479452054794521,2320.0,294060.0
20822831,Heights V,Brooklyn,East Flatbush,40.66148,-73.93408,1150.0,5.0,1.0,0.0,0.0,293825.0
55580727,Heights V,Brooklyn,East Flatbush,40.66148,-73.93408,1150.0,5.0,1.0,0.0,0.0,293825.0
47038303,Gorgeous single room in Sunnyside near Manhattan,Queens,Sunnyside,40.74722,-73.9186,1149.0,5.0,20.0,0.0,0.0,293569.5
15466625,Gorgeous single room in Sunnyside near Manhattan,Queens,Sunnyside,40.74722,-73.9186,1149.0,5.0,20.0,0.0,0.0,293569.5
38727292,Studio Deluxe 2- Wyndham Midtown 45,Manhattan,Midtown,40.75328,-73.97193,1183.0,5.0,2.0,0.021917808219178082,9464.0,292792.49999999994
34476239,Billionaire's Row w/ Free Daily Breakfast and Wine,Manhattan,Midtown,40.76432,-73.97793,1168.0,5.0,20.0,0.0136986301369863,5840.0,292583.99999999994
18447941,Heart of long island City,Queens,Long Island City,40.74664,-73.95039,1143.0,5.0,10.0,0.0,0.0,292036.49999999994
53205837,Heart of long island City,Queens,Long Island City,40.74664,-73.95039,1143.0,5.0,10.0,0.0,0.0,292036.49999999994
37048300,Futon 2.0,Manhattan,Harlem,40.80051,-73.95247,1147.0,5.0,247.0,0.0027397260273972603,1147.0,291911.5
31692647,Sonder City Hall Park | Accessible Studio Apartment,Manhattan,Financial District,40.71111,-74.00902,1189.0,5.0,26.0,0.0273972602739726,11890.0,291899.5
39924679,Charming Housebarge w/ outside deck,Brooklyn,Sheepshead Bay,40.58408,-73.94122,1164.0,5.0,72.0,0.0136986301369863,5820.0,291582.0
33368878,Brooklyn Penthouse walk-up,Brooklyn,Crown Heights,40.67301,-73.92554,1140.0,5.0,2.0,0.0,0.0,291270.0
35048974,Bedroom for rent in Upper East Side Manhattan,Manhattan,East Harlem,40.79262,-73.93861,1176.0,5.0,16.0,0.021917808219178082,9408.0,291060.0
32902736,Deluxe Twin Suite at Times SQ Boutique Hotel.,Manhattan,Theater District,40.75973,-73.9872,1176.0,5.0,12.0,0.021917808219178082,9408.0,291060.0
30962506,Tiny House! Beautiful Deck! Outdoor Kitchen!,Queens,Flushing,40.75778,-73.80933,1139.0,5.0,1.0,0.0,0.0,291014.5
15200417,Private studio in midtown Manhattan,Manhattan,Murray Hill,40.74844,-73.97713,1143.0,5.0,1.0,0.0027397260273972603,1143.0,290893.49999999994
46772094,Private studio in midtown Manhattan,Manhattan,Murray Hill,40.74844,-73.97713,1143.0,5.0,1.0,0.0027397260273972603,1143.0,290893.49999999994
25112545,Packaged for one plus groups (ENSUITE KING ROYAL),Brooklyn,East Flatbush,40.64695,-73.93121,1138.0,5.0,3.0,0.0,0.0,290758.99999999994
21425390,New york Multi-unit building,Queens,Jackson Heights,40.75586,-73.87014,1169.0,5.0,23.0,0.019178082191780823,8183.0,290496.5
37436015,Comfortable studio suite in midtown Manhattan,Manhattan,Murray Hill,40.75011,-73.97725,1141.0,5.0,4.0,0.0027397260273972603,1141.0,290384.5
26149212,"Cozy apartment ,Shared Room Heart of Manhattan 5",Manhattan,Hell's Kitchen,40.76612,-73.98749,1136.0,5.0,4.0,0.0,0.0,290248.0
13572236,"Washington Street, Lux Svcd Studio in West Village",Manhattan,SoHo,40.72948,-74.00961,1134.0,5.0,1.0,0.0,0.0,289737.0
45143914,"Washington Street, Lux Svcd Studio in West Village",Manhattan,SoHo,40.72948,-74.00961,1134.0,5.0,1.0,0.0,0.0,289737.0
12963049,"Quiet, Bright, 2 Story Home Close to It All",Queens,Briarwood,40.71512,-73.81928,1189.0,5.0,6.0,0.03287671232876712,14268.0,289521.5
57195100,"Quiet, Bright, 2 Story Home Close to It All",Queens,Briarwood,40.71512,-73.81928,1189.0,5.0,6.0,0.03287671232876712,14268.0,289521.5
44534727,"Quiet, Bright, 2 Story Home Close to It All",Queens,Briarwood,40.71512,-73.81928,1189.0,5.0,6.0,0.03287671232876712,14268.0,289521.5
51525740,"Quiet, Bright, 2 Story Home Close to It All",Queens,Briarwood,40.71512,-73.81928,1189.0,5.0,6.0,0.03287671232876712,14268.0,289521.5
37916516,Bay View - Room Looking Over The Water!,Queens,Rockaway Beach,40.58861,-73.81489,1133.0,5.0,51.0,0.0,0.0,289481.49999999994
28835599,"Smile, Life is for Living",Queens,St. Albans,40.69014,-73.75173,1132.0,5.0,4.0,0.0,0.0,289226.0
38033051,near brookdale hospital fast wi fi  great hatian f,Brooklyn,East Flatbush,40.65474,-73.91802,1130.0,5.0,3.0,0.0,0.0,288715.0
13671098,"Clean, quite, and near a lot of transportation",Manhattan,Harlem,40.82761,-73.9375,1130.0,5.0,4.0,0.0,0.0,288715.0
45242775,"Clean, quite, and near a lot of transportation",Manhattan,Harlem,40.82761,-73.9375,1130.0,5.0,4.0,0.0,0.0,288715.0
32171491,Modern bedroom #1 A fabulous Gem on Utica,Brooklyn,East Flatbush,40.66344,-73.93149,1134.0,5.0,6.0,0.0027397260273972603,1134.0,288603.0
38070055,AG's Palace 4,Brooklyn,Canarsie,40.64344,-73.91423,1127.0,5.0,3.0,0.0,0.0,287948.5
39542487,AMAZING COLUMBUS CIRCLE LOCATION :),Manhattan,Hell's Kitchen,40.76761,-73.98619,1126.0,5.0,3.0,0.0,0.0,287693.0
38496431,Room near City College & Columbia University (2),Manhattan,Harlem,40.82735,-73.94188,1130.0,5.0,73.0,0.0027397260273972603,1130.0,287585.0
16992078,Stunning Loft Penthouse Central Park Terrace New,Manhattan,Upper East Side,40.76683,-73.96867,1124.0,5.0,10.0,0.0,0.0,287182.0
27423920,SoHa Bliss - Central Park North 2 Bed / 1 Bath,Manhattan,Harlem,40.79965,-73.95157,1198.0,5.0,2.0,0.043835616438356165,19168.0,286920.99999999994
22320116,Modern- and newly renovated Brooklyn apartment,Brooklyn,Crown Heights,40.6716,-73.95847,1127.0,5.0,1.0,0.0027397260273972603,1127.0,286821.5
33536777,Geraldine's  1 BR APT 5 min from JFK,Queens,Jamaica,40.67574,-73.7967,1187.0,5.0,26.0,0.038356164383561646,16618.0,286660.5
28427449,Lugar  acogedor y tranquilo,Queens,Astoria,40.76242,-73.9207,1126.0,5.0,18.0,0.0027397260273972603,1126.0,286567.0
34651318,Modern private BR | Private Bathroom,Manhattan,Hell's Kitchen,40.75712,-73.99332,1139.0,5.0,2.0,0.010958904109589041,4556.0,286458.5
31575007,Guest house with separate House entry,Brooklyn,Flatlands,40.6167,-73.92456,1130.0,5.0,14.0,0.005479452054794521,2260.0,286455.0
30360499,Million dollar view Luxury + spacious apartment,Manhattan,Chelsea,40.75064,-73.99338,1191.0,5.0,31.0,0.0410958904109589,17864.999999999996,286435.5
4378651,Amazing convenient 5 min  to city,Queens,Long Island City,40.74681,-73.94586,1146.0,5.0,1.0,0.01643835616438356,6875.999999999999,285927.0
46453417,2 BD cozy house,Staten Island,Midland Beach,40.57509,-74.09606,1150.0,5.0,20.0,0.019178082191780823,8050.000000000001,285775.0
14881740,2 BD cozy house,Staten Island,Midland Beach,40.57509,-74.09606,1150.0,5.0,20.0,0.019178082191780823,8050.000000000001,285775.0
2915608,Delicious & Airy Apt in Landmark Brownstone,Brooklyn,Bedford-Stuyvesant,40.68637,-73.9417,1157.0,5.0,43.0,0.024657534246575342,10413.0,285200.5
39142069,Edo Room,Brooklyn,Clinton Hill,40.69341,-73.96319,1152.0,5.0,138.0,0.021917808219178082,9216.0,285120.0
52868934,New York on The Ocean,Brooklyn,Brighton Beach,40.58019,-73.95403,1185.0,5.0,36.0,0.0410958904109589,17774.999999999996,284992.5
18111038,New York on The Ocean,Brooklyn,Brighton Beach,40.58019,-73.95403,1185.0,5.0,36.0,0.0410958904109589,17774.999999999996,284992.5
41836741,New York on The Ocean,Brooklyn,Brighton Beach,40.58019,-73.95403,1185.0,5.0,36.0,0.0410958904109589,17774.999999999996,284992.5
47224980,Nice  spotless room attached PRIVATE FULL BATHROOM,Queens,Flushing,40.75898,-73.81448,1189.0,5.0,67.0,0.043835616438356165,19024.0,284765.5
15653303,Nice  spotless room attached PRIVATE FULL BATHROOM,Queens,Flushing,40.75898,-73.81448,1189.0,5.0,67.0,0.043835616438356165,19024.0,284765.5
46503676,Beautiful bright  room Near JFK & J Train#2,Queens,Richmond Hill,40.69584,-73.84727,1164.0,5.0,59.0,0.030136986301369864,12804.0,284598.0
14931999,Beautiful bright  room Near JFK & J Train#2,Queens,Richmond Hill,40.69584,-73.84727,1164.0,5.0,59.0,0.030136986301369864,12804.0,284598.0
20945441,Spacious and clean 1BR apt.  in Uptown Manhattan,Manhattan,Washington Heights,40.85428,-73.93204,1144.0,5.0,8.0,0.019178082191780823,8008.0,284284.0
55703337,Spacious and clean 1BR apt.  in Uptown Manhattan,Manhattan,Washington Heights,40.85428,-73.93204,1144.0,5.0,8.0,0.019178082191780823,8008.0,284284.0
15318609,"Modern Home, Amazing Location Master Suite",Brooklyn,Canarsie,40.64162,-73.90891,1117.0,5.0,2.0,0.0027397260273972603,1117.0,284276.5
46890286,"Modern Home, Amazing Location Master Suite",Brooklyn,Canarsie,40.64162,-73.90891,1117.0,5.0,2.0,0.0027397260273972603,1117.0,284276.5
29074745,No sharing/Entire 2 bdrm apt private 2 baths Lga,Queens,East Elmhurst,40.76905,-73.87366,1176.0,5.0,288.0,0.038356164383561646,16464.0,284004.0
30677520,Lovely Spacious 2 room Apartment in the Bronx!,Bronx,East Morrisania,40.83555,-73.88589,1111.0,5.0,2.0,0.0,0.0,283860.5
33083338,Beautiful spacious 1 bedroom apartment in Brooklyn,Brooklyn,Flatlands,40.63038,-73.92098,1115.0,5.0,17.0,0.0027397260273972603,1115.0,283767.5
54187826,"Luxury Private Room 
15 mins From Manhattan",Queens,Ditmars Steinway,40.77188,-73.91157,1110.0,5.0,6.0,0.0,0.0,283605.0
19429930,"Luxury Private Room 
15 mins From Manhattan",Queens,Ditmars Steinway,40.77188,-73.91157,1110.0,5.0,6.0,0.0,0.0,283605.0
37057137,Wingate Cozy,Brooklyn,Prospect-Lefferts Gardens,40.65681,-73.94403,1109.0,5.0,39.0,0.0,0.0,283349.5
35728303,Queen Suite at Time SQ Boutique Hotel,Manhattan,Hell's Kitchen,40.76161,-73.98667,1113.0,5.0,8.0,0.0027397260273972603,1113.0,283258.49999999994
36612535,Hudson Yard - Lux King Room,Manhattan,Hell's Kitchen,40.75672,-73.99691,1149.0,5.0,56.0,0.024657534246575342,10341.0,283228.5
15996281,Sunny & Gorgeous master bedroom  by central park,Manhattan,Upper West Side,40.80272,-73.96629,1108.0,5.0,83.0,0.0,0.0,283093.99999999994
34657393,Cheerful 1 bedroom in shared home with backyard!,Brooklyn,Crown Heights,40.67372,-73.93024,1106.0,5.0,1.0,0.0,0.0,282583.0
35628889,COZY ROOM IN TIMES SQUARE,Manhattan,Hell's Kitchen,40.75577,-73.99478,1179.0,5.0,8.0,0.043835616438356165,18864.0,282370.5
38367745,Charming Apt. In Brooklyn Townhouse,Brooklyn,Bedford-Stuyvesant,40.68327,-73.92578,1105.0,5.0,218.0,0.0,0.0,282327.5
39343659,A Little West Village Charm,Manhattan,Greenwich Village,40.73176,-73.99895,1173.0,5.0,103.0,0.0410958904109589,17594.999999999996,282106.49999999994
34120006,Brownstone’s garden level double bedroom with bath,Manhattan,Harlem,40.82306,-73.94881,1177.0,5.0,1.0,0.043835616438356165,18832.0,281891.5
26018317,Nice room,Bronx,Longwood,40.82285,-73.90198,1167.0,5.0,5.0,0.038356164383561646,16338.0,281830.5
32220094,"Cozy, Friendly, Bronx Living",Bronx,Morrisania,40.83008,-73.89712,1110.0,5.0,60.0,0.005479452054794521,2220.0,281385.0
22596266,Prospect Heights Garden Duplex,Brooklyn,Prospect Heights,40.67625,-73.97038,1099.0,5.0,1.0,0.0,0.0,280794.5
28778712,"Near JFK & LaGuardia airport, cozy studio-style",Queens,Queens Village,40.70765,-73.74777,1139.0,5.0,109.0,0.024657534246575342,10251.0,280763.5
32641498,"Deluxe room with en-suite bathroom, next Columbia",Manhattan,Upper West Side,40.80237,-73.96408,1129.0,5.0,1.0,0.019178082191780823,7903.0,280556.5
23141386,Magnificent 5 Bedroom Brooklyn Townhouse,Brooklyn,Prospect Heights,40.68187,-73.97075,1129.0,5.0,5.0,0.019178082191780823,7903.0,280556.5
26173513,Stylish One Bedroom Apartment!!,Brooklyn,Williamsburg,40.7192,-73.94805,1124.0,5.0,4.0,0.01643835616438356,6743.999999999999,280438.0
38928882,Two bedroom Beauty in midtown Manhattan,Manhattan,Murray Hill,40.74844,-73.97694,1127.0,5.0,1.0,0.019178082191780823,7889.0,280059.5
31337518,Spacious Rooms in Brooklyn,Brooklyn,East Flatbush,40.65229,-73.94556,1116.0,5.0,3.0,0.0136986301369863,5580.0,279558.0
6072555,Prime West Village w/Outdoor Patio,Manhattan,West Village,40.73669,-74.00375,1098.0,5.0,5.0,0.0027397260273972603,1098.0,279440.99999999994
6072555,Prime West Village w/Outdoor Patio,Manhattan,West Village,40.73669,-74.00375,1098.0,5.0,5.0,0.0027397260273972603,1098.0,279440.99999999994
9247727,Stunning Elevator 1 BR Chelsea,Manhattan,Chelsea,40.74392,-74.00113,1120.0,5.0,7.0,0.01643835616438356,6720.0,279440.0
47810418,Stunning Elevator 1 BR Chelsea,Manhattan,Chelsea,40.74392,-74.00113,1120.0,5.0,7.0,0.01643835616438356,6720.0,279440.0
43304755,Bluebird Hell's Kitchen 2-BR + Killer City Views,Manhattan,Hell's Kitchen,40.76045,-73.99929,1093.0,5.0,1.0,0.0,0.0,279261.49999999994
11733077,Bluebird Hell's Kitchen 2-BR + Killer City Views,Manhattan,Hell's Kitchen,40.76045,-73.99929,1093.0,5.0,1.0,0.0,0.0,279261.49999999994
50295768,Bluebird Hell's Kitchen 2-BR + Killer City Views,Manhattan,Hell's Kitchen,40.76045,-73.99929,1093.0,5.0,1.0,0.0,0.0,279261.49999999994
19683436,Dreamer Room,Brooklyn,Bedford-Stuyvesant,40.68862,-73.95572,1092.0,5.0,35.0,0.0,0.0,279006.0
54441332,Dreamer Room,Brooklyn,Bedford-Stuyvesant,40.68862,-73.95572,1092.0,5.0,35.0,0.0,0.0,279006.0
34466850,Lovely Room,Queens,Elmhurst,40.73811,-73.88171,1092.0,5.0,3.0,0.0,0.0,279006.0
38857083,Clean Comfy 2 Bedrooms with 2. Bathrooms sleeps 6,Queens,St. Albans,40.69044,-73.75489,1118.0,5.0,3.0,0.01643835616438356,6707.999999999999,278940.99999999994
35148388,Shoreham Hotel - Ultra-chic Room in Midtown Manhattan,Manhattan,Midtown,40.76366,-73.97554,1095.0,5.0,3.0,0.0027397260273972603,1095.0,278677.5
30900097,Artsy Clinton Hill Hideout,Brooklyn,Bedford-Stuyvesant,40.69648,-73.95904,1188.0,5.0,46.0,0.057534246575342465,24948.0,278585.99999999994
22484701,MADISON SQ - COZY KING ROOM,Manhattan,Hell's Kitchen,40.7561,-73.99855,1107.0,5.0,13.0,0.010958904109589041,4428.0,278410.5
34244825,"Master Bedroom with Own Bathroom, near subway",Brooklyn,Bushwick,40.68374,-73.90698,1106.0,5.0,57.0,0.010958904109589041,4424.0,278159.0
18388292,"HOTEL ROOM LIKE!!!   WITH AFFORDABLE RATE!!!   ""P""",Queens,Woodhaven,40.68654,-73.86672,1131.0,5.0,29.0,0.0273972602739726,11309.999999999998,277660.5
53146188,"HOTEL ROOM LIKE!!!   WITH AFFORDABLE RATE!!!   ""P""",Queens,Woodhaven,40.68654,-73.86672,1131.0,5.0,29.0,0.0273972602739726,11309.999999999998,277660.5
5371686,Cute One-Bedroom on treelined block,Brooklyn,Greenpoint,40.72661,-73.95153,1177.0,5.0,3.0,0.0547945205479452,23540.0,277183.5
56584256,Spectacular Townhouse 4Floor 5BD West Village NYC,Manhattan,West Village,40.73726,-74.00085,1100.0,5.0,8.0,0.010958904109589041,4400.0,276650.0
50914896,Spectacular Townhouse 4Floor 5BD West Village NYC,Manhattan,West Village,40.73726,-74.00085,1100.0,5.0,8.0,0.010958904109589041,4400.0,276650.0
43923883,Spectacular Townhouse 4Floor 5BD West Village NYC,Manhattan,West Village,40.73726,-74.00085,1100.0,5.0,8.0,0.010958904109589041,4400.0,276650.0
12352206,Spectacular Townhouse 4Floor 5BD West Village NYC,Manhattan,West Village,40.73726,-74.00085,1100.0,5.0,8.0,0.010958904109589041,4400.0,276650.0
31774387,Lovely Room for Travelers near Prospect Park,Brooklyn,Prospect-Lefferts Gardens,40.66083,-73.9408,1104.0,5.0,1.0,0.0136986301369863,5520.0,276552.0
33097698,Comfortable 3-bedroom rental unit in Brooklyn,Brooklyn,Bay Ridge,40.62016,-74.02388,1082.0,5.0,4.0,0.0,0.0,276451.0
37648650,Modern bedroom with private bath. Close to sbwy+Manhttn.,Queens,Woodside,40.74468,-73.90807,1164.0,5.0,4.0,0.049315068493150684,20952.0,276450.0
36874326,Triangle Loft-Connect,Manhattan,West Village,40.74009,-74.00629,1086.0,5.0,1.0,0.0027397260273972603,1086.0,276387.0
32651440,Beach Bum's Paradise w/ Tiki bar and Hot Tub!,Queens,Rockaway Beach,40.58563,-73.82251,1130.0,5.0,185.0,0.030136986301369864,12430.0,276285.0
34667335,Cozy room in Sunnyside Gardens (near Manhattan),Queens,Sunnyside,40.74694,-73.91699,1085.0,5.0,18.0,0.0027397260273972603,1085.0,276132.5
53151159,Sonder | Hanover Square | Cozy 1BR + Rooftop,Manhattan,Financial District,40.70533,-74.00923,1133.0,5.0,1.0,0.03287671232876712,13595.999999999998,275885.49999999994
18393263,Sonder | Hanover Square | Cozy 1BR + Rooftop,Manhattan,Financial District,40.70533,-74.00923,1133.0,5.0,1.0,0.03287671232876712,13595.999999999998,275885.49999999994
40740426,West 57th Hilton Breakfast/Wine 30 sec from Parade,Manhattan,Midtown,40.76352,-73.9777,1110.0,5.0,9.0,0.019178082191780823,7770.000000000001,275835.0
29863982,Newly renovated cozy studio w/parking /nearJFK,Queens,Arverne,40.59435,-73.79401,1186.0,5.0,10.0,0.06301369863013699,27278.0,275745.0
29326042,Lavish NYC Apt★LaGuardia Airport 10 min |♛King Bed,Manhattan,East Harlem,40.80003,-73.93682,1079.0,5.0,11.0,0.0,0.0,275684.5
38473786,YOU ROOM IN NYC,Queens,Sunnyside,40.74506,-73.91251,1079.0,5.0,262.0,0.0,0.0,275684.5
20860939,1Brooklyn budget room in bushwick,Brooklyn,Bushwick,40.69198,-73.9038,1150.0,5.0,26.0,0.043835616438356165,18400.0,275425.0
55618835,1Brooklyn budget room in bushwick,Brooklyn,Bushwick,40.69198,-73.9038,1150.0,5.0,26.0,0.043835616438356165,18400.0,275425.0
35883499,shrimpy: 70s lounge boat in rockaway,Queens,Arverne,40.59435,-73.78871,1081.0,5.0,16.0,0.0027397260273972603,1081.0,275114.5
24695006,Charming and Luxury 1 Bedroom Apartment,Manhattan,Chelsea,40.743,-74.00136,1085.0,5.0,2.0,0.005479452054794521,2170.0,275047.5
42703852,Charming and Luxury 1 Bedroom Apartment,Manhattan,Chelsea,40.743,-74.00136,1085.0,5.0,2.0,0.005479452054794521,2170.0,275047.5
30704030,IDEALLY LOCATED COZY COTTAGE,Bronx,Throgs Neck,40.83026,-73.8238,1120.0,5.0,450.0,0.0273972602739726,11200.0,274960.0
24940227,Comfortable Sofa Bed For Rent In NYC. Female ONLY,Brooklyn,Sheepshead Bay,40.6093,-73.95211,1106.0,5.0,8.0,0.019178082191780823,7742.0,274841.0
27201896,"Great Room! Great Price! 
Can wait to see you !",Brooklyn,Cypress Hills,40.67804,-73.86761,1152.0,5.0,1.0,0.04657534246575343,19584.000000000004,274752.0
30541102,"Cozy Private Room, Walking Distance From LGA,Rm-7",Queens,East Elmhurst,40.77119,-73.87304,1152.0,5.0,147.0,0.04657534246575343,19584.000000000004,274752.0
16585585,Amazing private room in East Bushwick,Brooklyn,Bushwick,40.69398,-73.90719,1075.0,5.0,1.0,0.0,0.0,274662.5
22605655,"Centrally located Brooklyn 4br, Stunning Skyline",Brooklyn,Bedford-Stuyvesant,40.69468,-73.93304,1132.0,5.0,10.0,0.03561643835616438,14716.0,274510.0
57119434,Spacious Apt. 20 Mins from Manhattan!,Queens,Astoria,40.76043,-73.91465,1075.0,5.0,18.0,0.0027397260273972603,1075.0,273587.5
51450075,Spacious Apt. 20 Mins from Manhattan!,Queens,Astoria,40.76043,-73.91465,1075.0,5.0,18.0,0.0027397260273972603,1075.0,273587.5
44459062,Spacious Apt. 20 Mins from Manhattan!,Queens,Astoria,40.76043,-73.91465,1075.0,5.0,18.0,0.0027397260273972603,1075.0,273587.5
12887384,Spacious Apt. 20 Mins from Manhattan!,Queens,Astoria,40.76043,-73.91465,1075.0,5.0,18.0,0.0027397260273972603,1075.0,273587.5
32622720,Luxury Furnished 1 BDRM in the Center of Manhattan,Manhattan,Murray Hill,40.74468,-73.97288,1197.0,5.0,1.0,0.07397260273972603,32319.0,273514.5
7493623,Private Lg Room 15 min to Manhattan,Queens,Sunnyside,40.74271,-73.92493,1123.0,5.0,6.0,0.03287671232876712,13476.0,273450.49999999994
35606245,Che' Randall Tre   SoBro 10 Minutes to Manhattan!,Bronx,Longwood,40.81992,-73.9079,1195.0,5.0,9.0,0.07397260273972603,32265.0,273057.5
35606245,Che' Randall Tre   SoBro 10 Minutes to Manhattan!,Bronx,Longwood,40.81992,-73.9079,1195.0,5.0,9.0,0.07397260273972603,32265.0,273057.5
5899132,SUNNY 2 BEDROOM IN WILLIAMSBURGGGGG,Brooklyn,Williamsburg,40.70995,-73.96609,1085.0,5.0,8.0,0.010958904109589041,4340.0,272877.5
4985628,Cozy room in a newly renovated apt!,Brooklyn,Prospect Heights,40.67382,-73.96782,1168.0,5.0,14.0,0.06027397260273973,25696.000000000004,272727.99999999994
24442605,COZY BEAUTIFUL HOUSE ! 2 min from the train,Brooklyn,Bushwick,40.68227,-73.90703,1173.0,5.0,7.0,0.06301369863013699,26979.0,272722.49999999994
42451451,COZY BEAUTIFUL HOUSE ! 2 min from the train,Brooklyn,Bushwick,40.68227,-73.90703,1173.0,5.0,7.0,0.06301369863013699,26979.0,272722.49999999994
28453408,Warm room in cozy home near jfk airport,Queens,Jamaica,40.67779,-73.79699,1192.0,5.0,7.0,0.07397260273972603,32184.000000000004,272372.0
3522586,Large Studio w/ NEW MATTRESS in UES,Manhattan,Upper East Side,40.77737,-73.95032,1118.0,5.0,6.0,0.03287671232876712,13415.999999999998,272232.99999999994
33315857,Home away from home-Self check in-Free Parking,Brooklyn,East Flatbush,40.64809,-73.93217,1131.0,5.0,16.0,0.0410958904109589,16965.0,272005.5
3888208,BKLYN BROWNSTONE: The Stuyvesant,Brooklyn,Bedford-Stuyvesant,40.6825,-73.92519,1155.0,5.0,135.0,0.0547945205479452,23100.0,272002.5
7598007,Amazing Loft on the Lower East Side,Manhattan,Lower East Side,40.71269,-73.98171,1185.0,5.0,1.0,0.07123287671232877,30810.0,271957.5
2622889,Charming Room Near Central Park,Manhattan,East Harlem,40.7977,-73.93754,1077.0,5.0,37.0,0.00821917808219178,3231.0,271942.5
35886261,Amazing Private ROOM close to Vessel,Manhattan,Hell's Kitchen,40.7569,-73.99363,1067.0,5.0,1.0,0.0027397260273972603,1067.0,271551.5
41014919,"Luxury, Cozy 1BD, walk to CentrPark",Manhattan,Upper East Side,40.78338,-73.95008,1188.0,5.0,126.0,0.07397260273972603,32076.000000000004,271457.99999999994
38283795,Luminous and Spacious Private Room,Brooklyn,Kensington,40.64458,-73.97574,1156.0,5.0,5.0,0.057534246575342465,24276.0,271082.0
25235708,ONLY WOMEN/CAMAS PARA MUJER/HABITACIÓN COMPARTIDA,Queens,Corona,40.74116,-73.86667,1146.0,5.0,4.0,0.052054794520547946,21774.0,271029.0
26264643,Sunny minimalistic loft in Clinton Hill!,Brooklyn,Clinton Hill,40.69054,-73.96063,1095.0,5.0,1.0,0.021917808219178082,8760.0,271012.5
29581756,BROOKLYN NYC - BEST LOCATION NEW 1 BDM APT SLP 2-4,Brooklyn,Gravesend,40.5992,-73.97451,1060.0,5.0,41.0,0.0,0.0,270830.0
28527968,"Entire Picturesque Duplex Home in NYC, Bronx",Bronx,Williamsbridge,40.88204,-73.86318,1125.0,5.0,25.0,0.0410958904109589,16875.0,270562.5
5553393,Huge Private Room in the BEST location,Manhattan,Flatiron District,40.74169,-73.9933,1124.0,5.0,1.0,0.0410958904109589,16859.999999999996,270322.0
32935874,Garden Apartment,Brooklyn,East New York,40.67147,-73.89342,1058.0,5.0,3.0,0.0,0.0,270318.99999999994
28807984,NYC Diamond 5 star 3bedrooms/5beds 2baths/ Parking,Bronx,Wakefield,40.90436,-73.84992,1100.0,5.0,55.0,0.0273972602739726,11000.0,270050.0
32885615,The Residences at W New York - Downtown - Apt 28B,Manhattan,Financial District,40.70952,-74.01468,1168.0,5.0,1.0,0.0684931506849315,29200.0,269223.99999999994
15921168,Gorgeous renovated Boutique townhouse apartment,Brooklyn,Bedford-Stuyvesant,40.68466,-73.92523,1173.0,5.0,31.0,0.07123287671232877,30497.999999999996,269203.49999999994
21497189,2nd floor art,Manhattan,Washington Heights,40.85416,-73.9292,1053.0,5.0,14.0,0.0,0.0,269041.49999999994
21469574,Beautiful Room with 2 Beds Near Metro.,Brooklyn,Bedford-Stuyvesant,40.69379,-73.94384,1053.0,5.0,15.0,0.0,0.0,269041.49999999994
38336264,"June Priv  Room UES ,ELEV,LAUNDRY",Manhattan,Upper East Side,40.77497,-73.94784,1057.0,5.0,4.0,0.0027397260273972603,1057.0,269006.5
34184625,YES!!!  A Bklyn Apt with SPACE!!!,Brooklyn,East Flatbush,40.63564,-73.94428,1082.0,5.0,7.0,0.019178082191780823,7574.0,268877.0
39091258,Your perfect NYC guesthouse getaway prvt entrance,Queens,Rego Park,40.72997,-73.86523,1052.0,5.0,27.0,0.0,0.0,268786.0
32112947,☆ 1 Cama para Mujer/Habitación 2 Camas(Women Only),Queens,Corona,40.73689,-73.8632,1156.0,5.0,17.0,0.06301369863013699,26588.0,268770.0
21372369,Home away from home,Manhattan,Upper East Side,40.76481,-73.96001,1049.0,5.0,9.0,0.0,0.0,268019.5
35345007,Bedroom available for long stay in 3bed/1bath,Brooklyn,Bushwick,40.69092,-73.91256,1061.0,5.0,1.0,0.00821917808219178,3182.9999999999995,267902.5
37247680,Uptown 1BR in Cultural Hot-Spot! #10344,Manhattan,Harlem,40.81816,-73.94596,1136.0,5.0,96.0,0.0547945205479452,22719.999999999996,267528.0
52031647,Private room in Brooklyn !!!!,Brooklyn,Bedford-Stuyvesant,40.6925,-73.94214,1136.0,5.0,11.0,0.0547945205479452,22719.999999999996,267528.0
17273751,Private room in Brooklyn !!!!,Brooklyn,Bedford-Stuyvesant,40.6925,-73.94214,1136.0,5.0,11.0,0.0547945205479452,22719.999999999996,267528.0
5041963,House 10 min from Manhattan w/ parking near subway,Queens,Astoria,40.7636,-73.926,1189.0,5.0,1.0,0.08493150684931507,36859.0,266930.5
30457704,Sonder City Hall Park | Studio Apartment,Manhattan,Financial District,40.71099,-74.00913,1060.0,5.0,38.0,0.010958904109589041,4240.0,266590.0
11076393,"Private room great for single travelers,  near JFK",Brooklyn,East New York,40.67324,-73.88292,1077.0,5.0,38.0,0.021917808219178082,8616.0,266557.5
49639083,"Private room great for single travelers,  near JFK",Brooklyn,East New York,40.67324,-73.88292,1077.0,5.0,38.0,0.021917808219178082,8616.0,266557.5
37877855,Stunning Townhouse on a private  garden,Brooklyn,Gowanus,40.68397,-73.98836,1043.0,5.0,8.0,0.0,0.0,266486.49999999994
31498790,SELF CHECK IN PRIVATE ROOM!!!,Queens,Ditmars Steinway,40.77269,-73.91022,1055.0,5.0,1.0,0.00821917808219178,3164.9999999999995,266387.5
26119388,Mott Haven Dorm EE,Bronx,Port Morris,40.80868,-73.93015,1055.0,5.0,3.0,0.00821917808219178,3164.9999999999995,266387.5
38540615,Prime location near Central Park !!,Manhattan,Upper East Side,40.7778,-73.95084,1042.0,5.0,403.0,0.0,0.0,266231.0
46509751,3 BR - Great Midtown location off 5th Avenue,Manhattan,Midtown,40.76255,-73.97453,1196.0,5.0,2.0,0.09041095890410959,39468.0,266110.0
14938074,3 BR - Great Midtown location off 5th Avenue,Manhattan,Midtown,40.76255,-73.97453,1196.0,5.0,2.0,0.09041095890410959,39468.0,266110.0
1897167,"Wedding guests accommodations, 3-7 bedrooms",Staten Island,Arrochar,40.59193,-74.06476,1137.0,5.0,1.0,0.06027397260273973,25014.0,265489.5
55903270,Gorgeous Two Bedroom in Soho,Manhattan,Little Italy,40.71938,-73.99448,1193.0,5.0,1.0,0.09041095890410959,39369.0,265442.49999999994
21145374,Gorgeous Two Bedroom in Soho,Manhattan,Little Italy,40.71938,-73.99448,1193.0,5.0,1.0,0.09041095890410959,39369.0,265442.49999999994
54760009,Charming Private Room Friends/Couples/Solo “M”,Brooklyn,Bedford-Stuyvesant,40.68511,-73.94948,1051.0,5.0,21.0,0.00821917808219178,3152.9999999999995,265377.5
20002113,Charming Private Room Friends/Couples/Solo “M”,Brooklyn,Bedford-Stuyvesant,40.68511,-73.94948,1051.0,5.0,21.0,0.00821917808219178,3152.9999999999995,265377.5
36655063,Awesome Place! Amazing Location!!!,Manhattan,Nolita,40.72428,-73.99579,1038.0,5.0,155.0,0.0,0.0,265208.99999999994
1120633,Cozy East Village Railroad 1 Bed!,Manhattan,East Village,40.72752,-73.98432,1089.0,5.0,204.0,0.03287671232876712,13068.0,265171.5
31572246,Massive space w/ Private Backyard (1200+ sqft),Brooklyn,Flatbush,40.65069,-73.95318,1049.0,5.0,13.0,0.00821917808219178,3146.9999999999995,264872.5
30919427,Disfruta de New York en confort y relax,Queens,Fresh Meadows,40.74666,-73.78221,1034.0,5.0,11.0,0.0,0.0,264187.0
39417667,Hip Brooklyn Photo Studio Loft!,Brooklyn,Bushwick,40.7072,-73.92245,1038.0,5.0,17.0,0.0027397260273972603,1038.0,264170.99999999994
29660735,Ur jacuzzi spot   UBS ARENA STADIUM NEAR JFK,Queens,St. Albans,40.7009,-73.75192,1042.0,5.0,27.0,0.005479452054794521,2084.0,264147.0
23494306,纽约客民宿,Queens,Flushing,40.75528,-73.83072,1165.0,5.0,2.0,0.07945205479452055,33785.00000000001,263872.5
17700127,Zen very well located in Chelsea studio,Manhattan,Chelsea,40.73981,-74.00031,1082.0,5.0,3.0,0.03287671232876712,12983.999999999998,263467.0
52458022,Zen very well located in Chelsea studio,Manhattan,Chelsea,40.73981,-74.00031,1082.0,5.0,3.0,0.03287671232876712,12983.999999999998,263467.0
41425830,Zen very well located in Chelsea studio,Manhattan,Chelsea,40.73981,-74.00031,1082.0,5.0,3.0,0.03287671232876712,12983.999999999998,263467.0
40457096,Authentic Brownstone New York Living,Brooklyn,Bedford-Stuyvesant,40.68247,-73.94119,1156.0,5.0,34.0,0.07671232876712329,32368.0,262990.0
34291771,SPACIOUS 2 BR APT  CLOSE TO CENTRAL PARK AND Q & 6,Manhattan,East Harlem,40.78965,-73.94329,1166.0,5.0,20.0,0.0821917808219178,34980.0,262933.0
29324937,Entire one-bedroom apartment,Bronx,Williamsbridge,40.87807,-73.84993,1126.0,5.0,6.0,0.06027397260273973,24772.000000000004,262921.0
26726365,Room in queens,Queens,Springfield Gardens,40.66292,-73.76242,1029.0,5.0,5.0,0.0,0.0,262909.5
34465193,Times Square Boutique Hotel Private Standard Room,Manhattan,Hell's Kitchen,40.76089,-73.98733,1033.0,5.0,1.0,0.0027397260273972603,1033.0,262898.49999999994
36162411,DOUBLE SHARED BATHROOM,Manhattan,Gramercy,40.73492,-73.98454,1160.0,5.0,7.0,0.07945205479452055,33640.0,262740.0
31603727,Beautiful Terrace Room,Brooklyn,Canarsie,40.63883,-73.91748,1149.0,5.0,48.0,0.07397260273972603,31023.000000000004,262546.5
47154838,2BED 2 BATH LINCOLN CENTER / RIVER VIEW,Manhattan,Upper West Side,40.77536,-73.98952,1134.0,5.0,9.0,0.06575342465753424,27215.999999999996,262521.0
15583161,2BED 2 BATH LINCOLN CENTER / RIVER VIEW,Manhattan,Upper West Side,40.77536,-73.98952,1134.0,5.0,9.0,0.06575342465753424,27215.999999999996,262521.0
15288232,"One B/R (1 Guest) Near Beach, A & air trains, JFK",Queens,Arverne,40.59736,-73.80029,1100.0,5.0,60.0,0.04657534246575343,18700.0,262350.0
46859910,"One B/R (1 Guest) Near Beach, A & air trains, JFK",Queens,Arverne,40.59736,-73.80029,1100.0,5.0,60.0,0.04657534246575343,18700.0,262350.0
31255225,LARGE BEDROOM CLOSE TO MANHATTAN,Queens,Astoria,40.77092,-73.92481,1060.0,5.0,19.0,0.021917808219178082,8480.0,262350.0
31592681,Amazing studio sleeps 6! Convenient location,Queens,Elmhurst,40.74704,-73.87546,1095.0,5.0,2.0,0.043835616438356165,17520.0,262252.5
35076589,BROOKLYN SHARED APT NEAR BY ALL  TRANSPORTATION!!!,Brooklyn,Sunset Park,40.64315,-74.01656,1051.0,5.0,33.0,0.01643835616438356,6305.999999999999,262224.5
34742448,Private Apt in Trendy Cobble Hill,Brooklyn,Carroll Gardens,40.68452,-73.99093,1187.0,5.0,94.0,0.0958904109589041,41545.0,261733.5
38823392,"Manhattan nyc private room B
15 min F Times Square",Manhattan,Harlem,40.81225,-73.95197,1024.0,5.0,10.0,0.0,0.0,261631.99999999997
36594862,Surrey Room at Incentra Village Guest House,Manhattan,West Village,40.73884,-74.00342,1106.0,5.0,7.0,0.052054794520547946,21014.0,261569.0
29546962,#1 Family House 7min to Manhattan Up To 7 Guest,Queens,Astoria,40.75653,-73.92515,1139.0,5.0,220.0,0.07123287671232877,29613.999999999996,261400.5
25297565,Private & Cozy Room 1B near Columbia Univ,Manhattan,Harlem,40.82289,-73.954,1138.0,5.0,1.0,0.07123287671232877,29587.999999999996,261170.99999999994
31811944,CHARMING ROOM C WITH ROOF DECK ACCESS :),Brooklyn,Bedford-Stuyvesant,40.6929,-73.95977,1158.0,5.0,8.0,0.0821917808219178,34740.0,261128.99999999994
31303276,Heart of Manhattan Midtown!!(Herald Square),Manhattan,Midtown,40.74744,-73.98877,1189.0,5.0,61.0,0.09863013698630137,42804.0,260985.5
3979338,1 Bedroom Apt in Chelsea,Manhattan,Chelsea,40.73957,-74.00027,1188.0,5.0,1.0,0.09863013698630137,42768.0,260765.99999999994
32966803,Miriams Place,Brooklyn,Borough Park,40.63511,-73.98985,1182.0,5.0,123.0,0.0958904109589041,41370.0,260631.0
23457854,Beautiful and cozy 2Br with private terrace,Manhattan,Lower East Side,40.72278,-73.98902,1120.0,5.0,46.0,0.06301369863013699,25760.000000000004,260400.0
12415168,Cheap large room with desk 10 min to JFK+ Mall,Queens,Rosedale,40.65322,-73.73366,1056.0,5.0,92.0,0.024657534246575342,9504.0,260304.0
56647218,Cheap large room with desk 10 min to JFK+ Mall,Queens,Rosedale,40.65322,-73.73366,1056.0,5.0,92.0,0.024657534246575342,9504.0,260304.0
43986845,Cheap large room with desk 10 min to JFK+ Mall,Queens,Rosedale,40.65322,-73.73366,1056.0,5.0,92.0,0.024657534246575342,9504.0,260304.0
31003377,Single Bedroom Near Subway,Brooklyn,Bushwick,40.68365,-73.90869,1096.0,5.0,159.0,0.049315068493150684,19728.0,260300.0
31889266,Gorgeous Two Br Apt in Jamaica Estates.,Queens,Jamaica Estates,40.71258,-73.78952,1018.0,5.0,26.0,0.0,0.0,260098.99999999997
23575494,A3 Delightful Budget private room,Brooklyn,Bushwick,40.69213,-73.90248,1109.0,5.0,15.0,0.057534246575342465,23289.0,260060.5
6829206,Here comes the sun!,Brooklyn,Gowanus,40.68334,-73.9847,1133.0,5.0,1.0,0.07123287671232877,29458.0,260023.49999999994
28975331,Spacious studio apt near metro JFK & BARCLAYCENTER,Brooklyn,East New York,40.67443,-73.88772,1128.0,5.0,14.0,0.0684931506849315,28199.999999999996,260003.99999999994
34794916,Private room in 3BR/2BA in Elmhurst 9 min to 7/E/F/M/R,Queens,Woodside,40.74132,-73.89107,1168.0,5.0,1.0,0.09041095890410959,38544.0,259879.99999999994
3705949,Cheap accommodation in Manhattan,Manhattan,Kips Bay,40.73877,-73.98171,1103.0,5.0,2.0,0.0547945205479452,22059.999999999996,259756.49999999994
16320481,"Private Bedroom in Artsy Airbnb: Room ""L""",Brooklyn,Prospect-Lefferts Gardens,40.65848,-73.952,1157.0,5.0,99.0,0.08493150684931507,35867.0,259746.5
30474273,"♔ Private Room Near Pratt,Subway,Barclays,Nighlife",Brooklyn,Bedford-Stuyvesant,40.68733,-73.95571,1080.0,5.0,3.0,0.0410958904109589,16199.999999999998,259740.0
18236410,VERA’S PLACE JUST A STEP FROM SUBWAY,Queens,Long Island City,40.7613,-73.92864,1015.0,5.0,1.0,0.0,0.0,259332.5
52994306,VERA’S PLACE JUST A STEP FROM SUBWAY,Queens,Long Island City,40.7613,-73.92864,1015.0,5.0,1.0,0.0,0.0,259332.5
26726918,Room for jfk passengers,Queens,Springfield Gardens,40.66222,-73.76324,1014.0,5.0,1.0,0.0,0.0,259076.99999999997
39884913,"Beautiful & spacious apartment in Astoria, Queens",Queens,Ditmars Steinway,40.77117,-73.90427,1017.0,5.0,16.0,0.0027397260273972603,1017.0000000000001,258826.5
36049189,Studio Apartment in the Heart of Midtown Manhattan,Manhattan,Midtown,40.75686,-73.97991,1171.0,5.0,1.0,0.0958904109589041,40985.0,258205.5
33406986,Ritehome,Queens,Springfield Gardens,40.66655,-73.76409,1013.0,5.0,1.0,0.0027397260273972603,1012.9999999999999,257808.49999999997
15875327,"Budget-WELCOME ALL ""Couch"" walk to CITIFIELD & LGA",Queens,Corona,40.74807,-73.86511,1025.0,5.0,6.0,0.010958904109589041,4100.0,257787.5
4350483,Gorgeous 1 Bedroom in the heart of NYC: Chelsea,Manhattan,Chelsea,40.73974,-73.99985,1063.0,5.0,19.0,0.03561643835616438,13819.0,257777.49999999994
38516314,Cozy luxurious & private 1 1/2 bedroom in Brooklyn,Brooklyn,Bedford-Stuyvesant,40.6816,-73.95226,1016.0,5.0,11.0,0.005479452054794521,2032.0,257555.99999999997
27674112,House by the beach side,Queens,Edgemere,40.59309,-73.77958,1016.0,5.0,2.0,0.005479452054794521,2032.0,257555.99999999997
32539875,Dylan Hotel NYC - Standard Queen,Manhattan,Murray Hill,40.75164,-73.9791,1020.0,5.0,24.0,0.00821917808219178,3060.0,257550.0
23584883,East Flatbush,Brooklyn,East Flatbush,40.65057,-73.92383,1112.0,5.0,51.0,0.06575342465753424,26687.999999999996,257428.0
14167616,Room in Full Floor East Village Apt!,Manhattan,East Village,40.72715,-73.98623,1070.0,5.0,39.0,0.0410958904109589,16050.0,257335.0
45739293,Room in Full Floor East Village Apt!,Manhattan,East Village,40.72715,-73.98623,1070.0,5.0,39.0,0.0410958904109589,16050.0,257335.0
32655306,Single Room/ 15 min away from LGA Airport #5,Queens,Jackson Heights,40.74984,-73.87552,1141.0,5.0,80.0,0.0821917808219178,34230.0,257295.5
35750947,The Brooklyn Blue House 3,Brooklyn,Canarsie,40.6446,-73.90154,1007.0,5.0,15.0,0.0,0.0,257288.5
38455008,Small Room in a Beautiful NJ Condo! 20 Mins to NYC,Manhattan,Hell's Kitchen,40.76009,-74.00278,1007.0,5.0,3.0,0.0,0.0,257288.5
33656626,Nice Room few blocks away from T-Square action!,Manhattan,Hell's Kitchen,40.75695,-73.99553,1010.0,5.0,3.0,0.0027397260273972603,1010.0,257045.0
14931447,GiGi's Stunning Place,Brooklyn,East New York,40.67118,-73.86821,1077.0,5.0,42.0,0.04657534246575343,18309.0,256864.5
46503124,GiGi's Stunning Place,Brooklyn,East New York,40.67118,-73.86821,1077.0,5.0,42.0,0.04657534246575343,18309.0,256864.5
40311841,Affordable Clean Private Room NYC,Bronx,Mount Eden,40.84367,-73.91718,1124.0,5.0,11.0,0.07397260273972603,30348.0,256834.0
31033753,Spacious ! 3BR/2Bath- 5min JFK & Resorts Casino,Queens,Jamaica,40.67007,-73.77998,1095.0,5.0,156.0,0.057534246575342465,22995.0,256777.5
3773330,Clean Private Room in Renovated Apartment,Manhattan,Washington Heights,40.84464,-73.9355,1076.0,5.0,26.0,0.04657534246575343,18292.0,256626.0
33748308,"QUIET, SPACIOUS, COMFORTABLE, & GREAT LOCATION",Brooklyn,Kensington,40.6465,-73.97959,1045.0,5.0,55.0,0.0273972602739726,10450.0,256547.5
47035541,Living room available! Modern apartment in midtown,Manhattan,Murray Hill,40.7487,-73.97479,1004.0,5.0,47.0,0.0,0.0,256521.99999999997
15463864,Living room available! Modern apartment in midtown,Manhattan,Murray Hill,40.7487,-73.97479,1004.0,5.0,47.0,0.0,0.0,256521.99999999997
35575316,"Spacious private room, good for a single/couple, Woodside",Queens,Maspeth,40.73758,-73.90672,1132.0,5.0,3.0,0.07945205479452055,32828.00000000001,256398.0
35575316,"Spacious private room, good for a single/couple, Woodside",Queens,Maspeth,40.73758,-73.90672,1132.0,5.0,3.0,0.07945205479452055,32828.00000000001,256398.0
39550771,"Wedding guests accommodations, 3-7 bedrooms",Staten Island,Arrochar,40.59193,-74.06476,1137.0,5.0,1.0,0.0821917808219178,34110.0,256393.5
20609643,"Kosher, newly renovated, stylish 1 bedroom",Brooklyn,Crown Heights,40.66891,-73.93495,1014.0,5.0,2.0,0.00821917808219178,3042.0,256034.99999999997
55367539,"Kosher, newly renovated, stylish 1 bedroom",Brooklyn,Crown Heights,40.66891,-73.93495,1014.0,5.0,2.0,0.00821917808219178,3042.0,256034.99999999997
32402905,Manhattan Private ROOM,Manhattan,Harlem,40.81638,-73.94344,1002.0,5.0,1.0,0.0,0.0,256011.0
52037722,Beautiful Private Bedroom for rent  Crown Heights,Brooklyn,Crown Heights,40.67439,-73.95286,1064.0,5.0,5.0,0.0410958904109589,15960.0,255892.0
17279826,Beautiful Private Bedroom for rent  Crown Heights,Brooklyn,Crown Heights,40.67439,-73.95286,1064.0,5.0,5.0,0.0410958904109589,15960.0,255892.0
22238376,A slice of luxury In Cozy Chelsea loft!,Manhattan,Chelsea,40.74277,-74.00204,1001.0,5.0,15.0,0.0,0.0,255755.49999999997
2135208,2bdrm + Patio/BackYard/Time Square/1st Floor,Manhattan,Hell's Kitchen,40.7642,-73.98677,1076.0,5.0,287.0,0.049315068493150684,19368.0,255550.0
39472897,Lux 2Bed/2.5Bath Central Park Views,Manhattan,Upper West Side,40.77516,-73.98573,1004.0,5.0,59.0,0.0027397260273972603,1003.9999999999999,255517.99999999997
38428498,Sunny King size bedroom in Clinton Hill loft,Brooklyn,Bedford-Stuyvesant,40.69171,-73.95898,998.0,5.0,4.0,0.0,0.0,254988.99999999997
30728331,Spacious Luxury King Bed Room,Manhattan,Midtown,40.76462,-73.98319,1021.0,5.0,53.0,0.01643835616438356,6125.999999999999,254739.49999999997
31620296,BEAUTIFUL STUDIO ON UPPER EAST SIDE/ CENTRAL PARK,Manhattan,Upper East Side,40.769516,-73.956444,1182.0,5.0,16.0,0.1095890410958904,47279.99999999999,254721.0
33057933,Cozy private Bedroom #1 just minutes from 7 train!,Queens,Elmhurst,40.74851,-73.87498,1149.0,5.0,42.0,0.09315068493150686,39066.0,254503.5
29981622,Tranquil & Beautiful Living Space in Brooklyn,Brooklyn,Bedford-Stuyvesant,40.68386,-73.95246,1099.0,5.0,45.0,0.06575342465753424,26376.0,254418.5
53535007,Fabulous  brand new 1BR across park in Manhattan,Manhattan,East Harlem,40.79372,-73.93552,1036.0,5.0,18.0,0.0273972602739726,10360.0,254338.0
18777112,Fabulous  brand new 1BR across park in Manhattan,Manhattan,East Harlem,40.79372,-73.93552,1036.0,5.0,18.0,0.0273972602739726,10360.0,254338.0
41125379,Spacious bedroom,Brooklyn,Flatbush,40.65309,-73.95523,1132.0,5.0,73.0,0.08493150684931507,35092.0,254134.0
55439890,NewPlace 4,Queens,Flushing,40.75778,-73.83353,1070.0,5.0,7.0,0.049315068493150684,19260.0,254125.0
20681994,NewPlace 4,Queens,Flushing,40.75778,-73.83353,1070.0,5.0,7.0,0.049315068493150684,19260.0,254125.0
27164892,Studio w Laundry Minutes from Major Attractions ☆,Manhattan,Midtown,40.74335,-73.98287,1013.0,5.0,3.0,0.0136986301369863,5065.0,253756.49999999997
20786379,AC Hotel New York Downtown-7 Nights Min,Manhattan,Financial District,40.70999,-74.011,1057.0,5.0,9.0,0.043835616438356165,16912.0,253151.5
55544275,AC Hotel New York Downtown-7 Nights Min,Manhattan,Financial District,40.70999,-74.011,1057.0,5.0,9.0,0.043835616438356165,16912.0,253151.5
33335187,Private Bedroom in 2 Floor Artist Space Bedstuy,Brooklyn,Bedford-Stuyvesant,40.68476,-73.91575,998.0,5.0,13.0,0.005479452054794521,1996.0,252992.99999999997
36231448,One-of-a-kind East Village Apt.,Manhattan,East Village,40.72349,-73.97937,1163.0,5.0,8.0,0.10410958904109589,44194.0,252952.49999999994
47063156,Tiny homes on water,Brooklyn,Mill Basin,40.60903,-73.91846,1009.0,5.0,5.0,0.0136986301369863,5045.0,252754.49999999997
15491479,Tiny homes on water,Brooklyn,Mill Basin,40.60903,-73.91846,1009.0,5.0,5.0,0.0136986301369863,5045.0,252754.49999999997
34978832,"Placid Solo Room, good for WFH & near 7 Train",Queens,Long Island City,40.73579,-73.92486,1059.0,5.0,4.0,0.04657534246575343,18003.000000000004,252571.5
12026349,A Discounted room in heart of New York !,Manhattan,Lower East Side,40.71867,-73.98959,1091.0,5.0,46.0,0.06575342465753424,26183.999999999996,252566.5
50589039,A Discounted room in heart of New York !,Manhattan,Lower East Side,40.71867,-73.98959,1091.0,5.0,46.0,0.06575342465753424,26183.999999999996,252566.5
56258399,A Discounted room in heart of New York !,Manhattan,Lower East Side,40.71867,-73.98959,1091.0,5.0,46.0,0.06575342465753424,26183.999999999996,252566.5
43598026,A Discounted room in heart of New York !,Manhattan,Lower East Side,40.71867,-73.98959,1091.0,5.0,46.0,0.06575342465753424,26183.999999999996,252566.5
33767086,Victorian House near Brooklyn College,Brooklyn,East Flatbush,40.64044,-73.94878,1086.0,5.0,130.0,0.06301369863013699,24978.000000000004,252495.0
24448680,Two Bedrooms Tonhouse,Manhattan,Harlem,40.80598,-73.94792,1067.0,5.0,16.0,0.052054794520547946,20273.0,252345.5
42457526,Two Bedrooms Tonhouse,Manhattan,Harlem,40.80598,-73.94792,1067.0,5.0,16.0,0.052054794520547946,20273.0,252345.5
34177445,Big New York City Suite Near Subway,Brooklyn,Crown Heights,40.66644,-73.92964,1071.0,5.0,158.0,0.0547945205479452,21419.999999999996,252220.5
26420944,Private Room near Times Square 1,Manhattan,Hell's Kitchen,40.76404,-73.98973,1040.0,5.0,5.0,0.03561643835616438,13520.0,252200.0
30572030,Brooklyn Oasis,Brooklyn,Crown Heights,40.67602,-73.93083,1070.0,5.0,18.0,0.0547945205479452,21400.0,251985.0
8000634,Cozy with Great location !!!,Brooklyn,Sheepshead Bay,40.59878,-73.95425,1059.0,5.0,104.0,0.049315068493150684,19062.0,251512.5
35906144,"Lovely, Clean & Spacious. Your Own Woodside Room!",Queens,Woodside,40.74468,-73.9101,1110.0,5.0,3.0,0.07945205479452055,32190.000000000004,251415.0
34370750,Clean and Cozy Room 1 in Brooklyn,Brooklyn,Bedford-Stuyvesant,40.68934,-73.9293,1100.0,5.0,32.0,0.07397260273972603,29700.0,251350.0
14886158,"R#1Very nice, comfortable, quiet and peaceful room",Brooklyn,Brighton Beach,40.57717,-73.9608,1081.0,5.0,7.0,0.06301369863013699,24863.000000000004,251332.5
46457835,"R#1Very nice, comfortable, quiet and peaceful room",Brooklyn,Brighton Beach,40.57717,-73.9608,1081.0,5.0,7.0,0.06301369863013699,24863.000000000004,251332.5
26354115,Modern Home 3 bed/1 bath 10 minutes to Manhattan,Brooklyn,Williamsburg,40.71344,-73.94612,1188.0,5.0,1.0,0.12054794520547946,52272.0,251261.99999999994
36866041,Exclusive Private Boutique Hotel Room at Times SQ,Manhattan,Hell's Kitchen,40.76163,-73.98678,987.0,5.0,3.0,0.0027397260273972603,987.0,251191.5
35335066,BRIGHT QUIET  LRGE 1BR LES/NOHO COOLCOZY - W/ ELVR,Manhattan,Chinatown,40.71612,-73.99629,1133.0,5.0,3.0,0.09315068493150686,38522.0,250959.49999999994
32765214,LOFT STUDIO SUITE,Manhattan,Harlem,40.80683,-73.94574,982.0,5.0,30.0,0.0,0.0,250901.0
33514132,Sean Cozy Room In Brooklyn On A Dead End Block,Brooklyn,East Flatbush,40.64904,-73.93517,1000.0,5.0,83.0,0.0136986301369863,5000.0,250500.0
33089414,"Entire 3 bedroom Duplex in Richmondhill, Queens!",Queens,Richmond Hill,40.69412,-73.82945,980.0,5.0,2.0,0.0,0.0,250390.0
36149708,(2RE) Beautiful Chelsea Studio In Flower District,Manhattan,Chelsea,40.74684,-73.99207,1091.0,5.0,8.0,0.07123287671232877,28366.0,250384.5
37061003,Exclusive Queen Stay  at  SQ Boutique Hotel,Manhattan,Theater District,40.7616,-73.98518,983.0,5.0,2.0,0.0027397260273972603,983.0,250173.49999999997
32045014,Great location one bedroom in Queens,Queens,Astoria,40.76777,-73.92523,1193.0,5.0,10.0,0.12602739726027398,54878.00000000001,249933.49999999994
32009667,Like,Brooklyn,Sunset Park,40.64509,-74.00222,982.0,5.0,66.0,0.0027397260273972603,981.9999999999999,249919.0
33737814,1 Bedroom Studio in Midtown NYC,Manhattan,Midtown,40.75368,-73.9714,1022.0,5.0,1.0,0.030136986301369864,11242.0,249879.0
25878585,Newly renovated Spacious 4 bedroom flat!,Brooklyn,Cypress Hills,40.67815,-73.86584,985.0,5.0,2.0,0.005479452054794521,1970.0,249697.5
28539014,"Beautiful, clean, Spacious room in Bushwick",Brooklyn,Bushwick,40.70286,-73.91902,1175.0,5.0,5.0,0.1178082191780822,50524.99999999999,249687.5
16433703,"Modern Chic, Pvt Gardn, 2 Stops to NYC, Brooklyn",Brooklyn,Sunset Park,40.65602,-74.00509,1017.0,5.0,25.0,0.0273972602739726,10169.999999999998,249673.5
15949336,Morden Corner Lux Apartment w/ River & City view,Manhattan,Upper West Side,40.77158,-73.98976,977.0,5.0,2.0,0.0,0.0,249623.5
2580362,Only 10 mins to CENTRAL PARK! :),Manhattan,Harlem,40.82184,-73.95031,1004.0,5.0,152.0,0.019178082191780823,7028.000000000001,249493.99999999997
31253569,Private room in Borough Park near D line,Brooklyn,Borough Park,40.6424,-73.99569,1050.0,5.0,1.0,0.049315068493150684,18900.0,249375.0
36864384,Large (Post Covid) family get away in NYC!!,Manhattan,Upper West Side,40.78958,-73.96861,1003.0,5.0,1.0,0.019178082191780823,7021.0,249245.49999999997
33958734,Lovely 2-bedroom unit with deck.,Bronx,North Riverdale,40.90839,-73.89851,975.0,5.0,1.0,0.0,0.0,249112.5
41497629,Perfect room in between walks&fun in Manhattan,Manhattan,Upper West Side,40.78046,-73.98818,1085.0,5.0,2.0,0.07123287671232877,28209.999999999996,249007.5
52529821,Perfect room in between walks&fun in Manhattan,Manhattan,Upper West Side,40.78046,-73.98818,1085.0,5.0,2.0,0.07123287671232877,28209.999999999996,249007.5
17771926,Perfect room in between walks&fun in Manhattan,Manhattan,Upper West Side,40.78046,-73.98818,1085.0,5.0,2.0,0.07123287671232877,28209.999999999996,249007.5
7607949,EXCELLENT LOCATION near Manhattan!!,Queens,Astoria,40.76354,-73.91789,1119.0,5.0,1.0,0.09041095890410959,36927.0,248977.5
32188060,PERFECTLY LOCATED STUDIO NEXT TO ⭐️ CENTRAL PARK ⭐️,Manhattan,Harlem,40.80399,-73.95362,1104.0,5.0,59.0,0.0821917808219178,33120.0,248952.0
39111141,Boutique and Trendy Chelsea Hotel,Manhattan,Chelsea,40.74882,-73.99476,1194.0,5.0,40.0,0.12876712328767123,56118.0,248949.0
31907492,Newly renovated modern apt! Private apartment!,Brooklyn,Flatlands,40.60973,-73.92804,981.0,5.0,136.0,0.005479452054794521,1962.0000000000002,248683.49999999997
28844988,One Bedroom Apartment minutes from JFK and LGA,Queens,Ozone Park,40.68275,-73.83897,977.0,5.0,69.0,0.0027397260273972603,977.0000000000001,248646.5
33051857,"Montalcino, Self Check-In, 👨🏼‍💻 from home",Brooklyn,East New York,40.66942,-73.87604,1074.0,5.0,30.0,0.06575342465753424,25776.0,248631.0
35826060,Lovely 1 bedroom unit next to NYBG and  Bronx zoo!,Bronx,Allerton,40.8634,-73.86801,973.0,5.0,2.0,0.0,0.0,248601.49999999997
43216387,Modern Luxury 2 Bed/ 2 Bath apartment in Midtown!,Manhattan,Midtown,40.75425,-73.98312,972.0,5.0,4.0,0.0,0.0,248346.0
50207400,Modern Luxury 2 Bed/ 2 Bath apartment in Midtown!,Manhattan,Midtown,40.75425,-73.98312,972.0,5.0,4.0,0.0,0.0,248346.0
11644709,Modern Luxury 2 Bed/ 2 Bath apartment in Midtown!,Manhattan,Midtown,40.75425,-73.98312,972.0,5.0,4.0,0.0,0.0,248346.0
29940751,new york home,Brooklyn,Bath Beach,40.60832,-74.00858,999.0,5.0,153.0,0.019178082191780823,6993.0,248251.49999999997
19438767,Cozy and Clean Park Slope 2 bed Apt. Hidden Gem!,Brooklyn,Sunset Park,40.66073,-73.98983,971.0,5.0,23.0,0.0,0.0,248090.49999999997
20524589,J- HOTEL STYLE SHARE ROOM FOR 2PPL FREE CABLE WIFI,Queens,South Ozone Park,40.67324,-73.7957,971.0,5.0,2.0,0.0,0.0,248090.49999999997
54196663,Cozy and Clean Park Slope 2 bed Apt. Hidden Gem!,Brooklyn,Sunset Park,40.66073,-73.98983,971.0,5.0,23.0,0.0,0.0,248090.49999999997
55282485,J- HOTEL STYLE SHARE ROOM FOR 2PPL FREE CABLE WIFI,Queens,South Ozone Park,40.67324,-73.7957,971.0,5.0,2.0,0.0,0.0,248090.49999999997
30334541,Sonder Battery Park | Two-Bedroom Apartment,Manhattan,Financial District,40.70446,-74.01582,990.0,5.0,70.0,0.0136986301369863,4950.0,247995.0
33206501,Newly Renovated One Bedroom Apartment,Queens,Ozone Park,40.68424,-73.83752,1119.0,5.0,9.0,0.09315068493150686,38046.00000000001,247858.5
25989045,Sharing Bunk Beds with Backpacking and Couchsurfer,Manhattan,East Harlem,40.79905,-73.94453,970.0,5.0,1.0,0.0,0.0,247835.0
2963106,Charming West Village One Bedroom,Manhattan,West Village,40.73236,-74.00353,1099.0,5.0,4.0,0.0821917808219178,32970.0,247824.5
36228135,Private 1-bedroom with backyard,Brooklyn,Flatbush,40.65174,-73.95512,980.0,5.0,4.0,0.00821917808219178,2939.9999999999995,247450.0
32791724,"Cozy basement with open design, separate entrance",Queens,St. Albans,40.70103,-73.7526,1064.0,5.0,22.0,0.06301369863013699,24472.0,247380.0
35458781,50% Discount Beautiful Room / Next to Subway,Queens,Astoria,40.75702,-73.91682,1092.0,5.0,120.0,0.07945205479452055,31668.0,247338.0
4759738,"Brooklyn.  Room,  private bath & private entrance",Brooklyn,Sunset Park,40.64605,-74.00338,1028.0,5.0,16.0,0.0410958904109589,15420.0,247233.99999999994
9755291,Beautiful Tranquil Bright Prime Location 1 bedroom,Brooklyn,Prospect Heights,40.67764,-73.9647,1086.0,5.0,8.0,0.07671232876712329,30408.0,247065.0
48317982,Beautiful Tranquil Bright Prime Location 1 bedroom,Brooklyn,Prospect Heights,40.67764,-73.9647,1086.0,5.0,8.0,0.07671232876712329,30408.0,247065.0
33889696,NYC Convenient location. Free St. parking,Queens,Sunnyside,40.74943,-73.91551,990.0,5.0,7.0,0.01643835616438356,5940.0,247005.0
26158601,Home McDonald,Queens,Jackson Heights,40.756,-73.87756,1006.0,5.0,1.0,0.0273972602739726,10060.0,246972.99999999997
56411938,Your point in Chelsea,Manhattan,Chelsea,40.74183,-73.99997,1190.0,5.0,124.0,0.13150684931506848,57119.99999999999,246925.0
50742579,Your point in Chelsea,Manhattan,Chelsea,40.74183,-73.99997,1190.0,5.0,124.0,0.13150684931506848,57119.99999999999,246925.0
12179888,Your point in Chelsea,Manhattan,Chelsea,40.74183,-73.99997,1190.0,5.0,124.0,0.13150684931506848,57119.99999999999,246925.0
43751565,Your point in Chelsea,Manhattan,Chelsea,40.74183,-73.99997,1190.0,5.0,124.0,0.13150684931506848,57119.99999999999,246925.0
38580933,Big Spacious room in trendy East Williamsburg,Brooklyn,Bushwick,40.70167,-73.93387,1018.0,5.0,1.0,0.03561643835616438,13233.999999999998,246864.99999999997
6021743,Park Slope Brooklyn for July,Brooklyn,South Slope,40.6648,-73.98044,1018.0,5.0,1.0,0.03561643835616438,13233.999999999998,246864.99999999997
49715853,Beautiful 1 Bedroom  NYC Apartment - River Views!,Manhattan,Hell's Kitchen,40.76082,-73.99937,966.0,5.0,1.0,0.0,0.0,246812.99999999997
11153162,Beautiful 1 Bedroom  NYC Apartment - River Views!,Manhattan,Hell's Kitchen,40.76082,-73.99937,966.0,5.0,1.0,0.0,0.0,246812.99999999997
28450094,Astoria luxury suite 4A,Queens,Astoria,40.76842,-73.92357,966.0,5.0,7.0,0.0,0.0,246812.99999999997
34530364,Exposed Brick New York Styled apt in Bushwick,Brooklyn,Bushwick,40.69232,-73.90985,1079.0,5.0,11.0,0.07397260273972603,29133.0,246551.5
21697674,La Grand BnB near JFK,Queens,Jamaica,40.67352,-73.77957,1038.0,5.0,24.0,0.049315068493150684,18684.0,246524.99999999994
32337733,Charming Queen Suite 55th&Fifth Ave Boutique Hotel,Manhattan,Midtown,40.7637,-73.97722,1038.0,5.0,23.0,0.049315068493150684,18684.0,246524.99999999994
32283608,FIVE STAR Airbnb bronx,Bronx,Wakefield,40.90229,-73.84239,988.0,5.0,34.0,0.01643835616438356,5927.999999999999,246505.99999999997
23741184,Live Like a New Yorker,Manhattan,Midtown,40.75741,-73.96372,1128.0,5.0,8.0,0.10136986301369863,41736.0,246467.99999999994
21551867,Awesome space on your own floor with a PrivateBath,Brooklyn,Bay Ridge,40.63766,-74.02626,976.0,5.0,1.0,0.00821917808219178,2927.9999999999995,246439.99999999997
54497114,1 BED and FUTON -SUNNY ROOM  - PRIME WILLIAMSBURG,Brooklyn,Williamsburg,40.7116,-73.95606,972.0,5.0,43.0,0.005479452054794521,1944.0000000000002,246402.0
19739218,1 BED and FUTON -SUNNY ROOM  - PRIME WILLIAMSBURG,Brooklyn,Williamsburg,40.7116,-73.95606,972.0,5.0,43.0,0.005479452054794521,1944.0000000000002,246402.0
2530655,Bright Studio Apt on Prospect Park,Brooklyn,Prospect-Lefferts Gardens,40.66021,-73.96107,1020.0,5.0,19.0,0.038356164383561646,14280.000000000002,246330.0
35263267,Beautiful luxuries 2 bdr apt in Bedford-stuyvesant,Brooklyn,Bedford-Stuyvesant,40.67987,-73.95073,964.0,5.0,3.0,0.0,0.0,246301.99999999997
8738507,"Bright, Spacious Alcove 1 Bedroom",Manhattan,Greenwich Village,40.7276,-74.00075,975.0,5.0,47.0,0.00821917808219178,2925.0,246187.5
2194856,Charming Apt. In Brooklyn Townhouse,Brooklyn,Bedford-Stuyvesant,40.68364,-73.92638,1096.0,5.0,200.0,0.08493150684931507,33976.0,246052.0
45836498,"2 beds in nice rooms, JFK&LGA 15 minutes",Queens,Briarwood,40.70988,-73.80691,963.0,5.0,38.0,0.0,0.0,246046.49999999997
14264821,"2 beds in nice rooms, JFK&LGA 15 minutes",Queens,Briarwood,40.70988,-73.80691,963.0,5.0,38.0,0.0,0.0,246046.49999999997
3825798,Per/night Room Brklyn New York,Brooklyn,Crown Heights,40.66709,-73.9514,1040.0,5.0,27.0,0.052054794520547946,19760.0,245960.0
28385475,"LGA, CitiField, JFK,Manhattan+tv (RM#1)",Queens,East Elmhurst,40.77106,-73.87285,1010.0,5.0,348.0,0.03287671232876712,12119.999999999998,245935.0
6683951,Putnam Garden -2BDR Garden Apt,Brooklyn,Bedford-Stuyvesant,40.68439,-73.95231,962.0,5.0,106.0,0.0,0.0,245791.0
28466110,Lovely private room in a shared apartment.,Bronx,Mount Eden,40.84227723,-73.91543341,962.0,5.0,3.0,0.0,0.0,245791.0
32624377,Brighton Beach Studio with balcony walk to Ocean,Brooklyn,Brighton Beach,40.57877,-73.96417,1154.0,5.0,5.0,0.1178082191780822,49622.0,245225.0
24139392,94TH STREET 3BR-3BA SUITE WITH DOORMAN-GYM,Manhattan,Upper East Side,40.78399,-73.94725,1050.0,5.0,1.0,0.06027397260273973,23100.0,245175.0
42148238,94TH STREET 3BR-3BA SUITE WITH DOORMAN-GYM,Manhattan,Upper East Side,40.78399,-73.94725,1050.0,5.0,1.0,0.06027397260273973,23100.0,245175.0
55385765,Morning Glory,Brooklyn,Crown Heights,40.66957,-73.92179,982.0,5.0,15.0,0.01643835616438356,5891.999999999999,245009.0
20627869,Morning Glory,Brooklyn,Crown Heights,40.66957,-73.92179,982.0,5.0,15.0,0.01643835616438356,5891.999999999999,245009.0
29131632,Upper Manhattan Brownstone | Perfect for Families,Manhattan,Harlem,40.82361,-73.9451,1192.0,5.0,20.0,0.136986301369863,59600.0,244956.0
32095274,An amazingly comfortable room!,Brooklyn,Bushwick,40.6851,-73.91076,1066.0,5.0,2.0,0.07123287671232877,27716.0,244647.0
33918416,Private room in Vintage Brooklyn Charm. Own entry.,Brooklyn,East New York,40.66996,-73.89076,1061.0,5.0,6.0,0.0684931506849315,26525.0,244560.5
8716415,Big Sunny 3rd fl Room at Brooklyn&Breakfast,Brooklyn,Prospect Heights,40.67897,-73.9709,1012.0,5.0,238.0,0.038356164383561646,14168.0,244398.0
47344277,Near Subway Two Single Beds or One Queen Bed,Brooklyn,Midwood,40.61193,-73.96259,960.0,5.0,3.0,0.0027397260273972603,960.0,244320.0
15772600,Near Subway Two Single Beds or One Queen Bed,Brooklyn,Midwood,40.61193,-73.96259,960.0,5.0,3.0,0.0027397260273972603,960.0,244320.0
25505230,Great Eclectic Studio Apt in Brooklyn !!!!!!,Brooklyn,Flatbush,40.65188,-73.95649,967.0,5.0,2.0,0.00821917808219178,2900.9999999999995,244167.5
26594366,Yellow Room,Brooklyn,Bedford-Stuyvesant,40.6847,-73.93494,1019.0,5.0,4.0,0.043835616438356165,16304.0,244050.49999999997
56652189,"Sixth Ave Chelsea, 1bd Serviced Apartment",Manhattan,Chelsea,40.74613,-73.99178,982.0,5.0,1.0,0.019178082191780823,6874.000000000001,244027.0
43991816,"Sixth Ave Chelsea, 1bd Serviced Apartment",Manhattan,Chelsea,40.74613,-73.99178,982.0,5.0,1.0,0.019178082191780823,6874.000000000001,244027.0
12420139,"Sixth Ave Chelsea, 1bd Serviced Apartment",Manhattan,Chelsea,40.74613,-73.99178,982.0,5.0,1.0,0.019178082191780823,6874.000000000001,244027.0
50982829,"Sixth Ave Chelsea, 1bd Serviced Apartment",Manhattan,Chelsea,40.74613,-73.99178,982.0,5.0,1.0,0.019178082191780823,6874.000000000001,244027.0
8217688,Spacious and comfortable rm in LIC,Queens,Long Island City,40.7484,-73.94604,1111.0,5.0,59.0,0.09863013698630137,39996.0,243864.5
31412631,Spacious room with easy commute to Grand Central!,Queens,Woodside,40.74527,-73.90885,989.0,5.0,5.0,0.024657534246575342,8901.0,243788.49999999997
13798127,Nice and fully furnished room in Staten Island,Staten Island,Port Richmond,40.63748,-74.13496,1044.0,5.0,63.0,0.06027397260273973,22968.0,243774.0
45369804,Nice and fully furnished room in Staten Island,Staten Island,Port Richmond,40.63748,-74.13496,1044.0,5.0,63.0,0.06027397260273973,22968.0,243774.0
15942708,Single private Bedroom in a beautiful House,Bronx,Clason Point,40.81728,-73.86343,954.0,5.0,5.0,0.0,0.0,243746.99999999997
13684906,Studio in Midtown West ( W48th  Street ),Manhattan,Hell's Kitchen,40.76446,-73.99343,1039.0,5.0,4.0,0.057534246575342465,21819.0,243645.5
45256583,Studio in Midtown West ( W48th  Street ),Manhattan,Hell's Kitchen,40.76446,-73.99343,1039.0,5.0,4.0,0.057534246575342465,21819.0,243645.5
36392720,Beautiful Apartment in NYC,Queens,Elmhurst,40.74554,-73.87677,961.0,5.0,33.0,0.005479452054794521,1922.0,243613.49999999997
14218427,Cute Room in Renovated Spacious LES/Chinatown Apt,Manhattan,Lower East Side,40.71453,-73.98679,1178.0,5.0,72.0,0.13424657534246576,57722.0,243256.99999999994
45790105,Cute Room in Renovated Spacious LES/Chinatown Apt,Manhattan,Lower East Side,40.71453,-73.98679,1178.0,5.0,72.0,0.13424657534246576,57722.0,243256.99999999994
42631501,LARGE PRIVATE ROOM IN GREAT NEIGHBORHOOD! UES.,Manhattan,Upper East Side,40.77927,-73.95165,1118.0,5.0,10.0,0.10410958904109589,42484.0,243164.99999999994
24622655,LARGE PRIVATE ROOM IN GREAT NEIGHBORHOOD! UES.,Manhattan,Upper East Side,40.77927,-73.95165,1118.0,5.0,10.0,0.10410958904109589,42484.0,243164.99999999994
2450571,Room in lovely E.Village triplex,Manhattan,East Village,40.72383,-73.9829,1068.0,5.0,90.0,0.07671232876712329,29904.0,242969.99999999994
52327127,Great place! Great location! Great price!,Brooklyn,Flatbush,40.65175,-73.96408,1045.0,5.0,4.0,0.06301369863013699,24035.0,242962.5
17569231,Great place! Great location! Great price!,Brooklyn,Flatbush,40.65175,-73.96408,1045.0,5.0,4.0,0.06301369863013699,24035.0,242962.5
40760308,**Caribbean Blush-8 mins to JFK**,Queens,Jamaica,40.68542,-73.7926,1009.0,5.0,179.0,0.0410958904109589,15135.0,242664.49999999997
45304633,Bushwick Chef's house,Brooklyn,Bushwick,40.69445,-73.91161,1095.0,5.0,22.0,0.09315068493150686,37230.0,242542.5
13732956,Bushwick Chef's house,Brooklyn,Bushwick,40.69445,-73.91161,1095.0,5.0,22.0,0.09315068493150686,37230.0,242542.5
21518729,Huge private room!,Brooklyn,Bedford-Stuyvesant,40.69746,-73.9454,972.0,5.0,19.0,0.01643835616438356,5832.0,242514.0
22612835,Townhouse for 12 close to the city & w free gym,Brooklyn,Bushwick,40.68162,-73.90593,1042.0,5.0,8.0,0.06301369863013699,23966.0,242265.0
6233274,"Spacious Room in Creative Neighborhood, JMZ line",Brooklyn,Bushwick,40.69622,-73.93394,1119.0,5.0,1.0,0.10684931506849316,43641.0,242263.5
31166857,NYC Midtown East 1BD/1BA w W/D by Boomerang,Manhattan,Midtown,40.75227,-73.96552,1003.0,5.0,1.0,0.038356164383561646,14042.0,242224.49999999997
10102688,Cozy Apartment in Bed-Stuy,Brooklyn,Bedford-Stuyvesant,40.68604,-73.95375,1050.0,5.0,7.0,0.0684931506849315,26250.0,242025.0
48665378,Cozy Apartment in Bed-Stuy,Brooklyn,Bedford-Stuyvesant,40.68604,-73.95375,1050.0,5.0,7.0,0.0684931506849315,26250.0,242025.0
29682275,Awesome Room 20 minutes Away from Times Square,Queens,Ditmars Steinway,40.77195,-73.91772,947.0,5.0,20.0,0.0,0.0,241958.5
24989934,Clean and comfortable private room in NYC,Bronx,Parkchester,40.83938,-73.85708,997.0,5.0,10.0,0.03561643835616438,12961.000000000002,241772.5
6544771,Light-filled cozy Greenpoint Brooklyn two bedroom,Brooklyn,Greenpoint,40.72446,-73.94008,1030.0,5.0,4.0,0.057534246575342465,21630.0,241535.0
34134365,Astoria 48 street and 30 ave ny,Queens,Astoria,40.76063,-73.9096,960.0,5.0,73.0,0.010958904109589041,3840.0,241440.0
35537207,# 2 One Lexury Bedroom close to JFK AIRPORT,Queens,Springfield Gardens,40.664089,-73.754173,943.0,5.0,9.0,0.0,0.0,240936.49999999997
35537207,# 2 One Lexury Bedroom close to JFK AIRPORT,Queens,Springfield Gardens,40.664089,-73.754173,943.0,5.0,9.0,0.0,0.0,240936.49999999997
24111777,Eldridge Refined,Manhattan,Chinatown,40.71612,-73.99273,1123.0,5.0,5.0,0.11232876712328767,46043.0,240883.49999999994
42120623,Eldridge Refined,Manhattan,Chinatown,40.71612,-73.99273,1123.0,5.0,5.0,0.11232876712328767,46043.0,240883.49999999994
41215956,Beautiful 1 Bedroom + futon,Brooklyn,Columbia St,40.68053,-74.00387,977.0,5.0,15.0,0.024657534246575342,8793.0,240830.5
7359414,CLASSIC BEDROOM CLOSE TO MANHATTAN,Queens,Astoria,40.76783,-73.92316,969.0,5.0,143.0,0.019178082191780823,6783.000000000001,240796.49999999997
32283056,Private Charm Standard at Times SQ Boutique Hotel,Manhattan,Hell's Kitchen,40.76143,-73.98686,957.0,5.0,10.0,0.010958904109589041,3828.0,240685.5
34775033,Beautiful Private Room with King Bed,Manhattan,Harlem,40.82202,-73.95601,942.0,5.0,3.0,0.0,0.0,240681.0
6772871,Luxury  suite.(private),Brooklyn,Bensonhurst,40.61059,-74.00602,972.0,5.0,287.0,0.021917808219178082,7776.000000000001,240570.0
38404749,Spacious 1 bedroom in luxe building,Manhattan,Harlem,40.81317,-73.95465,1121.0,5.0,98.0,0.11232876712328767,45961.0,240454.5
23397653,"Kozzy in Clinton Hill Brooklyn, NY,",Brooklyn,Bedford-Stuyvesant,40.68617,-73.95927,941.0,5.0,3.0,0.0,0.0,240425.49999999997
15295412,Summer vibes,Bronx,Unionport,40.83121,-73.8483,1034.0,5.0,1.0,0.06301369863013699,23782.0,240405.0
46867090,Summer vibes,Bronx,Unionport,40.83121,-73.8483,1034.0,5.0,1.0,0.06301369863013699,23782.0,240405.0
28904637,"Beautiful one bedroom in Manhattan, East Village",Manhattan,Stuyvesant Town,40.7306,-73.97972,1056.0,5.0,3.0,0.07671232876712329,29568.000000000004,240240.0
32262068,Beautiful Room with 1 Bed in Williamsburg,Brooklyn,Williamsburg,40.70906,-73.9422,1033.0,5.0,23.0,0.06301369863013699,23759.000000000004,240172.49999999994
32737599,💋 GLAMOROUS CONDO 👫 8 MIN WALK TO MAIN ST,Queens,Flushing,40.76063,-73.82298,1130.0,5.0,4.0,0.1178082191780822,48590.0,240125.0
1448699,Carroll Gardens Gem-2BD with Garden,Brooklyn,Carroll Gardens,40.68128,-73.99522,1135.0,5.0,121.0,0.12054794520547946,49940.0,240052.5
28997975,One Lovely bedroom with full size bed unit,Queens,Cambria Heights,40.70037896,-73.74797525,939.0,5.0,3.0,0.0,0.0,239914.49999999997
32741465,Brand New Duplex 3BR~W/D in the unit.,Manhattan,Upper East Side,40.77049,-73.9585,1098.0,5.0,7.0,0.10136986301369863,40626.0,239912.99999999994
31237552,Cute Plant Themed Bedroom,Bronx,Port Morris,40.80537,-73.92174,973.0,5.0,53.0,0.024657534246575342,8757.0,239844.49999999997
38188247,★Deluxe En-Suite Room with 2 Full Beds ★,Queens,Long Island City,40.75566,-73.94048,938.0,5.0,17.0,0.0,0.0,239658.99999999997
1713251,"View of skyline w roof deck, perfect for families!",Brooklyn,Gowanus,40.68251,-73.98486,972.0,5.0,57.0,0.024657534246575342,8748.0,239598.0
31583844,Private Bathroom in every room,Brooklyn,Bedford-Stuyvesant,40.69532,-73.94005,1137.0,5.0,3.0,0.1232876712328767,51165.0,239338.5
27421711,Lovely 2 bed 2 bath home - Upper East Side,Manhattan,Upper East Side,40.7789,-73.95554,1170.0,5.0,1.0,0.13972602739726028,59670.00000000001,239265.0
15112601,Urban Fun House in Heart of Williamsburg Brooklyn!,Brooklyn,Williamsburg,40.71394,-73.95669,1105.0,5.0,9.0,0.10684931506849316,43095.00000000001,239232.5
46684278,Urban Fun House in Heart of Williamsburg Brooklyn!,Brooklyn,Williamsburg,40.71394,-73.95669,1105.0,5.0,9.0,0.10684931506849316,43095.00000000001,239232.5
37746407,Harlem Get Away,Manhattan,East Harlem,40.80796,-73.9402,936.0,5.0,88.0,0.0,0.0,239147.99999999997
25990150,BROOKLYN GROUP ROOM,Brooklyn,Bedford-Stuyvesant,40.68633,-73.93805,936.0,5.0,6.0,0.0,0.0,239147.99999999997
36985890,Location  Queen Elena,Queens,Maspeth,40.73931,-73.89989,1051.0,5.0,5.0,0.07671232876712329,29428.0,239102.5
2858721,Cozy 2BD APT close to subway,Brooklyn,Bedford-Stuyvesant,40.68631,-73.95575,1051.0,5.0,237.0,0.07671232876712329,29428.0,239102.5
21618143,Newly Renovated Spacious 2 Bedroom Apartment!,Staten Island,Randall Manor,40.62743,-74.12261,1037.0,5.0,12.0,0.0684931506849315,25925.0,239028.5
7916684,Beautiful apt 2 blocks from Central Park,Manhattan,East Harlem,40.79686,-73.9459,1059.0,5.0,5.0,0.0821917808219178,31770.0,238804.5
29791078,Large one bedroom in NYC by Columbia Presbyterian,Manhattan,Washington Heights,40.84291,-73.94269,1054.0,5.0,1.0,0.07945205479452055,30566.000000000004,238731.0
29643062,Beautiful Loft Suite in Greenpoint,Brooklyn,Greenpoint,40.7291,-73.94463,1049.0,5.0,39.0,0.07671232876712329,29372.000000000004,238647.5
28541776,Shoreham Hotel - Modern Studio near Times Square,Manhattan,Midtown,40.76301,-73.97743,941.0,5.0,1.0,0.005479452054794521,1882.0000000000002,238543.49999999997
4966298,2 BEDROOM IN MIDTOWN EAST,Manhattan,Midtown,40.75239,-73.9707,1195.0,5.0,169.0,0.15342465753424658,66920.0,238402.5
3411573,October SPECIAL!! Enjoy the Holiday in NYC! Sale!,Manhattan,Battery Park City,40.71097,-74.01658,970.0,5.0,46.0,0.0273972602739726,9700.0,238135.0
25139055,LOVELY 1 BED ROOM 10 MIN FR JFK WITH PRIVATE PORCH,Queens,St. Albans,40.68687,-73.76809,932.0,5.0,12.0,0.0,0.0,238126.0
36210461,Private ROOM with Two Beds in Manhattan,Manhattan,Hell's Kitchen,40.75614,-73.99546,933.0,5.0,1.0,0.0027397260273972603,932.9999999999999,237448.49999999997
31885400,Sunny park-view room in Harlem brownstone,Manhattan,Harlem,40.81967,-73.94736,1039.0,5.0,27.0,0.07397260273972603,28053.0,237411.5
35422329,Sunny and comfortable-EntireApartment,Brooklyn,Bay Ridge,40.62374,-74.02876,1144.0,5.0,28.0,0.13150684931506848,54912.0,237380.0
28072321,Perfect room in Brooklyn,Brooklyn,Bedford-Stuyvesant,40.69567,-73.93431,940.0,5.0,1.0,0.00821917808219178,2819.9999999999995,237350.0
36354059,"Luxurious unit of 3 bedrooms, 2 bath/living/Dining",Queens,Ozone Park,40.69037,-73.83862,936.0,5.0,6.0,0.005479452054794521,1872.0,237275.99999999997
53682472,Private room w/ pvt entrance near Times Sq 32C,Manhattan,Hell's Kitchen,40.7551,-73.99651,1106.0,5.0,9.0,0.11232876712328767,45346.0,237237.0
18924576,Private room w/ pvt entrance near Times Sq 32C,Manhattan,Hell's Kitchen,40.7551,-73.99651,1106.0,5.0,9.0,0.11232876712328767,45346.0,237237.0
33733948,Huge master bedroom with KING size bed🛏 near the 🚊,Bronx,Williamsbridge,40.87663,-73.86203,1042.0,5.0,1.0,0.07671232876712329,29176.0,237055.0
32955757,"Huge, peaceful, Cozy private BR near M & J lines🔥",Brooklyn,Bushwick,40.69505,-73.91995,998.0,5.0,6.0,0.049315068493150684,17964.0,237024.99999999997
54265700,Sunny Room in a Cozy & Spacious Apartment,Brooklyn,Sunset Park,40.66236,-73.99037,1028.0,5.0,41.0,0.0684931506849315,25700.0,236953.99999999994
19507804,Sunny Room in a Cozy & Spacious Apartment,Brooklyn,Sunset Park,40.66236,-73.99037,1028.0,5.0,41.0,0.0684931506849315,25700.0,236953.99999999994
36684334,Private Room in Williamsburg!,Brooklyn,Williamsburg,40.715,-73.93842,930.0,5.0,13.0,0.0027397260273972603,930.0,236685.0
36458996,Fully Furnished  2 Bedroom Bronx Apartment,Bronx,Morrisania,40.83383,-73.89947,1192.0,5.0,2.0,0.15616438356164383,67944.0,236612.0
43672034,Private Room for Students/Residents/ 001LL safe area,Staten Island,Arrochar,40.59679,-74.083,996.0,5.0,39.0,0.049315068493150684,17928.0,236549.99999999997
56332407,Private Room for Students/Residents/ 001LL safe area,Staten Island,Arrochar,40.59679,-74.083,996.0,5.0,39.0,0.049315068493150684,17928.0,236549.99999999997
12100357,Private Room for Students/Residents/ 001LL safe area,Staten Island,Arrochar,40.59679,-74.083,996.0,5.0,39.0,0.049315068493150684,17928.0,236549.99999999997
50663047,Private Room for Students/Residents/ 001LL safe area,Staten Island,Arrochar,40.59679,-74.083,996.0,5.0,39.0,0.049315068493150684,17928.0,236549.99999999997
33231355,Private Bdrm/Bathrm. New! Elevator!,Manhattan,East Harlem,40.79128,-73.94125,1168.0,5.0,37.0,0.14520547945205478,61904.0,236519.99999999994
30939310,Cozy Private Bedroom in Charming Brooklyn Apt,Brooklyn,Bedford-Stuyvesant,40.68621,-73.9292,933.0,5.0,7.0,0.005479452054794521,1865.9999999999998,236515.49999999997
21465708,Awesome Room with 2 Beds and Large Closet,Brooklyn,Bedford-Stuyvesant,40.69388,-73.94501,940.0,5.0,19.0,0.010958904109589041,3760.0,236410.0
35061677,Cozy private room with access to backyard,Brooklyn,Bedford-Stuyvesant,40.68578,-73.94338,1067.0,5.0,2.0,0.09315068493150686,36278.00000000001,236340.5
33490384,SUNNY Modern newly renovated 1BR apartment,Manhattan,East Harlem,40.79405,-73.93602,925.0,5.0,39.0,0.0,0.0,236337.5
34108960,"Lovely Queens 3-br, walking distance to A train",Queens,Ozone Park,40.67666,-73.83688,978.0,5.0,11.0,0.038356164383561646,13692.000000000002,236186.99999999997
55283589,J- **LUXURY SHARED ROOM 2PPL FREE WIFI+CABLE+AC,Queens,South Ozone Park,40.67286,-73.79666,924.0,5.0,1.0,0.0,0.0,236081.99999999997
20525693,J- **LUXURY SHARED ROOM 2PPL FREE WIFI+CABLE+AC,Queens,South Ozone Park,40.67286,-73.79666,924.0,5.0,1.0,0.0,0.0,236081.99999999997
26150317,Times Square & Central Park Plus Design,Manhattan,Hell's Kitchen,40.76714,-73.98784,1042.0,5.0,4.0,0.07945205479452055,30218.0,236013.0
27532171,LARGE COZY ROOM FOR 2people +1(child)+AMENITIES ),Brooklyn,Midwood,40.62351,-73.95509,1069.0,5.0,2.0,0.0958904109589041,37415.0,235714.5
23975911,Cozy Room in Ridgewood/Bushwick! 25 Mins to NYC,Queens,Ridgewood,40.70833,-73.91039,1013.0,5.0,3.0,0.06301369863013699,23299.0,235522.49999999997
41984758,Cozy Room in Ridgewood/Bushwick! 25 Mins to NYC,Queens,Ridgewood,40.70833,-73.91039,1013.0,5.0,3.0,0.06301369863013699,23299.0,235522.49999999997
31227058,"Luxury Times Square Suite, 24 /7 Onsite Team",Manhattan,Theater District,40.7572,-73.98509,929.0,5.0,21.0,0.005479452054794521,1858.0,235501.49999999997
54461215,One bedroom with full bed / 1 stop from Manhattan,Queens,Long Island City,40.74565,-73.94699,1053.0,5.0,13.0,0.08767123287671233,33696.0,235345.49999999994
19703319,One bedroom with full bed / 1 stop from Manhattan,Queens,Long Island City,40.74565,-73.94699,1053.0,5.0,13.0,0.08767123287671233,33696.0,235345.49999999994
30247278,"Shoreham Hotel - Convenient, comfortable studio in Midtown Manhattan",Manhattan,Midtown,40.76308,-73.97754,947.0,5.0,2.0,0.019178082191780823,6629.0,235329.5
32379156,Carol's cozy Private Room,Queens,Glendale,40.69786,-73.89351,920.0,5.0,5.0,0.0,0.0,235060.0
54094487,Modern 1BR in Midtown East by Sonder,Manhattan,Murray Hill,40.74419,-73.97186,1042.0,5.0,1.0,0.0821917808219178,31260.0,234971.0
19336591,Modern 1BR in Midtown East by Sonder,Manhattan,Murray Hill,40.74419,-73.97186,1042.0,5.0,1.0,0.0821917808219178,31260.0,234971.0
52253671,"Private room in Queens Village, NY. Near JFK.",Queens,St. Albans,40.70419,-73.75116,977.0,5.0,60.0,0.0410958904109589,14654.999999999998,234968.5
17495776,"Private room in Queens Village, NY. Near JFK.",Queens,St. Albans,40.70419,-73.75116,977.0,5.0,60.0,0.0410958904109589,14654.999999999998,234968.5
29514376,Don Julio,Queens,Rosedale,40.65369,-73.71997,919.0,5.0,4.0,0.0,0.0,234804.49999999997
25086034,Contemporary Brooklyn Lifestyle Apt /JFK Airport 3,Brooklyn,East New York,40.66195,-73.8936,968.0,5.0,1.0,0.03561643835616438,12584.0,234739.99999999997
17305232,90 Washington top building with spectacular views.,Manhattan,Financial District,40.70853,-74.01436,922.0,5.0,1.0,0.0027397260273972603,922.0,234649.0
52063128,90 Washington top building with spectacular views.,Manhattan,Financial District,40.70853,-74.01436,922.0,5.0,1.0,0.0027397260273972603,922.0,234649.0
24090790,1-Bedroom Newly Renovated Cozy Apartment,Staten Island,Arden Heights,40.54857,-74.17628,1136.0,5.0,3.0,0.13424657534246576,55664.0,234584.0
42099636,1-Bedroom Newly Renovated Cozy Apartment,Staten Island,Arden Heights,40.54857,-74.17628,1136.0,5.0,3.0,0.13424657534246576,55664.0,234584.0
2786370,2 floor loft in Gramercy park,Manhattan,Kips Bay,40.73772,-73.98025,963.0,5.0,9.0,0.03287671232876712,11556.0,234490.49999999997
30468750,"Great 1 bedroom in a bright & clean, spacious unit",Brooklyn,Bedford-Stuyvesant,40.67824,-73.93915,1030.0,5.0,13.0,0.07671232876712329,28840.0,234325.0
16816447,Newly renovated 3 BEDROOM in Astoria woodside NY,Queens,Astoria,40.76403,-73.90612,1186.0,5.0,69.0,0.1589041095890411,68788.0,234235.0
37345438,Lofted Bed in Brooklyn Bunkroom for Men,Brooklyn,Greenpoint,40.72488,-73.94336,1062.0,5.0,36.0,0.0958904109589041,37170.0,234171.0
8540783,Great room,Queens,Springfield Gardens,40.67035,-73.7541,1015.0,5.0,212.0,0.0684931506849315,25375.0,233957.5
38500297,"3BR - Apartment w/ WiFi, Smart TV & Self Check-in",Brooklyn,East New York,40.67492,-73.89351,945.0,5.0,24.0,0.021917808219178082,7560.0,233887.5
33771504,Three bedroom house in Forest Hills NY,Queens,Forest Hills,40.72,-73.85109,945.0,5.0,14.0,0.021917808219178082,7560.0,233887.5
4535504,Quiet and cozy 2BR. Great location!,Manhattan,Morningside Heights,40.8104,-73.95977,1166.0,5.0,6.0,0.1506849315068493,64129.99999999999,233783.0
32864628,Bed and Breakfast comme a la maison,Bronx,Unionport,40.82914,-73.85473,918.0,5.0,112.0,0.0027397260273972603,918.0,233630.99999999997
37400115,Townhouse in beautiful brownstone area!,Brooklyn,Boerum Hill,40.68516,-73.98581,1026.0,5.0,5.0,0.07671232876712329,28728.0,233414.99999999997
13983700,The Diamond Room,Manhattan,East Harlem,40.80244,-73.94409,1008.0,5.0,11.0,0.06575342465753424,24192.0,233351.99999999997
45555377,The Diamond Room,Manhattan,East Harlem,40.80244,-73.94409,1008.0,5.0,11.0,0.06575342465753424,24192.0,233351.99999999997
32223407,Sunny Sanctuary Room+Prospect Pk/Trains (New AC!),Brooklyn,Flatbush,40.6539,-73.96121,1030.0,5.0,44.0,0.07945205479452055,29870.0,233295.0
33960391,Beautiful private room with backyard!,Brooklyn,Crown Heights,40.67314,-73.92942,912.0,5.0,1.0,0.0,0.0,233016.0
28779817,10 minutes from JFK Airport Rockaway Beach Bliss,Queens,Edgemere,40.59643,-73.76932,964.0,5.0,85.0,0.038356164383561646,13496.000000000002,232805.99999999997
32368662,Blue Moon Hotel | Lovely Double Queen with Balcony,Manhattan,Lower East Side,40.71812,-73.99076,956.0,5.0,4.0,0.03287671232876712,11471.999999999998,232785.99999999997
3473431,Sunny and Spacious apt in Bushwick,Brooklyn,Bushwick,40.69158,-73.92115,1041.0,5.0,10.0,0.08767123287671233,33312.0,232663.5
6501139,"Quiet, sunny, renovated",Manhattan,Harlem,40.82883,-73.94468,1013.0,5.0,22.0,0.07123287671232877,26338.0,232483.49999999997
28868185,Near Airport LGA Comfortable! Bright Self Check-in,Queens,East Elmhurst,40.76544,-73.87717,909.0,5.0,100.0,0.0,0.0,232249.49999999997
30770306,Private Room with Bed + Futon - Prime Williamsburg,Brooklyn,Williamsburg,40.71046,-73.9621,1025.0,5.0,47.0,0.07945205479452055,29725.0,232162.5
39805382,Stylish Room-Artist/Designers' Flat,Brooklyn,Bedford-Stuyvesant,40.6943,-73.94538,1007.0,5.0,32.0,0.0684931506849315,25175.0,232113.5
31042590,"Sohotel, Premium King",Manhattan,Little Italy,40.71933,-73.994843,1047.0,5.0,105.0,0.09315068493150686,35598.0,231910.5
21204470,Doris’s Fresh House,Queens,College Point,40.79439,-73.84675,1047.0,5.0,19.0,0.09315068493150686,35598.0,231910.5
55962366,Doris’s Fresh House,Queens,College Point,40.79439,-73.84675,1047.0,5.0,19.0,0.09315068493150686,35598.0,231910.5
2904010,Cozy room in NYC 5,Manhattan,Harlem,40.82078,-73.93771,929.0,5.0,19.0,0.01643835616438356,5573.999999999999,231785.49999999997
21949523,Near 5 major trains in 1 subway station!,Brooklyn,Bedford-Stuyvesant,40.67773,-73.90865,914.0,5.0,4.0,0.005479452054794521,1828.0,231698.99999999997
33187723,Cozy Room Close to Yankee Stadium and City,Bronx,Mount Hope,40.84534,-73.9042,967.0,5.0,7.0,0.043835616438356165,15472.0,231596.5
34107303,Lovery condo with patio for 4 people,Brooklyn,Cypress Hills,40.68556,-73.87445,967.0,5.0,8.0,0.043835616438356165,15472.0,231596.5
43205893,YOUR HOME AWAY FROM HOME -- NYC WELCOMES YOU!,Brooklyn,Flatbush,40.64747,-73.96171,1027.0,5.0,65.0,0.0821917808219178,30809.999999999996,231588.5
11634216,YOUR HOME AWAY FROM HOME -- NYC WELCOMES YOU!,Brooklyn,Flatbush,40.64747,-73.96171,1027.0,5.0,65.0,0.0821917808219178,30809.999999999996,231588.5
50196906,YOUR HOME AWAY FROM HOME -- NYC WELCOMES YOU!,Brooklyn,Flatbush,40.64747,-73.96171,1027.0,5.0,65.0,0.0821917808219178,30809.999999999996,231588.5
6409458,Studio in the Heart of Wall Street,Manhattan,Financial District,40.70552,-74.00841,947.0,5.0,3.0,0.030136986301369864,10417.0,231541.5
8690457,Clinton Hill - pied-à-terre,Brooklyn,Clinton Hill,40.68895,-73.96489,927.0,5.0,13.0,0.01643835616438356,5562.0,231286.5
30992883,Beautiful Large 2 Bedroom Apartment,Queens,East Elmhurst,40.76381,-73.88527,905.0,5.0,104.0,0.0,0.0,231227.5
20926663,Large Cozy Bedroom 10 mins from Times Sq. 33C3,Manhattan,Hell's Kitchen,40.75584,-73.99559,905.0,5.0,4.0,0.0,0.0,231227.5
55684559,Large Cozy Bedroom 10 mins from Times Sq. 33C3,Manhattan,Hell's Kitchen,40.75584,-73.99559,905.0,5.0,4.0,0.0,0.0,231227.5
37459764,Large New York Private Room Own Bath Near Midtown,Queens,Woodside,40.74468,-73.90795,908.0,5.0,4.0,0.0027397260273972603,908.0,231085.99999999997
25433983,Charming Park Slope 2BR (15 Minutes to Manhattan!),Brooklyn,Gowanus,40.66907,-73.99221,1048.0,5.0,6.0,0.0958904109589041,36680.0,231083.99999999994
26026601,Mini mansion,Brooklyn,Bay Ridge,40.62094,-74.02422,1052.0,5.0,8.0,0.09863013698630137,37872.0,230914.0
36319816,"A gem garden nook on Broadway & 42ST in Queens, NY",Queens,Astoria,40.75725,-73.91811,1015.0,5.0,306.0,0.07671232876712329,28420.0,230912.5
24998219,A Delightful Room,Queens,Briarwood,40.70741,-73.80838,993.0,5.0,11.0,0.06301369863013699,22839.0,230872.49999999997
39550219,Williamsburg Loft!! Bedford L 1blk!,Brooklyn,Williamsburg,40.71714,-73.95447,907.0,5.0,80.0,0.0027397260273972603,907.0,230831.5
22203581,Cozy Room close to Metro,Brooklyn,Bedford-Stuyvesant,40.68811,-73.95627,988.0,5.0,18.0,0.06027397260273973,21736.0,230697.99999999997
6542562,"Sunny, top-floor apt (East Village)",Manhattan,East Village,40.72448,-73.9895,1150.0,5.0,9.0,0.1506849315068493,63250.0,230575.0
47539791,Sunny New Apartment in Artsy Area!,Brooklyn,Bushwick,40.69033,-73.9083,1040.0,5.0,12.0,0.09315068493150686,35360.0,230360.0
8977100,Sunny New Apartment in Artsy Area!,Brooklyn,Bushwick,40.69033,-73.9083,1040.0,5.0,12.0,0.09315068493150686,35360.0,230360.0
12859217,Chelsea Artist's Apartment,Manhattan,Chelsea,40.74353,-73.99709,1084.0,5.0,42.0,0.1178082191780822,46612.0,230350.0
57091267,Chelsea Artist's Apartment,Manhattan,Chelsea,40.74353,-73.99709,1084.0,5.0,42.0,0.1178082191780822,46612.0,230350.0
44430894,Chelsea Artist's Apartment,Manhattan,Chelsea,40.74353,-73.99709,1084.0,5.0,42.0,0.1178082191780822,46612.0,230350.0
51421908,Chelsea Artist's Apartment,Manhattan,Chelsea,40.74353,-73.99709,1084.0,5.0,42.0,0.1178082191780822,46612.0,230350.0
31721919,Spacious and Fancy 1 bedroom in Williamsburg,Brooklyn,Williamsburg,40.71103,-73.95251,1099.0,5.0,44.0,0.12602739726027398,50554.0,230240.5
35339484,Gorgeous room in the heart of Bushwick,Brooklyn,Bushwick,40.70048,-73.91977,1068.0,5.0,2.0,0.1095890410958904,42720.0,230153.99999999994
24914269,Alojamiento Betsaida.,Bronx,Fordham,40.86255,-73.90059,1034.0,5.0,2.0,0.09041095890410959,34122.0,230065.0
29301740,Spacious 2 bedroom apartment rental. By LGA.2nd FL,Queens,East Elmhurst,40.76579,-73.87732,922.0,5.0,17.0,0.01643835616438356,5531.999999999999,230039.0
36397138,Private Room w/ Desk,Brooklyn,Bedford-Stuyvesant,40.6916,-73.9417,1001.0,5.0,1.0,0.07123287671232877,26025.999999999996,229729.49999999997
38246239,Single Room in 2 bedroom apt.,Brooklyn,Bushwick,40.69934,-73.9301,939.0,5.0,54.0,0.030136986301369864,10329.0,229585.49999999997
38974170,Two Bedroom Pied A Terre,Brooklyn,Clinton Hill,40.68939,-73.96474,939.0,5.0,6.0,0.030136986301369864,10329.0,229585.49999999997
6833072,Huge 1 BR entire apt,Queens,Astoria,40.768,-73.92429,935.0,5.0,13.0,0.0273972602739726,9350.0,229542.5
7118611,"Nice small room for 1 person, near Times Square!",Manhattan,Theater District,40.75731,-73.98435,909.0,5.0,122.0,0.00821917808219178,2727.0,229522.49999999997
38179411,"Home For Medical Professionals - ""Xenon""",Brooklyn,East Flatbush,40.65399,-73.93633,1144.0,5.0,1.0,0.1506849315068493,62919.99999999999,229372.0
34918631,🌟 Manhattan Studio next to Central Park,Manhattan,Harlem,40.80378,-73.9552,901.0,5.0,2.0,0.0027397260273972603,901.0000000000001,229304.49999999997
3007842,Sunny & spacious NYC Apartment,Manhattan,East Village,40.72456,-73.98004,1166.0,5.0,25.0,0.16164383561643836,68794.0,229119.0
21107818,NEW- Spacious & Bright Brooklyn 1 Bed,Brooklyn,Bushwick,40.70081,-73.91805,900.0,5.0,20.0,0.0027397260273972603,900.0,229050.0
55865713,NEW- Spacious & Bright Brooklyn 1 Bed,Brooklyn,Bushwick,40.70081,-73.91805,900.0,5.0,20.0,0.0027397260273972603,900.0,229050.0
34871686,Artist/Musician Loft (HUGE space!),Brooklyn,Williamsburg,40.70794,-73.93486,1119.0,5.0,49.0,0.13972602739726028,57069.0,228835.5
38778656,Summer vibes,Bronx,Unionport,40.83121,-73.8483,984.0,5.0,1.0,0.06301369863013699,22632.000000000004,228779.99999999997
7032452,"Large Brooklyn Apt,Private Backyard",Brooklyn,Crown Heights,40.67352,-73.95633,1047.0,5.0,45.0,0.10136986301369863,38739.0,228769.5
20633944,Heights IV,Brooklyn,East Flatbush,40.6624,-73.9329,895.0,5.0,3.0,0.0,0.0,228672.5
55391840,Heights IV,Brooklyn,East Flatbush,40.6624,-73.9329,895.0,5.0,3.0,0.0,0.0,228672.5
7978542,Cozy private room w/ensuite bathroom!!,Brooklyn,Carroll Gardens,40.68378,-73.992,958.0,5.0,2.0,0.04657534246575343,16286.0,228482.99999999997
5303753,Amazing apartment!,Brooklyn,Bedford-Stuyvesant,40.67953,-73.95136,1151.0,5.0,12.0,0.15616438356164383,65607.0,228473.5
33007673,Spacious two bedroom apartment on second floor.,Queens,Flushing,40.7583,-73.80683,946.0,5.0,6.0,0.038356164383561646,13244.000000000002,228458.99999999997
29899329,Private Studio Apartment,Queens,Jamaica,40.68491,-73.79561,897.0,5.0,413.0,0.0027397260273972603,897.0000000000001,228286.5
39099542,Lugar  acogedor y tranquilo,Queens,Astoria,40.76242,-73.9207,896.0,5.0,18.0,0.0027397260273972603,896.0,228031.99999999997
29377958,Amazing 2 Bed Apart. with Beach and garden access,Bronx,Throgs Neck,40.81144307,-73.80412249,1034.0,5.0,1.0,0.0958904109589041,36190.0,227997.0
32456478,Stay in the heart of the East side!,Manhattan,Upper East Side,40.76049,-73.96208,964.0,5.0,83.0,0.052054794520547946,18316.0,227985.99999999997
33014853,"✿ All Female Room, Unisex Apartment,Next to Subway",Brooklyn,Bedford-Stuyvesant,40.68979,-73.95958,892.0,5.0,2.0,0.0,0.0,227906.0
6944084,Lovely Inwood Studio,Manhattan,Inwood,40.85911,-73.928,943.0,5.0,3.0,0.038356164383561646,13202.0,227734.49999999997
5029260,Stylish 1br in Brooklyn Heights,Brooklyn,Brooklyn Heights,40.69482,-73.99222,983.0,5.0,24.0,0.06575342465753424,23591.999999999996,227564.49999999997
23627962,Cozy Private Bedroom in Upper West Side 107,Manhattan,Upper West Side,40.79966,-73.96059,1018.0,5.0,1.0,0.08767123287671233,32576.0,227522.99999999997
21493323,Amazing One Bedroom Apartment in Prime Brooklyn,Brooklyn,Bushwick,40.69327,-73.90773,901.0,5.0,8.0,0.00821917808219178,2703.0,227502.49999999997
30628365,“Beautiful space”  Airport JFK  Medical Student,Queens,Bayswater,40.60737,-73.76558,942.0,5.0,168.0,0.038356164383561646,13188.000000000002,227493.0
1774556,"Spacious apt in South Harlem, steps to subways !",Manhattan,Harlem,40.80352,-73.95127,1027.0,5.0,15.0,0.09315068493150686,34918.0,227480.5
41320893,BAYRIDGE LOVELY ROOM.,Brooklyn,Bay Ridge,40.6328,-74.02748,897.0,5.0,20.0,0.005479452054794521,1794.0000000000002,227389.5
48311354,Superhost-Pristine 4 Bed Legal Townhouse Midtown 1,Manhattan,Hell's Kitchen,40.763,-73.98642,1128.0,5.0,23.0,0.14794520547945206,60912.0,227291.99999999994
9748663,Superhost-Pristine 4 Bed Legal Townhouse Midtown 1,Manhattan,Hell's Kitchen,40.763,-73.98642,1128.0,5.0,23.0,0.14794520547945206,60912.0,227291.99999999994
11075288,Middle Size Room Super Convenient Area: ♥of Bklyn,Brooklyn,Prospect-Lefferts Gardens,40.66291,-73.96257,998.0,5.0,42.0,0.07671232876712329,27944.000000000004,227044.99999999997
49637979,Middle Size Room Super Convenient Area: ♥of Bklyn,Brooklyn,Prospect-Lefferts Gardens,40.66291,-73.96257,998.0,5.0,42.0,0.07671232876712329,27944.000000000004,227044.99999999997
4233396,Very nice studio 15 mins to the heart of Manhattan,Queens,Astoria,40.76386,-73.91002,1039.0,5.0,3.0,0.10136986301369863,38443.0,227021.5
30173270,The Residences at W New York - Downtown - Apt 28H,Manhattan,Financial District,40.705,-74.0162,936.0,5.0,4.0,0.03561643835616438,12168.0,226979.99999999997
21467365,Great New York - korea townPrivate  room 1,Manhattan,Midtown,40.74626,-73.98682,1161.0,5.0,14.0,0.1643835616438356,69659.99999999999,226975.5
30268265,4BR modern home with garden in art live/work bldng,Brooklyn,Bedford-Stuyvesant,40.6827,-73.91899,1173.0,5.0,8.0,0.16986301369863013,72726.0,226975.49999999994
12052307,Nice Space in Williamsburg - Near Bedford L,Brooklyn,Williamsburg,40.71304,-73.96381,1034.0,5.0,120.0,0.09863013698630137,37224.0,226963.0
50614997,Nice Space in Williamsburg - Near Bedford L,Brooklyn,Williamsburg,40.71304,-73.96381,1034.0,5.0,120.0,0.09863013698630137,37224.0,226963.0
56284357,Nice Space in Williamsburg - Near Bedford L,Brooklyn,Williamsburg,40.71304,-73.96381,1034.0,5.0,120.0,0.09863013698630137,37224.0,226963.0
43623984,Nice Space in Williamsburg - Near Bedford L,Brooklyn,Williamsburg,40.71304,-73.96381,1034.0,5.0,120.0,0.09863013698630137,37224.0,226963.0
5714664,"airy, earthy room in artistic apt",Manhattan,Washington Heights,40.85133,-73.93844,993.0,5.0,18.0,0.07397260273972603,26811.0,226900.49999999997
33439572,Beautiful Apartment. Big & Comfortable.,Manhattan,Inwood,40.86347,-73.92624,911.0,5.0,7.0,0.019178082191780823,6377.0,226383.49999999997
16490037,Beautiful bedroom + private bathroom in Bed-Stuy,Brooklyn,Bedford-Stuyvesant,40.69532,-73.93995,886.0,5.0,4.0,0.0,0.0,226372.99999999997
28440152,Luxury 2BR APT w/ Laundry & Close Transport,Brooklyn,Bedford-Stuyvesant,40.67934,-73.92166,1129.0,5.0,29.0,0.1506849315068493,62095.0,226364.5
28481023,FAB Studio W/Private Garden near Central Park !,Manhattan,Upper West Side,40.79426,-73.971,1095.0,5.0,278.0,0.13424657534246576,53655.0,226117.5
25915589,Joy & Gladness double room,Brooklyn,Canarsie,40.63106,-73.89759,885.0,5.0,1.0,0.0,0.0,226117.5
26822466,BROOKLYN 2 BEDROOMS,Brooklyn,Williamsburg,40.71962,-73.9605,912.0,5.0,1.0,0.021917808219178082,7296.0,225720.0
29016201,Romance of the past modern comforts,Brooklyn,Gowanus,40.67149,-73.99151,1052.0,5.0,12.0,0.11232876712328767,43132.0,225654.0
34065328,Brownstone DUPLEX - Near Subway,Brooklyn,Bedford-Stuyvesant,40.68393,-73.91919,919.0,5.0,73.0,0.0273972602739726,9190.0,225614.49999999997
1703862,My Little Guest Room in Flushing,Queens,Flushing,40.75578,-73.81948,919.0,5.0,474.0,0.0273972602739726,9190.0,225614.49999999997
32512813,The Cozy Pelham Home,Bronx,Bronxdale,40.85654,-73.86482,1136.0,5.0,3.0,0.15616438356164383,64752.0,225496.0
10150738,Sunny Bedroom in Harlem,Manhattan,Harlem,40.81834,-73.93929,973.0,5.0,4.0,0.06575342465753424,23351.999999999996,225249.49999999997
48713428,Sunny Bedroom in Harlem,Manhattan,Harlem,40.81834,-73.93929,973.0,5.0,4.0,0.06575342465753424,23351.999999999996,225249.49999999997
20605225,Garden Loft Manhattan Apartment,Manhattan,Harlem,40.81084,-73.94482,1040.0,5.0,9.0,0.10684931506849316,40560.00000000001,225160.0
55363120,Garden Loft Manhattan Apartment,Manhattan,Harlem,40.81084,-73.94482,1040.0,5.0,9.0,0.10684931506849316,40560.00000000001,225160.0
34911451,Cozy bedroom to 20 minut a airport guardia,Queens,East Elmhurst,40.75706,-73.89828,1134.0,5.0,20.0,0.15616438356164383,64638.0,225099.0
41514750,Columbia University Area,Manhattan,Washington Heights,40.83705,-73.93843,972.0,5.0,2.0,0.06575342465753424,23328.0,225018.0
17789047,Columbia University Area,Manhattan,Washington Heights,40.83705,-73.93843,972.0,5.0,2.0,0.06575342465753424,23328.0,225018.0
52546943,Columbia University Area,Manhattan,Washington Heights,40.83705,-73.93843,972.0,5.0,2.0,0.06575342465753424,23328.0,225018.0
55978383,Gem of East New York,Brooklyn,East New York,40.66737,-73.87551,920.0,5.0,1.0,0.030136986301369864,10120.0,224940.0
21220487,Gem of East New York,Brooklyn,East New York,40.66737,-73.87551,920.0,5.0,1.0,0.030136986301369864,10120.0,224940.0
25155624,211 east 34 st Room 1,Brooklyn,East Flatbush,40.65239,-73.94454,951.0,5.0,1.0,0.052054794520547946,18069.0,224911.49999999997
30913904,Comfort & Convenience - BEST PLACE IN ROCKAWAY,Queens,Arverne,40.58855,-73.79407,935.0,5.0,20.0,0.0410958904109589,14024.999999999998,224867.5
42588974,1 Private BR in the heart of Fidi!,Manhattan,Financial District,40.70522,-74.00925,931.0,5.0,6.0,0.038356164383561646,13034.000000000002,224836.49999999997
24580128,1 Private BR in the heart of Fidi!,Manhattan,Financial District,40.70522,-74.00925,931.0,5.0,6.0,0.038356164383561646,13034.000000000002,224836.49999999997
44984299,Private Bedroom in charming 2 Bdrm Duplex,Brooklyn,Bushwick,40.69808,-73.92054,970.0,5.0,4.0,0.06575342465753424,23279.999999999996,224555.0
13412622,Private Bedroom in charming 2 Bdrm Duplex,Brooklyn,Bushwick,40.69808,-73.92054,970.0,5.0,4.0,0.06575342465753424,23279.999999999996,224555.0
15212015,Secret Garden,Brooklyn,East Flatbush,40.63826,-73.93186,1066.0,5.0,21.0,0.1232876712328767,47969.99999999999,224393.0
46783692,Secret Garden,Brooklyn,East Flatbush,40.63826,-73.93186,1066.0,5.0,21.0,0.1232876712328767,47969.99999999999,224393.0
25362737,Master Room in Harlem Duplex,Manhattan,Harlem,40.80514,-73.95561,933.0,5.0,4.0,0.0410958904109589,13994.999999999998,224386.49999999997
29702158,Cozy Studio Apartment,Brooklyn,Midwood,40.61402,-73.95577,885.0,5.0,7.0,0.005479452054794521,1770.0,224347.5
25832192,Are You Ready for Central Park State of Mind?,Manhattan,Midtown,40.76559,-73.97632,973.0,5.0,1.0,0.0684931506849315,24325.0,224276.49999999997
16570673,Modern Studio Queen Room In Gowanus Inn,Brooklyn,Gowanus,40.67893,-73.98365,881.0,5.0,10.0,0.0027397260273972603,881.0,224214.49999999997
32048881,A Comfortable Cozy Bedroom in Brooklyn,Brooklyn,Sheepshead Bay,40.5984,-73.95369,881.0,5.0,2.0,0.0027397260273972603,881.0,224214.49999999997
33004360,Great location 1bed room fast Wi-Fi walk to all,Manhattan,Kips Bay,40.74202,-73.98136,1070.0,5.0,11.0,0.12602739726027398,49220.0,224165.0
6523784,Cosy apartment in Carroll Gardens,Brooklyn,Carroll Gardens,40.68282,-73.99774,1080.0,5.0,2.0,0.13150684931506848,51840.0,224100.0
8764465,Entire Home Cozy Studio on Upper East Side,Manhattan,Upper East Side,40.76443,-73.95833,943.0,5.0,19.0,0.049315068493150684,16974.0,223962.49999999997
54619725,Bright room on Top Floor,Brooklyn,Bedford-Stuyvesant,40.68554,-73.9442,1044.0,5.0,29.0,0.11232876712328767,42803.99999999999,223938.0
19861829,Bright room on Top Floor,Brooklyn,Bedford-Stuyvesant,40.68554,-73.9442,1044.0,5.0,29.0,0.11232876712328767,42803.99999999999,223938.0
20476539,Cozy Room In Brooklyn,Brooklyn,Cypress Hills,40.68064,-73.88285,875.0,5.0,5.0,0.0,0.0,223562.5
55234435,Cozy Room In Brooklyn,Brooklyn,Cypress Hills,40.68064,-73.88285,875.0,5.0,5.0,0.0,0.0,223562.5
3170218,Charming Mid-Century Studio,Brooklyn,Flatbush,40.64815,-73.96486,1115.0,5.0,8.0,0.1506849315068493,61325.0,223557.5
23570523,Columbia & CentralPark Private room!,Manhattan,Harlem,40.80384,-73.95765,918.0,5.0,1.0,0.03287671232876712,11016.0,223532.99999999997
36193340,"Paradise W/Garden, Spa & Massage Table! #10299",Manhattan,Harlem,40.82321,-73.95058,1109.0,5.0,34.0,0.14794520547945206,59886.00000000001,223463.5
54538537,3 BEDS -ROOM IN CONVERTED FACTORY LOFT -NEAR METRO,Brooklyn,Bushwick,40.70458,-73.92753,888.0,5.0,23.0,0.010958904109589041,3552.0000000000005,223331.99999999997
19780641,3 BEDS -ROOM IN CONVERTED FACTORY LOFT -NEAR METRO,Brooklyn,Bushwick,40.70458,-73.92753,888.0,5.0,23.0,0.010958904109589041,3552.0000000000005,223331.99999999997
30128533,Manhattan Studio Apt Queen bed & Sofabed loveseat,Manhattan,Harlem,40.81925,-73.94074,874.0,5.0,56.0,0.0,0.0,223306.99999999997
32545951,❤️❤️7 MINS TO JFK 20 MINS TO LONG/JONES BCH/RR I MIN,Queens,Laurelton,40.67389,-73.75,874.0,5.0,35.0,0.0,0.0,223306.99999999997
18235858,Amazing cozy studio Lower East Side/Soho/Nolita!,Manhattan,Lower East Side,40.72201,-73.98856,895.0,5.0,20.0,0.01643835616438356,5370.0,223302.5
52993753,Amazing cozy studio Lower East Side/Soho/Nolita!,Manhattan,Lower East Side,40.72201,-73.98856,895.0,5.0,20.0,0.01643835616438356,5370.0,223302.5
46593149,"Cozy room in the middle of LES, SoHo",Manhattan,Lower East Side,40.72268,-73.9893,1031.0,5.0,179.0,0.10684931506849316,40209.0,223211.5
15021472,"Cozy room in the middle of LES, SoHo",Manhattan,Lower East Side,40.72268,-73.9893,1031.0,5.0,179.0,0.10684931506849316,40209.0,223211.5
45663628,Affordable and functional room,Brooklyn,Bedford-Stuyvesant,40.68468,-73.92408,1113.0,5.0,10.0,0.1506849315068493,61214.99999999999,223156.49999999994
14091951,Affordable and functional room,Brooklyn,Bedford-Stuyvesant,40.68468,-73.92408,1113.0,5.0,10.0,0.1506849315068493,61214.99999999999,223156.49999999994
36899731,"Single Apt, Near DNR train&Fast travel to Manhatan",Brooklyn,Sunset Park,40.65055,-74.00174,1026.0,5.0,66.0,0.10410958904109589,38988.0,223154.99999999997
52158676,"East Brodway in Lower East Side, quiete and cute!",Manhattan,Lower East Side,40.71527,-73.9898,994.0,5.0,6.0,0.08493150684931507,30814.0,223152.99999999997
17400780,"East Brodway in Lower East Side, quiete and cute!",Manhattan,Lower East Side,40.71527,-73.9898,994.0,5.0,6.0,0.08493150684931507,30814.0,223152.99999999997
7891279,Cozy and affordable room.,Bronx,Williamsbridge,40.88165,-73.85625,1021.0,5.0,17.0,0.10136986301369863,37777.0,223088.49999999997
36264586,Luxury 2BD/2BA Times Square Condo,Manhattan,Hell's Kitchen,40.75692,-73.99175,880.0,5.0,6.0,0.005479452054794521,1760.0,223080.0
52015630,The 'TriBeCa Loft'  #4  | A stylish 2 bed apt,Manhattan,Tribeca,40.71775,-74.00607,873.0,5.0,13.0,0.0,0.0,223051.49999999997
17257734,The 'TriBeCa Loft'  #4  | A stylish 2 bed apt,Manhattan,Tribeca,40.71775,-74.00607,873.0,5.0,13.0,0.0,0.0,223051.49999999997
23107696,6 minutes from JFK Private Bedroom/Bathroom,Queens,Springfield Gardens,40.6667,-73.78469,989.0,5.0,86.0,0.0821917808219178,29669.999999999996,223019.49999999997
15231898,AMAZING AND QUITE 2 BEDROOM APARTMENT ON SOUTH ST.,Manhattan,Financial District,40.7074,-74.00151,1002.0,5.0,1.0,0.09041095890410959,33066.0,222945.0
46803575,AMAZING AND QUITE 2 BEDROOM APARTMENT ON SOUTH ST.,Manhattan,Financial District,40.7074,-74.00151,1002.0,5.0,1.0,0.09041095890410959,33066.0,222945.0
30357186,HOT TUB HOUSE in Rockaway + Private Home,Queens,Arverne,40.59788,-73.79966,1054.0,5.0,32.0,0.12054794520547946,46376.0,222921.0
33044125,Multicultural House II,Bronx,Concourse,40.82124,-73.92913,1123.0,5.0,100.0,0.15616438356164383,64011.0,222915.49999999994
23148566,500 sqft Art Deco Empire State and Hudson  views,Manhattan,Chelsea,40.7411,-73.99669,872.0,5.0,2.0,0.0,0.0,222796.0
49230381,Comfy bed in Cozy Home - GRAND ARMY PLAZA,Brooklyn,Prospect Heights,40.67403,-73.96798,996.0,5.0,131.0,0.08767123287671233,31872.0,222605.99999999997
10667691,Comfy bed in Cozy Home - GRAND ARMY PLAZA,Brooklyn,Prospect Heights,40.67403,-73.96798,996.0,5.0,131.0,0.08767123287671233,31872.0,222605.99999999997
31049218,"Hotel 32 32, Queen Premier with Balcony",Manhattan,Midtown,40.74645,-73.98253,1161.0,5.0,88.0,0.17534246575342466,74304.0,222331.5
36684887,521 West 48-Great apartment,Manhattan,Hell's Kitchen,40.76429,-73.99486,1148.0,5.0,11.0,0.16986301369863013,71176.0,222137.99999999994
8224315,Beautiful Greenpoint Apartment,Brooklyn,Greenpoint,40.72522,-73.94022,901.0,5.0,1.0,0.024657534246575342,8108.999999999999,222096.49999999997
2458303,"Stylish 3 Bedrm, perfect for groups & 1/Pr'spct PK",Brooklyn,Prospect Heights,40.6775,-73.96509,890.0,5.0,33.0,0.01643835616438356,5339.999999999999,222055.0
5993023,BUSHWICK Beaut! Private bed & bath,Brooklyn,Bushwick,40.70043,-73.92167,874.0,5.0,1.0,0.005479452054794521,1748.0,221558.99999999997
19617712,1BR private apartment,Brooklyn,Gravesend,40.59166,-73.96672,1037.0,5.0,26.0,0.11506849315068493,43554.0,221399.5
54375608,1BR private apartment,Brooklyn,Gravesend,40.59166,-73.96672,1037.0,5.0,26.0,0.11506849315068493,43554.0,221399.5
39112245,Luxury 2BR APT w/ Laundry & Close Transport,Brooklyn,Bedford-Stuyvesant,40.67934,-73.92166,1104.0,5.0,29.0,0.1506849315068493,60719.99999999999,221352.0
21382311,Room in Home with Backyard in Bronx Little Italy,Bronx,Belmont,40.85449,-73.88437,1056.0,5.0,3.0,0.12602739726027398,48576.00000000001,221232.0
16304464,"Cute Manhattan bedroom, close to all amenities",Manhattan,Harlem,40.80791,-73.947,865.0,5.0,5.0,0.0,0.0,221007.5
18064092,Private Studio in charming Tudor style home.,Queens,Flushing,40.77193,-73.79966,1184.0,5.0,5.0,0.18904109589041096,81696.0,220816.0
52821988,Private Studio in charming Tudor style home.,Queens,Flushing,40.77193,-73.79966,1184.0,5.0,5.0,0.18904109589041096,81696.0,220816.0
41789796,Private Studio in charming Tudor style home.,Queens,Flushing,40.77193,-73.79966,1184.0,5.0,5.0,0.18904109589041096,81696.0,220816.0
15858758,Hillside Hotel,Queens,Briarwood,40.70475,-73.81572,899.0,5.0,2.0,0.0273972602739726,8990.0,220704.49999999997
25348377,Beautiful Bright Private Room!,Manhattan,Lower East Side,40.71923,-73.98582,881.0,5.0,7.0,0.0136986301369863,4405.0,220690.49999999997
49994212,Cheap $45/night@15 minuets to Mahattaton,Queens,Elmhurst,40.74647,-73.88258,888.0,5.0,2.0,0.019178082191780823,6216.000000000001,220667.99999999997
43003199,Cheap $45/night@15 minuets to Mahattaton,Queens,Elmhurst,40.74647,-73.88258,888.0,5.0,2.0,0.019178082191780823,6216.000000000001,220667.99999999997
11431522,Cheap $45/night@15 minuets to Mahattaton,Queens,Elmhurst,40.74647,-73.88258,888.0,5.0,2.0,0.019178082191780823,6216.000000000001,220667.99999999997
33063456,Guestroom in Townhouse Semibasement Near Subway,Brooklyn,Bushwick,40.68354,-73.90743,925.0,5.0,24.0,0.04657534246575343,15725.000000000002,220612.5
52074726,LIC 1 Bedroom 10 min to Times Sq -1 stop to NYC,Queens,Long Island City,40.75489,-73.92167,913.0,5.0,54.0,0.038356164383561646,12782.000000000002,220489.49999999997
17316830,LIC 1 Bedroom 10 min to Times Sq -1 stop to NYC,Queens,Long Island City,40.75489,-73.92167,913.0,5.0,54.0,0.038356164383561646,12782.000000000002,220489.49999999997
7050678,Mint 2 bedroom w rooftop terrace!,Manhattan,Upper West Side,40.8037,-73.96803,1145.0,5.0,31.0,0.1726027397260274,72135.0,220412.5
27354883,Tropical Bushwick Paradise,Brooklyn,Bushwick,40.70266,-73.91723,1099.0,5.0,1.0,0.1506849315068493,60444.99999999999,220349.5
25219691,Clinton Hill/Bed Stuy Artist Retreat,Brooklyn,Bedford-Stuyvesant,40.69214,-73.95217,920.0,5.0,10.0,0.043835616438356165,14720.0,220340.0
38770924,Flatbush Comfy Room (Rm# 2),Brooklyn,East Flatbush,40.6485,-73.93855,1120.0,5.0,58.0,0.16164383561643836,66080.0,220080.0
32387993,1-Bedroom Newly Renovated Cozy Apartment,Staten Island,Arden Heights,40.54652,-74.17551,889.0,5.0,15.0,0.021917808219178082,7112.0,220027.49999999997
26563989,2  Big Rooms in Brooklyn NY 1 block  from Subway!,Brooklyn,Bay Ridge,40.62937,-74.03001,861.0,5.0,6.0,0.0,0.0,219985.49999999997
34682799,❄ Chic 2-BR duplex near Central Park! ❄ #10323,Manhattan,Harlem,40.80773,-73.95007,946.0,5.0,10.0,0.06301369863013699,21758.000000000004,219944.99999999997
24023962,15min to Times Square!!  Lux apartment 3 Bedrooms,Queens,Astoria,40.76636,-73.91366,1107.0,5.0,12.0,0.15616438356164383,63098.99999999999,219739.5
42032808,15min to Times Square!!  Lux apartment 3 Bedrooms,Queens,Astoria,40.76636,-73.91366,1107.0,5.0,12.0,0.15616438356164383,63098.99999999999,219739.5
37972850,20-2 Quality Cribs,Queens,Far Rockaway,40.60374,-73.75102,860.0,5.0,2.0,0.0,0.0,219730.0
41003320,"Spacious, Beautiful, Private Room",Queens,Ditmars Steinway,40.77433,-73.91734,1135.0,5.0,32.0,0.16986301369863013,70370.0,219622.5
21878276,Hudson Yard - Bright Double Double  Room,Manhattan,Hell's Kitchen,40.75671,-73.99694,880.0,5.0,20.0,0.01643835616438356,5280.0,219560.0
25290385,BEAUTIFUL PRIVATE ROOM CLOSE TO MANHATTAN,Queens,Astoria,40.75771,-73.92724,1053.0,5.0,3.0,0.12876712328767123,49491.0,219550.49999999994
34270783,"Clean, conveniently located, and quiet street",Manhattan,Washington Heights,40.83492,-73.9393,887.0,5.0,8.0,0.021917808219178082,7096.0,219532.5
39240379,Upper Duplex in Brooklyn Brownstone,Brooklyn,Bedford-Stuyvesant,40.68813,-73.92817,1133.0,5.0,7.0,0.16986301369863013,70246.0,219235.49999999994
33056276,Bedroom in NYC,Bronx,Bronxdale,40.85538,-73.86593,858.0,5.0,12.0,0.0,0.0,219218.99999999997
26448559,Sunny Studio by Central Park!,Manhattan,East Harlem,40.80098,-73.94261,1104.0,5.0,3.0,0.15616438356164383,62927.99999999999,219144.0
33624592,Cozy One Bdrm Haven in Bustling Financial District,Manhattan,Financial District,40.70646,-74.00827,1082.0,5.0,8.0,0.14520547945205478,57345.99999999999,219105.0
16476230,Adorable midtown studio,Manhattan,Murray Hill,40.75033,-73.97546,857.0,5.0,2.0,0.0,0.0,218963.5
28327483,No.2 with queen size bed,Queens,Flushing,40.75104,-73.81459,954.0,5.0,1.0,0.07123287671232877,24804.0,218942.99999999997
26534165,Quaint Essential,Brooklyn,East Flatbush,40.63344,-73.94068,874.0,5.0,2.0,0.0136986301369863,4370.0,218936.99999999997
33050200,Corona's Gem,Queens,East Elmhurst,40.75804,-73.86406,914.0,5.0,50.0,0.043835616438356165,14624.0,218902.99999999997
28814059,BRAND NEW COZY STUDIO NEAR CENTRAL PARK - UES,Manhattan,Upper East Side,40.76952,-73.95645,949.0,5.0,14.0,0.0684931506849315,23725.0,218744.49999999997
33158451,"Spectacular 3 Bed w/ W/D, Gym, Rooftop  #6137",Manhattan,Kips Bay,40.7446,-73.97788,953.0,5.0,4.0,0.07123287671232877,24778.0,218713.49999999997
35365994,Couch for Comfort,Brooklyn,Bedford-Stuyvesant,40.68542,-73.95762,856.0,5.0,20.0,0.0,0.0,218707.99999999997
37297387,Jim private room/private lock/private entrance,Brooklyn,Bushwick,40.69358,-73.92239,856.0,5.0,11.0,0.0,0.0,218707.99999999997
44186778,ONLY 4.4 MILES TO MIDTOWN MANHATTAN,Queens,Maspeth,40.72344,-73.91052,1148.0,5.0,51.0,0.1780821917808219,74620.0,218693.99999999994
56847151,ONLY 4.4 MILES TO MIDTOWN MANHATTAN,Queens,Maspeth,40.72344,-73.91052,1148.0,5.0,51.0,0.1780821917808219,74620.0,218693.99999999994
12615100,ONLY 4.4 MILES TO MIDTOWN MANHATTAN,Queens,Maspeth,40.72344,-73.91052,1148.0,5.0,51.0,0.1780821917808219,74620.0,218693.99999999994
51177791,ONLY 4.4 MILES TO MIDTOWN MANHATTAN,Queens,Maspeth,40.72344,-73.91052,1148.0,5.0,51.0,0.1780821917808219,74620.0,218693.99999999994
13841759,"Sunny, private room !Sheepshead Bay Area.",Brooklyn,Sheepshead Bay,40.59841,-73.96122,1034.0,5.0,40.0,0.12054794520547946,45496.0,218691.0
45413436,"Sunny, private room !Sheepshead Bay Area.",Brooklyn,Sheepshead Bay,40.59841,-73.96122,1034.0,5.0,40.0,0.12054794520547946,45496.0,218691.0
19339353,ALIA’S  Place -JFK- 7 mins- walk to subway & buses,Queens,Richmond Hill,40.6964,-73.82837,873.0,5.0,2.0,0.0136986301369863,4365.0,218686.49999999997
54097249,ALIA’S  Place -JFK- 7 mins- walk to subway & buses,Queens,Richmond Hill,40.6964,-73.82837,873.0,5.0,2.0,0.0136986301369863,4365.0,218686.49999999997
32199658,Lovely 1 private bedroom #1,Brooklyn,Bay Ridge,40.62179,-74.02388,859.0,5.0,2.0,0.0027397260273972603,859.0,218615.49999999997
25279892,Lovely Brooklyn Bedroom,Brooklyn,Bath Beach,40.60456,-74.00117,1058.0,5.0,1.0,0.13424657534246576,51842.0,218476.99999999994
37096903,come and expireance the best of bklyn,Brooklyn,East Flatbush,40.65544,-73.91656,855.0,5.0,6.0,0.0,0.0,218452.5
34587251,"3Br Duplex, Backyard and Private Parking",Brooklyn,Brownsville,40.66107,-73.90149,865.0,5.0,156.0,0.00821917808219178,2595.0,218412.5
11116158,Doorman Penthouse One Bedroom Laundry 5196,Manhattan,Gramercy,40.73486,-73.98611,927.0,5.0,2.0,0.0547945205479452,18540.0,218308.5
49678849,Doorman Penthouse One Bedroom Laundry 5196,Manhattan,Gramercy,40.73486,-73.98611,927.0,5.0,2.0,0.0547945205479452,18540.0,218308.5
31103343,"Discover your hidden "" Van Gogh""!",Brooklyn,East Flatbush,40.65179,-73.91475,1013.0,5.0,12.0,0.1095890410958904,40520.0,218301.49999999997
16494456,Furnished spacious  NYC studio,Manhattan,Murray Hill,40.75006,-73.97694,854.0,5.0,1.0,0.0,0.0,218196.99999999997
36803079,"Boutique Apt w/ Private Terrace, 24/7 Onsite Team",Manhattan,Midtown,40.76479,-73.97449,906.0,5.0,1.0,0.0410958904109589,13590.0,217892.99999999997
39871105,Private Room w TV in East Village,Manhattan,East Village,40.72346,-73.97907,1034.0,5.0,35.0,0.1232876712328767,46529.99999999999,217657.0
11171388,Best “H.P TWIN Bed” 5 mins to LGA airport &US OPEN,Queens,Corona,40.74889,-73.86489,855.0,5.0,16.0,0.0027397260273972603,855.0,217597.5
49734079,Best “H.P TWIN Bed” 5 mins to LGA airport &US OPEN,Queens,Corona,40.74889,-73.86489,855.0,5.0,16.0,0.0027397260273972603,855.0,217597.5
21692703,Large and bright bedroom 18 min to Grand Central,Bronx,Mott Haven,40.81177,-73.92726,1118.0,5.0,29.0,0.16712328767123288,68198.0,217450.99999999994
40200276,nice room in bedstuy L,Brooklyn,Bedford-Stuyvesant,40.6839,-73.95042,931.0,5.0,126.0,0.06027397260273973,20482.0,217388.49999999997
36674393,Newly Furnished 1BR~Gramercy~W/D Courtyard Sleeps3,Manhattan,Kips Bay,40.73926,-73.98181,1084.0,5.0,1.0,0.1506849315068493,59620.0,217342.0
40074352,2 BED ROOM APT. IN A PRIVATE HOUSE,Queens,Queens Village,40.72512,-73.73986,857.0,5.0,5.0,0.005479452054794521,1714.0000000000002,217249.5
12611234,1A. Private Rm in guesthouse Manhattan,Manhattan,East Harlem,40.80545,-73.93838,853.0,5.0,103.0,0.0027397260273972603,852.9999999999999,217088.49999999997
56843284,1A. Private Rm in guesthouse Manhattan,Manhattan,East Harlem,40.80545,-73.93838,853.0,5.0,103.0,0.0027397260273972603,852.9999999999999,217088.49999999997
51173925,1A. Private Rm in guesthouse Manhattan,Manhattan,East Harlem,40.80545,-73.93838,853.0,5.0,103.0,0.0027397260273972603,852.9999999999999,217088.49999999997
44182912,1A. Private Rm in guesthouse Manhattan,Manhattan,East Harlem,40.80545,-73.93838,853.0,5.0,103.0,0.0027397260273972603,852.9999999999999,217088.49999999997
6786679,Mid-Century Modern Oasis in the LES,Manhattan,Chinatown,40.71555,-73.99298,1016.0,5.0,30.0,0.11506849315068493,42672.0,216915.99999999997
33990767,❤️ Sunny Greenpoint Room *Great Location (Monthly),Brooklyn,Greenpoint,40.72478,-73.94429,945.0,5.0,15.0,0.07123287671232877,24570.000000000004,216877.5
53309117,Private Room,Manhattan,East Village,40.72745,-73.98537,854.0,5.0,1.0,0.005479452054794521,1708.0,216488.99999999997
18551221,Private Room,Manhattan,East Village,40.72745,-73.98537,854.0,5.0,1.0,0.005479452054794521,1708.0,216488.99999999997
53145084,Sweet Home Away From Home,Brooklyn,Sheepshead Bay,40.5917,-73.95536,1101.0,5.0,38.0,0.16164383561643836,64959.00000000001,216346.5
18387188,Sweet Home Away From Home,Brooklyn,Sheepshead Bay,40.5917,-73.95536,1101.0,5.0,38.0,0.16164383561643836,64959.00000000001,216346.5
31852814,"Safe, cozy & minutes to NYC",Queens,Ditmars Steinway,40.77423,-73.91815,955.0,5.0,175.0,0.07945205479452055,27695.0,216307.5
30229604,Brand New Modern One Bedroom apartment w/ balcony.,Brooklyn,East Flatbush,40.63484,-73.94373,903.0,5.0,28.0,0.043835616438356165,14448.0,216268.49999999997
48915018,Midtown Luxurious 1 bedroom apt.,Manhattan,Midtown,40.7531,-73.97158,926.0,5.0,1.0,0.06027397260273973,20372.0,216220.99999999997
10352327,Midtown Luxurious 1 bedroom apt.,Manhattan,Midtown,40.7531,-73.97158,926.0,5.0,1.0,0.06027397260273973,20372.0,216220.99999999997
34761778,2nd  Floor Limestone Apt. Great for Large Groups,Brooklyn,Prospect-Lefferts Gardens,40.66165,-73.95659,870.0,5.0,88.0,0.019178082191780823,6090.000000000001,216195.0
43183801,Cozy Island Bedroom near Ferry,Staten Island,St. George,40.64055,-74.0784,953.0,5.0,60.0,0.07945205479452055,27637.0,215854.49999999997
50174814,Cozy Island Bedroom near Ferry,Staten Island,St. George,40.64055,-74.0784,953.0,5.0,60.0,0.07945205479452055,27637.0,215854.49999999997
11612124,Cozy Island Bedroom near Ferry,Staten Island,St. George,40.64055,-74.0784,953.0,5.0,60.0,0.07945205479452055,27637.0,215854.49999999997
36008319,Big Comfy Beds & Breakfast on the Deck,Queens,Bayside,40.7565,-73.7616,1139.0,5.0,77.0,0.18082191780821918,75174.0,215840.5
28572152,COZY and WARM Garden Apartment,Brooklyn,Fort Greene,40.69188,-73.97059,1151.0,5.0,133.0,0.1863013698630137,78268.0,215812.5
26427571,Modern Luxury near Gramercy Park: 3 Bed/2 Bath,Manhattan,Murray Hill,40.74525,-73.97225,1071.0,5.0,3.0,0.14794520547945206,57834.0,215806.5
28445675,Studio Plus Apt | Front & Wall Street by WhyHotel,Manhattan,Financial District,40.704903,-74.006416,858.0,5.0,190.0,0.010958904109589041,3432.0,215786.99999999997
35384220,Lovely 2-bedroom fully furnished apt in Brooklyn,Brooklyn,Williamsburg,40.70696,-73.94717,896.0,5.0,2.0,0.0410958904109589,13440.0,215487.99999999997
12270465,Cozy Room Family Home LGA Airport NO CLEANING FEE,Queens,East Elmhurst,40.76335,-73.87007,930.0,5.0,510.0,0.06575342465753424,22320.0,215295.0
43842142,Cozy Room Family Home LGA Airport NO CLEANING FEE,Queens,East Elmhurst,40.76335,-73.87007,930.0,5.0,510.0,0.06575342465753424,22320.0,215295.0
50833156,Cozy Room Family Home LGA Airport NO CLEANING FEE,Queens,East Elmhurst,40.76335,-73.87007,930.0,5.0,510.0,0.06575342465753424,22320.0,215295.0
56502515,Cozy Room Family Home LGA Airport NO CLEANING FEE,Queens,East Elmhurst,40.76335,-73.87007,930.0,5.0,510.0,0.06575342465753424,22320.0,215295.0
37551445,Garden Suite at Incentra Village Guest House,Manhattan,West Village,40.73671,-74.0054,1063.0,5.0,3.0,0.14520547945205478,56338.99999999999,215257.49999999994
30709001,Rustic Meets Shabby Chic- Georgous 2 Bedroom,Bronx,Van Nest,40.8429,-73.8638,1037.0,5.0,208.0,0.13150684931506848,49775.99999999999,215177.5
28503115,"Paper Factory, Superior Queen Room",Queens,Long Island City,40.75266,-73.9266,842.0,5.0,81.0,0.0,0.0,215131.0
2995139,Lg Private Rm wTerrace Midtown West,Manhattan,Hell's Kitchen,40.76337,-73.98576,1002.0,5.0,98.0,0.11232876712328767,41081.99999999999,214929.0
36055817,"Home For Medical Professionals - ""Purlicue""",Brooklyn,East Flatbush,40.66078,-73.93538,1077.0,5.0,2.0,0.15342465753424658,60312.0,214861.5
32780678,Amazing Central Park Garden Apartment !!!,Manhattan,Upper West Side,40.78202,-73.97593,844.0,5.0,13.0,0.0027397260273972603,843.9999999999999,214797.99999999997
22918257,BEAUTIFUL AND SPACIOUS STUDIO CLOSE TO LGA AND JFK,Queens,Corona,40.745,-73.85927,978.0,5.0,64.0,0.09863013698630137,35208.0,214670.99999999997
2769248,"Modern Midtown Apt, close to MoMA",Manhattan,Midtown,40.75876,-73.96854,1103.0,5.0,2.0,0.16712328767123288,67283.0,214533.49999999994
11364141,"1 Bedroom apartment in Woodside, NY",Queens,Sunnyside,40.74473,-73.91334,977.0,5.0,51.0,0.09863013698630137,35172.0,214451.5
42935818,"1 Bedroom apartment in Woodside, NY",Queens,Sunnyside,40.74473,-73.91334,977.0,5.0,51.0,0.09863013698630137,35172.0,214451.5
49926832,"1 Bedroom apartment in Woodside, NY",Queens,Sunnyside,40.74473,-73.91334,977.0,5.0,51.0,0.09863013698630137,35172.0,214451.5
40313498,"Modern, Sunny Duplex PENTHOUSE  w/ BALCONY",Brooklyn,Bedford-Stuyvesant,40.69194,-73.95952,1059.0,5.0,78.0,0.14520547945205478,56126.99999999999,214447.5
48994549,MY HOME / YOUR HOME /BEAUTIFUL HUGE 1BR,Manhattan,Midtown,40.75683,-73.9659,922.0,5.0,5.0,0.06301369863013699,21206.000000000004,214365.0
10431859,MY HOME / YOUR HOME /BEAUTIFUL HUGE 1BR,Manhattan,Midtown,40.75683,-73.9659,922.0,5.0,5.0,0.06301369863013699,21206.000000000004,214365.0
18306552,Heart Of New York City,Manhattan,Hell's Kitchen,40.75781,-73.99751,839.0,5.0,6.0,0.0,0.0,214364.49999999997
53064448,Heart Of New York City,Manhattan,Hell's Kitchen,40.75781,-73.99751,839.0,5.0,6.0,0.0,0.0,214364.49999999997
54663356,Modern Newly Renovated Home Away From Home,Brooklyn,Mill Basin,40.61768,-73.91669,1008.0,5.0,36.0,0.1178082191780822,43344.0,214199.99999999997
19905460,Modern Newly Renovated Home Away From Home,Brooklyn,Mill Basin,40.61768,-73.91669,1008.0,5.0,36.0,0.1178082191780822,43344.0,214199.99999999997
30479796,Cozy west village rental in New York City.,Manhattan,West Village,40.73434,-74.00122,1106.0,5.0,12.0,0.16986301369863013,68572.0,214011.0
34570130,Big room w/private bathroom and great Hudson view,Manhattan,Upper West Side,40.77952,-73.98749,854.0,5.0,185.0,0.0136986301369863,4270.0,213926.99999999997
33922834,Instinct Hospitality 3 Cozy Room with Free Parking,Brooklyn,Flatbush,40.64366,-73.95223,836.0,5.0,6.0,0.0,0.0,213597.99999999997
40859170,"New Yorker-Featured, Light-Filled 3 Bedroom Loft",Manhattan,East Village,40.7336,-73.99006,856.0,5.0,9.0,0.01643835616438356,5136.0,213571.99999999997
47844661,"Stylish, Spacious 1 BR Apt in Heart of Village",Manhattan,East Village,40.72548,-73.9857,1127.0,5.0,72.0,0.18082191780821918,74382.0,213566.5
9281970,"Stylish, Spacious 1 BR Apt in Heart of Village",Manhattan,East Village,40.72548,-73.9857,1127.0,5.0,72.0,0.18082191780821918,74382.0,213566.5
35991750,Superior Queen Room with City View,Manhattan,Financial District,40.70462,-74.01027,1139.0,5.0,2.0,0.1863013698630137,77452.0,213562.5
18384426,Corporate Studio Midtown East,Manhattan,Midtown,40.75393,-73.96612,1097.0,5.0,5.0,0.16712328767123288,66917.0,213366.5
53142322,Corporate Studio Midtown East,Manhattan,Midtown,40.75393,-73.96612,1097.0,5.0,5.0,0.16712328767123288,66917.0,213366.5
32525515,Gorgeous 2BR | Close to Hospitals | Heart of NYC,Manhattan,Hell's Kitchen,40.76228,-73.99776,855.0,5.0,2.0,0.01643835616438356,5129.999999999999,213322.5
31239761,Premium Queen A - Yotel Times Square,Manhattan,Hell's Kitchen,40.76023,-73.99649,854.0,5.0,1.0,0.01643835616438356,5123.999999999999,213072.99999999997
33946031,SUNNY ZenZen,Brooklyn,Bedford-Stuyvesant,40.67754,-73.91621,928.0,5.0,2.0,0.07123287671232877,24128.000000000004,212975.99999999997
33250133,"Home Sweet Home #1Canarsie, Brooklyn, NY",Brooklyn,Canarsie,40.64123,-73.88868,833.0,5.0,7.0,0.0,0.0,212831.49999999997
35102547,Lovely and cozy sofa bed,Manhattan,Inwood,40.86286,-73.92815,853.0,5.0,3.0,0.01643835616438356,5118.0,212823.49999999997
30025253,3bed 1.5 bath best location fast Wi-Fi,Manhattan,Kips Bay,40.74214,-73.98223,1105.0,5.0,15.0,0.1726027397260274,69615.0,212712.5
16491694,Queen Bed Studio In Gowanus Boutique,Brooklyn,Gowanus,40.67848,-73.98386,839.0,5.0,14.0,0.005479452054794521,1678.0000000000002,212686.49999999997
47620427,Manhattan: 80's upper east side - entire apartment,Manhattan,Upper East Side,40.77287,-73.95292,930.0,5.0,1.0,0.07397260273972603,25110.000000000004,212505.0
34480657,"Sunny, Contemporary 1 Bedroom Apt W/ Large Patio",Queens,Kew Gardens Hills,40.72121,-73.81486,930.0,5.0,39.0,0.07397260273972603,25110.000000000004,212505.0
9057736,Manhattan: 80's upper east side - entire apartment,Manhattan,Upper East Side,40.77287,-73.95292,930.0,5.0,1.0,0.07397260273972603,25110.000000000004,212505.0
39848461,Charming Apt. In Brooklyn Townhouse,Brooklyn,Bedford-Stuyvesant,40.68364,-73.92638,1096.0,5.0,200.0,0.16986301369863013,67952.0,212076.0
28733424,`Amazing Brooklyn Home,Brooklyn,Cypress Hills,40.68088,-73.88786,940.0,5.0,253.0,0.0821917808219178,28199.999999999996,211970.0
35722780,Apartment with a private entrances close to train,Bronx,Allerton,40.86655,-73.8521,900.0,5.0,9.0,0.0547945205479452,18000.0,211950.0
39168580,Tranquil and Cozy,Queens,Springfield Gardens,40.68659,-73.75,846.0,5.0,39.0,0.0136986301369863,4230.0,211922.99999999997
29765672,Harlem comfort,Manhattan,Harlem,40.81752,-73.94521,1142.0,5.0,20.0,0.1917808219178082,79940.0,211841.0
33618517,Midtown Manhattan 3BR New Modern Apartment,Manhattan,Midtown,40.74651,-73.98279,927.0,5.0,7.0,0.07397260273972603,25029.0,211819.5
36060235,Lux room with own bath > 61st sta+Manhattan.,Queens,Woodside,40.74466,-73.90635,930.0,5.0,4.0,0.07671232876712329,26040.0,211575.0
28827315,"Carroll Gardens Chic Apartment, 5 min to Manhattan",Brooklyn,Carroll Gardens,40.68312,-73.99143,968.0,5.0,66.0,0.10136986301369863,35816.0,211507.99999999997
32660277,Cozydelightful  UBS ARENA STADIUM NEAR JFK,Queens,St. Albans,40.69983,-73.75368,834.0,5.0,23.0,0.005479452054794521,1668.0000000000002,211418.99999999997
35522848,Clean & sunny room in Harlem Manhattan,Manhattan,Harlem,40.81242,-73.94209,864.0,5.0,4.0,0.030136986301369864,9504.0,211247.99999999997
35522848,Clean & sunny room in Harlem Manhattan,Manhattan,Harlem,40.81242,-73.94209,864.0,5.0,4.0,0.030136986301369864,9504.0,211247.99999999997
36347984,Charming 2 BR UES Apt (Min 30 days),Manhattan,Upper East Side,40.77415,-73.95534,830.0,5.0,4.0,0.0027397260273972603,830.0000000000001,211235.0
36306009,STUNNING VIEW SPACIOUS ROOM by  RIVERSIDE/SUBWAY,Manhattan,Harlem,40.82433,-73.95401,826.0,5.0,5.0,0.0,0.0,211042.99999999997
30966925,Cozy 1 Bedroom Apartment w/ Access to Outdoor Deck,Manhattan,East Harlem,40.79937,-73.93391,896.0,5.0,1.0,0.0547945205479452,17920.0,211007.99999999997
32986134,Cozy & Modern Home Share for Young Professionals,Brooklyn,Bedford-Stuyvesant,40.68613,-73.95123,1063.0,5.0,6.0,0.15616438356164383,60590.99999999999,211005.49999999994
21925774,Private STUDIO in Central Park | TIMES SQUARE,Manhattan,Midtown,40.76477,-73.97592,849.0,5.0,7.0,0.019178082191780823,5943.0,210976.49999999997
39261366,Historic 3 Bedroom Eastern Parkway,Brooklyn,Crown Heights,40.66933,-73.93798,1047.0,5.0,19.0,0.14794520547945206,56538.0,210970.5
2838838,"Williamsburg, prime loction, Brooklyn private room",Brooklyn,Williamsburg,40.71971,-73.95998,1067.0,5.0,176.0,0.1589041095890411,61886.0,210732.5
29650794,Cozy Brooklyn Oasis 2,Brooklyn,Bedford-Stuyvesant,40.68745,-73.9417,1061.0,5.0,195.0,0.15616438356164383,60476.99999999999,210608.5
50024589,Private room in Sunnyside 2 46th St,Queens,Sunnyside,40.73912,-73.92075,990.0,5.0,168.0,0.1178082191780822,42570.0,210375.0
11461898,Private room in Sunnyside 2 46th St,Queens,Sunnyside,40.73912,-73.92075,990.0,5.0,168.0,0.1178082191780822,42570.0,210375.0
43033575,Private room in Sunnyside 2 46th St,Queens,Sunnyside,40.73912,-73.92075,990.0,5.0,168.0,0.1178082191780822,42570.0,210375.0
2316362,Entire 2 bedroom flat,Brooklyn,Bushwick,40.69814,-73.92996,1076.0,5.0,13.0,0.1643835616438356,64560.0,210358.0
25738301,Two private rooms,Bronx,Belmont,40.85648,-73.88501,976.0,5.0,4.0,0.1095890410958904,39040.0,210327.99999999997
36617506,Stylish Private Room in Manhattan UWS,Manhattan,Upper West Side,40.7995,-73.95923,941.0,5.0,1.0,0.08767123287671233,30112.000000000004,210313.49999999997
5650045,Private room,Manhattan,Upper East Side,40.77224,-73.94844,1198.0,5.0,78.0,0.2191780821917808,95840.0,210248.99999999994
31758923,"Gorgeous, Newly renovated 2 Bedroom apartment",Manhattan,Harlem,40.81754,-73.94275,904.0,5.0,19.0,0.06301369863013699,20792.000000000004,210179.99999999997
33799119,Brooklyn Hidden Oasis.,Brooklyn,East New York,40.67214,-73.8763,1003.0,5.0,17.0,0.12602739726027398,46138.00000000001,210128.49999999997
37098007,"NU Hotel, NU Perspective Room with Mural",Brooklyn,Boerum Hill,40.68808,-73.98766,940.0,5.0,10.0,0.08767123287671233,30080.0,210090.0
5995233,Prime apartment in prime Park Slope location!,Brooklyn,Park Slope,40.67177,-73.97882,1132.0,5.0,22.0,0.1917808219178082,79240.0,209986.0
31170724,Panoramic views featuring the Hudson River,Manhattan,Financial District,40.710026,-74.01136,891.0,5.0,1.0,0.0547945205479452,17820.0,209830.49999999997
54241399,Sonder | Hanover Square | Sunny 1BR + Rooftop,Manhattan,Financial District,40.70376,-74.00833,982.0,5.0,2.0,0.11506849315068493,41244.0,209657.0
19483503,Sonder | Hanover Square | Sunny 1BR + Rooftop,Manhattan,Financial District,40.70376,-74.00833,982.0,5.0,2.0,0.11506849315068493,41244.0,209657.0
30817252,Lovely Room with En-Suite Bathroom in Brooklyn,Brooklyn,Sunset Park,40.66175,-73.99338,955.0,5.0,2.0,0.09863013698630137,34380.0,209622.5
50734846,The Wild Wild West (village),Manhattan,West Village,40.73365,-74.0041,820.0,5.0,21.0,0.0,0.0,209510.0
12172156,The Wild Wild West (village),Manhattan,West Village,40.73365,-74.0041,820.0,5.0,21.0,0.0,0.0,209510.0
56404206,The Wild Wild West (village),Manhattan,West Village,40.73365,-74.0041,820.0,5.0,21.0,0.0,0.0,209510.0
43743833,The Wild Wild West (village),Manhattan,West Village,40.73365,-74.0041,820.0,5.0,21.0,0.0,0.0,209510.0
36024888,beautiful brownstone,Brooklyn,Bedford-Stuyvesant,40.68371,-73.95058,1148.0,5.0,246.0,0.2,83804.00000000001,209509.99999999994
14263164,"JFK 10mins, LGA 15mins drive, Two Beds in a Room",Queens,Briarwood,40.70962,-73.80616,823.0,5.0,32.0,0.0027397260273972603,823.0,209453.49999999997
45834841,"JFK 10mins, LGA 15mins drive, Two Beds in a Room",Queens,Briarwood,40.70962,-73.80616,823.0,5.0,32.0,0.0027397260273972603,823.0,209453.49999999997
26523119,Modern City Suites - Near Central Park,Manhattan,Midtown,40.7655,-73.98237,885.0,5.0,1.0,0.052054794520547946,16815.0,209302.5
54492143,Oasis III,Brooklyn,Bedford-Stuyvesant,40.68784,-73.95145,819.0,5.0,22.0,0.0,0.0,209254.49999999997
19734247,Oasis III,Brooklyn,Bedford-Stuyvesant,40.68784,-73.95145,819.0,5.0,22.0,0.0,0.0,209254.49999999997
4315136,Great room in a 2 BD apartment,Queens,Ditmars Steinway,40.77431,-73.9114,1110.0,5.0,4.0,0.18356164383561643,74370.0,209235.0
52287914,Cozy 1 Bed one block from train and supermarket,Manhattan,Upper East Side,40.77748,-73.9514,915.0,5.0,1.0,0.07397260273972603,24704.999999999996,209077.5
17530018,Cozy 1 Bed one block from train and supermarket,Manhattan,Upper East Side,40.77748,-73.9514,915.0,5.0,1.0,0.07397260273972603,24704.999999999996,209077.5
33824525,2 Beds close to Central Park,Manhattan,Midtown,40.76552,-73.98196,907.0,5.0,246.0,0.0684931506849315,22675.0,209063.5
7698526,Ensuite Bathroom in Luxury Duplex,Brooklyn,Williamsburg,40.71605,-73.95176,931.0,5.0,1.0,0.08493150684931507,28861.0,209009.49999999997
35913324,[305] 5 min WALK to Times Square!,Manhattan,Hell's Kitchen,40.76181,-73.98969,821.0,5.0,181.0,0.0027397260273972603,821.0000000000001,208944.49999999997
10082253,"Private, cozy, Bedroom",Brooklyn,Dyker Heights,40.63009,-74.01342,834.0,5.0,30.0,0.0136986301369863,4169.999999999999,208916.99999999997
48644943,"Private, cozy, Bedroom",Brooklyn,Dyker Heights,40.63009,-74.01342,834.0,5.0,30.0,0.0136986301369863,4169.999999999999,208916.99999999997
33641714,Fifth Ave & 55th St. King room at a Boutique Hotel,Manhattan,Midtown,40.76219,-73.9752,865.0,5.0,1.0,0.038356164383561646,12110.0,208897.5
29456937,Brooklyn Studio,Brooklyn,Williamsburg,40.71971,-73.94103,960.0,5.0,74.0,0.10410958904109589,36480.0,208800.0
3439741,One-of-a-Kind Luxury NYC EPIC VIEW!,Manhattan,Battery Park City,40.70633,-74.01837,875.0,5.0,2.0,0.04657534246575343,14875.0,208687.5
35785190,(3C) Fantastic 2 Bedroom Close to Central Park,Manhattan,East Harlem,40.796,-73.94452,1131.0,5.0,3.0,0.19452054794520549,80301.0,208669.5
30094291,Perfect for Your Parents:  Privacy + Garden,Brooklyn,Fort Greene,40.69121,-73.97277,1156.0,5.0,286.0,0.2054794520547945,86700.0,208658.0
36710293,MODERN ROOM IN CHARMING AREA+ SWEET ROOF C,Brooklyn,Clinton Hill,40.69275,-73.96148,886.0,5.0,3.0,0.0547945205479452,17720.0,208652.99999999997
10392645,"""FALL IN LOVE WITH NYC & MY HOME""",Manhattan,Lower East Side,40.71932,-73.99396,849.0,5.0,3.0,0.0273972602739726,8490.0,208429.49999999997
48955336,"""FALL IN LOVE WITH NYC & MY HOME""",Manhattan,Lower East Side,40.71932,-73.99396,849.0,5.0,3.0,0.0273972602739726,8490.0,208429.49999999997
30562089,ONE  BEDROOM IN A 3 BEDROOM APT 108 SQUARE FEET,Bronx,University Heights,40.86069,-73.90523,908.0,5.0,25.0,0.07123287671232877,23608.0,208385.99999999997
32872912,LUXURY STUDIO ON UPPER EAST SIDE BY CENTRAL PARK,Manhattan,Upper East Side,40.76947,-73.95647,976.0,5.0,18.0,0.11506849315068493,40992.0,208375.99999999997
25108679,Designer Madison Ave Studio with Brand New Kitchen,Manhattan,Upper East Side,40.78582,-73.95546,1071.0,5.0,1.0,0.16712328767123288,65331.00000000001,208309.5
35150597,Bedroom In Midtown East,Manhattan,Upper East Side,40.76507,-73.96606,989.0,5.0,80.0,0.1232876712328767,44504.99999999999,208184.49999999997
2467693,Bohemian Paradise in Industrial BK,Brooklyn,Williamsburg,40.70759,-73.92678,821.0,5.0,189.0,0.005479452054794521,1642.0000000000002,208123.49999999997
34728088,"Large 2 bedroom apt, steps from Prospect Park.",Brooklyn,Flatbush,40.65031,-73.96246,997.0,5.0,2.0,0.12876712328767123,46859.0,207874.5
53863626,Large private sunny room near Times Sq. 21B3,Manhattan,Hell's Kitchen,40.75396,-73.99684,960.0,5.0,5.0,0.10684931506849316,37440.00000000001,207840.0
19105730,Large private sunny room near Times Sq. 21B3,Manhattan,Hell's Kitchen,40.75396,-73.99684,960.0,5.0,5.0,0.10684931506849316,37440.00000000001,207840.0
38150139,Ready private furnished room w/Wifi,Brooklyn,Bedford-Stuyvesant,40.68567,-73.94865,1074.0,5.0,54.0,0.16986301369863013,66588.0,207819.0
7208636,Walk to beach...Brighton Beach 2BD,Brooklyn,Brighton Beach,40.58176,-73.96264,1164.0,5.0,7.0,0.21095890410958903,89628.0,207774.0
36519197,Brooklyn Awesomely Huge Apartment,Brooklyn,Bushwick,40.68653,-73.91388,1046.0,5.0,8.0,0.15616438356164383,59622.0,207631.0
1243796,CHARMING PRIVATE BEDROOM EAST VILLAGE,Manhattan,East Village,40.72674,-73.9782,1196.0,5.0,25.0,0.22465753424657534,98072.0,207506.0
6306730,Authentic Brownstone New York Living,Brooklyn,Bedford-Stuyvesant,40.68247,-73.94119,1156.0,5.0,34.0,0.20821917808219179,87856.0,207502.0
36883162,Private Room in the heart of Manhattan,Manhattan,Midtown,40.74516,-73.98428,815.0,5.0,1.0,0.0027397260273972603,815.0,207417.5
30275445,HUGE & BEAUTIFUL 3-Bed apt Queens NYC.A Hidden Gem,Queens,Sunnyside,40.7372,-73.92452,828.0,5.0,3.0,0.0136986301369863,4140.0,207413.99999999997
8838473,Modern and comfortable is this 2 bedrooms,Brooklyn,Canarsie,40.6344,-73.8948,932.0,5.0,23.0,0.09041095890410959,30756.000000000004,207370.0
7701840,"Perfect apartment, Manhattan NYC",Manhattan,Morningside Heights,40.80887,-73.95917,1060.0,5.0,3.0,0.1643835616438356,63600.0,207230.0
32658067,Luxury King Room Near Central Park,Manhattan,Midtown,40.76451,-73.9836,814.0,5.0,11.0,0.0027397260273972603,814.0,207162.99999999997
38160080,The ocean view room size 12x14,Brooklyn,Crown Heights,40.67222,-73.93028,814.0,5.0,14.0,0.0027397260273972603,814.0,207162.99999999997
53936530,Ensuite Private Room with Bath @4th FL,Brooklyn,Borough Park,40.63591,-74.00717,1023.0,5.0,10.0,0.14520547945205478,54219.0,207157.49999999997
19178634,Ensuite Private Room with Bath @4th FL,Brooklyn,Borough Park,40.63591,-74.00717,1023.0,5.0,10.0,0.14520547945205478,54219.0,207157.49999999997
22769136,Cute 1 BR on Gramercy (Min 30 Days),Manhattan,Kips Bay,40.74056,-73.9791,931.0,5.0,1.0,0.09041095890410959,30723.0,207147.49999999997
38882488,BunkBeds 5 min to NYC 900Mb Full Closet,Queens,Astoria,40.75713,-73.91334,948.0,5.0,1.0,0.10136986301369863,35076.0,207137.99999999997
32806084,Edo Room,Brooklyn,Clinton Hill,40.69341,-73.96319,836.0,5.0,138.0,0.021917808219178082,6688.0,206909.99999999997
37647546,GORGEOUS LARGE BEDROOM,Queens,Astoria,40.76825,-73.92464,846.0,5.0,8.0,0.030136986301369864,9306.0,206846.99999999997
18757781,Carnegie City Apartment,Manhattan,East Harlem,40.78589,-73.9487,1080.0,5.0,43.0,0.17534246575342466,69120.0,206820.0
53515677,Carnegie City Apartment,Manhattan,East Harlem,40.78589,-73.9487,1080.0,5.0,43.0,0.17534246575342466,69120.0,206820.0
21704854,The Cozy Corner in BedStuy,Brooklyn,Bedford-Stuyvesant,40.68774,-73.93699,921.0,5.0,36.0,0.08493150684931507,28551.0,206764.49999999997
17105852,Large Private House Apartment Near Yankee Stadium,Bronx,Concourse Village,40.83373,-73.91147,1031.0,5.0,106.0,0.1506849315068493,56704.99999999999,206715.5
35668102,Nice 3 Bedroom Manhattan Home,Manhattan,Inwood,40.86918,-73.92308,809.0,5.0,1.0,0.0,0.0,206699.49999999997
34538649,"Modern ,Comfortable 2 bedroom apartment in Bklyn .",Brooklyn,East Flatbush,40.64224,-73.94914,880.0,5.0,7.0,0.057534246575342465,18480.0,206360.0
37743094,Large 1BR Apartment in Best LES Location,Manhattan,Lower East Side,40.71875,-73.98638,807.0,5.0,1.0,0.0,0.0,206188.5
7022511,Top-Floor Williamsburg Apt Bedroom,Brooklyn,Williamsburg,40.71116,-73.94014,939.0,5.0,2.0,0.09863013698630137,33804.0,206110.49999999997
35226262,"Modern KING apt Washer Dryer, and Yard",Manhattan,Upper East Side,40.77916,-73.95661,897.0,5.0,12.0,0.07123287671232877,23322.0,205861.5
39752361,Cute & Comfortable One Bedroom,Brooklyn,Flatbush,40.65307,-73.95781,1193.0,5.0,20.0,0.2273972602739726,99019.0,205792.49999999994
33989110,SUNNY PRIVATE ROOM,Queens,Ditmars Steinway,40.77253,-73.90472,1026.0,5.0,110.0,0.1506849315068493,56429.99999999999,205712.99999999997
30841553,Deluxe Loft Suite in Greenpoint,Brooklyn,Greenpoint,40.72847,-73.94337,959.0,5.0,60.0,0.11232876712328767,39319.0,205705.49999999997
36899179,Musician's Getaway + Full Analog Recording Studio,Brooklyn,Bedford-Stuyvesant,40.69312,-73.94719,811.0,5.0,13.0,0.005479452054794521,1622.0,205588.49999999997
30252801,Modern Space with Blazin' WiFi.  Late Check-in Ok,Bronx,Parkchester,40.83949,-73.86682,814.0,5.0,5.0,0.00821917808219178,2442.0,205534.99999999997
51350661,2 Bed 1 Bath Close to Park,Manhattan,Upper East Side,40.77898,-73.94983,926.0,5.0,7.0,0.09315068493150686,31484.0,205108.99999999997
44359648,2 Bed 1 Bath Close to Park,Manhattan,Upper East Side,40.77898,-73.94983,926.0,5.0,7.0,0.09315068493150686,31484.0,205108.99999999997
12787970,2 Bed 1 Bath Close to Park,Manhattan,Upper East Side,40.77898,-73.94983,926.0,5.0,7.0,0.09315068493150686,31484.0,205108.99999999997
57020020,2 Bed 1 Bath Close to Park,Manhattan,Upper East Side,40.77898,-73.94983,926.0,5.0,7.0,0.09315068493150686,31484.0,205108.99999999997
27418950,Comfortable Living Space,Brooklyn,East New York,40.66548,-73.86935,815.0,5.0,1.0,0.010958904109589041,3260.0,204972.5
29986592,Fantastic! NYC Bright and spacious private-balcony,Queens,Astoria,40.76566,-73.92427,855.0,5.0,93.0,0.043835616438356165,13680.0,204772.5
45210742,Great room across the street from the High bridge,Bronx,Highbridge,40.84289,-73.92688,873.0,5.0,107.0,0.057534246575342465,18333.0,204718.49999999997
13639065,Great room across the street from the High bridge,Bronx,Highbridge,40.84289,-73.92688,873.0,5.0,107.0,0.057534246575342465,18333.0,204718.49999999997
33356175,LOvelY RenTal iN QueeNs/ NO CLEAning FEe,Queens,Kew Gardens,40.70658,-73.83598,804.0,5.0,1.0,0.0027397260273972603,803.9999999999999,204617.99999999997
39357466,My Little Guest Room in Flushing,Queens,Flushing,40.75578,-73.81948,919.0,5.0,474.0,0.09041095890410959,30327.0,204477.49999999997
26591052,Gorgeous Bright Chic NYC 2Bath in Chelsea,Manhattan,Chelsea,40.74318,-73.99987,948.0,5.0,2.0,0.1095890410958904,37919.99999999999,204293.99999999997
11076945,Large Modern Studio with Free Parking in Driveway,Queens,Ridgewood,40.70882,-73.9179,867.0,5.0,73.0,0.0547945205479452,17340.0,204178.5
49639636,Large Modern Studio with Free Parking in Driveway,Queens,Ridgewood,40.70882,-73.9179,867.0,5.0,73.0,0.0547945205479452,17340.0,204178.5
7330694,Forest Hills 3 Bedroom Apartment,Queens,Forest Hills,40.71372,-73.83693,1055.0,5.0,2.0,0.16986301369863013,65410.0,204142.5
28756620,Luxury Apt Close to UBS Arena and JFk,Queens,Springfield Gardens,40.69148,-73.74738,1003.0,5.0,100.0,0.14246575342465753,52156.0,204110.49999999997
30228500,Cozy Adult 1 Bedroom Getaway,Brooklyn,Bedford-Stuyvesant,40.68324,-73.94569,905.0,5.0,11.0,0.0821917808219178,27149.999999999996,204077.5
33647237,Cheerful Studio 1Bed with Hot-Tub King Bed,Bronx,Morris Park,40.84931,-73.85073,798.0,5.0,2.0,0.0,0.0,203888.99999999997
34332641,Cheerful 1 bedroom apartment in New York City,Queens,Queens Village,40.71965,-73.75578,801.0,5.0,3.0,0.0027397260273972603,801.0,203854.49999999997
33451170,Studio One Deluxe Private Room (private bathroom),Brooklyn,Brownsville,40.665,-73.9186,844.0,5.0,112.0,0.038356164383561646,11816.0,203825.99999999997
54695942,HOSTEL,Brooklyn,Gravesend,40.59982,-73.98679,804.0,5.0,1.0,0.005479452054794521,1607.9999999999998,203813.99999999997
19938046,HOSTEL,Brooklyn,Gravesend,40.59982,-73.98679,804.0,5.0,1.0,0.005479452054794521,1607.9999999999998,203813.99999999997
21241474,HUGE LOFT IN HIP BUSHWICK 1 - NEAR 2 METROS,Brooklyn,Bushwick,40.70428,-73.92702,820.0,5.0,2.0,0.019178082191780823,5740.0,203770.0
55999370,HUGE LOFT IN HIP BUSHWICK 1 - NEAR 2 METROS,Brooklyn,Bushwick,40.70428,-73.92702,820.0,5.0,2.0,0.019178082191780823,5740.0,203770.0
18862718,Opal Bedroom,Brooklyn,Bedford-Stuyvesant,40.69314,-73.9571,884.0,5.0,24.0,0.0684931506849315,22100.0,203761.99999999997
53620614,Opal Bedroom,Brooklyn,Bedford-Stuyvesant,40.69314,-73.9571,884.0,5.0,24.0,0.0684931506849315,22100.0,203761.99999999997
49592690,Cozy Room in Astoria,Queens,Ditmars Steinway,40.7708,-73.90036,797.0,5.0,23.0,0.0,0.0,203633.5
11029999,Cozy Room in Astoria,Queens,Ditmars Steinway,40.7708,-73.90036,797.0,5.0,23.0,0.0,0.0,203633.5
29176921,Home Away From Home,Queens,Laurelton,40.66816,-73.74901,871.0,5.0,1.0,0.06027397260273973,19162.0,203378.49999999997
34367988,Adorable midtown studio,Manhattan,Murray Hill,40.74821,-73.97704,796.0,5.0,9.0,0.0,0.0,203377.99999999997
1241587,Lower East Side 2 Bed Apt.,Manhattan,Lower East Side,40.72008,-73.98404,935.0,5.0,19.0,0.10410958904109589,35530.0,203362.5
31445769,Peaceful Bohemian Studio,Manhattan,Harlem,40.79855,-73.9532,1120.0,5.0,41.0,0.20273972602739726,82880.0,203280.0
24251509,Spacious King near Times Square and Broadway Shows,Manhattan,Theater District,40.76026,-73.98747,818.0,5.0,4.0,0.019178082191780823,5726.0,203272.99999999997
42260355,Spacious King near Times Square and Broadway Shows,Manhattan,Theater District,40.76026,-73.98747,818.0,5.0,4.0,0.019178082191780823,5726.0,203272.99999999997
4152760,Large Group Friendly Rental,Brooklyn,Canarsie,40.62864,-73.89265,901.0,5.0,11.0,0.0821917808219178,27030.0,203175.49999999997
18906902,Heart of Park Slope,Brooklyn,Park Slope,40.67384,-73.97743,1107.0,5.0,36.0,0.19726027397260273,79704.0,203134.5
53664798,Heart of Park Slope,Brooklyn,Park Slope,40.67384,-73.97743,1107.0,5.0,36.0,0.19726027397260273,79704.0,203134.5
4245546,Clean Room by Metro/Subway -15mns to Manhattan,Brooklyn,Bedford-Stuyvesant,40.68206,-73.95441,992.0,5.0,100.0,0.13972602739726028,50592.00000000001,202864.0
52302826,"Modern, hip, light drenched apartment.",Brooklyn,Vinegar Hill,40.70312,-73.98416,883.0,5.0,3.0,0.07123287671232877,22958.0,202648.49999999997
17544930,"Modern, hip, light drenched apartment.",Brooklyn,Vinegar Hill,40.70312,-73.98416,883.0,5.0,3.0,0.07123287671232877,22958.0,202648.49999999997
21501607,Beautiful  apartment!!,Manhattan,Harlem,40.81223,-73.95284,1063.0,5.0,16.0,0.1780821917808219,69095.0,202501.49999999994
29549723,King suite with jacuzzi,Manhattan,Harlem,40.80526,-73.94618,792.0,5.0,19.0,0.0,0.0,202356.0
33300945,Cozy two bedroom apt close to Soho and NYU.,Manhattan,Lower East Side,40.72381,-73.99257,952.0,5.0,18.0,0.1178082191780822,40936.0,202300.0
18874316,Chic Downtown Getaway - Beautiful 1BR Flat,Manhattan,Chinatown,40.71721,-73.99312,1056.0,5.0,16.0,0.17534246575342466,67584.0,202224.0
53632212,Chic Downtown Getaway - Beautiful 1BR Flat,Manhattan,Chinatown,40.71721,-73.99312,1056.0,5.0,16.0,0.17534246575342466,67584.0,202224.0
32359273,Inspired Private Room with Laundry in Williamsburg,Brooklyn,Williamsburg,40.70942,-73.96438,998.0,5.0,97.0,0.14520547945205478,52893.99999999999,202094.99999999997
21079650,Walk in Basement Room with Window,Brooklyn,Borough Park,40.63586,-74.00597,1072.0,5.0,1.0,0.18356164383561643,71824.0,202072.0
55837546,Walk in Basement Room with Window,Brooklyn,Borough Park,40.63586,-74.00597,1072.0,5.0,1.0,0.18356164383561643,71824.0,202072.0
51912350,"•COZY APARTMENT IN BEDFORD AREA, 5 MINS MANHATTAN•",Brooklyn,Williamsburg,40.72064,-73.96022,1178.0,5.0,55.0,0.23013698630136986,98952.0,202026.99999999994
17154454,"•COZY APARTMENT IN BEDFORD AREA, 5 MINS MANHATTAN•",Brooklyn,Williamsburg,40.72064,-73.96022,1178.0,5.0,55.0,0.23013698630136986,98952.0,202026.99999999994
19961795,Cozy bedroom in Harlem,Manhattan,Harlem,40.82962,-73.94212,816.0,5.0,12.0,0.021917808219178082,6528.0,201959.99999999997
54719691,Cozy bedroom in Harlem,Manhattan,Harlem,40.82962,-73.94212,816.0,5.0,12.0,0.021917808219178082,6528.0,201959.99999999997
5216490,"Spacious, Renovated 1 BR Loft Apt",Manhattan,Chinatown,40.71491,-73.99182,920.0,5.0,6.0,0.09863013698630137,33120.0,201940.0
25695774,Pat's Place2,Queens,Bayside,40.7712,-73.78189,1049.0,5.0,7.0,0.1726027397260274,66087.0,201932.5
33706885,Cozy Private 1-bedroom rental unit in Brooklyn,Brooklyn,Crown Heights,40.677429,-73.957954,864.0,5.0,2.0,0.06027397260273973,19008.0,201743.99999999997
15244048,Studio Deluxe 2- Wyndham Midtown 45,Manhattan,Midtown,40.75328,-73.97193,815.0,5.0,2.0,0.021917808219178082,6520.0,201712.5
46815726,Studio Deluxe 2- Wyndham Midtown 45,Manhattan,Midtown,40.75328,-73.97193,815.0,5.0,2.0,0.021917808219178082,6520.0,201712.5
34734163,Bright Private BR in Brooklyn,Brooklyn,Bedford-Stuyvesant,40.68838,-73.94999,1197.0,5.0,1.0,0.23835616438356164,104139.0,201694.5
47297331,Large studio in Midtown Manhattan,Manhattan,Murray Hill,40.74872,-73.97701,792.0,5.0,1.0,0.0027397260273972603,792.0,201564.0
15725654,Large studio in Midtown Manhattan,Manhattan,Murray Hill,40.74872,-73.97701,792.0,5.0,1.0,0.0027397260273972603,792.0,201564.0
8957770,"Sunny ""green"" brownstone duplex with deck & garden",Brooklyn,Bedford-Stuyvesant,40.68556,-73.92767,1015.0,5.0,5.0,0.15616438356164383,57854.99999999999,201477.5
47520460,"Sunny ""green"" brownstone duplex with deck & garden",Brooklyn,Bedford-Stuyvesant,40.68556,-73.92767,1015.0,5.0,5.0,0.15616438356164383,57854.99999999999,201477.5
50030112,Doorman Gym 2 Beds Luxury Building!5211,Manhattan,Murray Hill,40.74404,-73.97217,1041.0,5.0,2.0,0.16986301369863013,64541.99999999999,201433.5
43039098,Doorman Gym 2 Beds Luxury Building!5211,Manhattan,Murray Hill,40.74404,-73.97217,1041.0,5.0,2.0,0.16986301369863013,64541.99999999999,201433.5
11467421,Doorman Gym 2 Beds Luxury Building!5211,Manhattan,Murray Hill,40.74404,-73.97217,1041.0,5.0,2.0,0.16986301369863013,64541.99999999999,201433.5
7817270,Brooklyn Best - Sunny&Spacious Apt,Brooklyn,Fort Greene,40.69027,-73.97847,1133.0,5.0,78.0,0.2136986301369863,88374.0,201107.49999999994
31577216,Shoreham Hotel - Amazing room in an Unrivaled Location,Manhattan,Midtown,40.76145,-73.97606,843.0,5.0,16.0,0.04657534246575343,14331.0,201055.49999999997
26848976,3 BEDROOMS IN BROOKLYN,Brooklyn,Greenpoint,40.72019,-73.94648,832.0,5.0,1.0,0.038356164383561646,11648.0,200928.0
34442549,"ROOM IN QUEENS, CLOSE TO SUBWAY STATION",Queens,Woodhaven,40.69662,-73.85019,805.0,5.0,6.0,0.01643835616438356,4829.999999999999,200847.5
33332426,Bonita Habitación en Manhattan,Manhattan,Washington Heights,40.85709,-73.93116,789.0,5.0,22.0,0.0027397260273972603,789.0,200800.49999999997
52131613,Bright spacious Studio overlooking Manhattan,Manhattan,Midtown,40.75241,-73.98558,1059.0,5.0,3.0,0.18082191780821918,69894.0,200680.5
17373717,Bright spacious Studio overlooking Manhattan,Manhattan,Midtown,40.75241,-73.98558,1059.0,5.0,3.0,0.18082191780821918,69894.0,200680.5
2656579,1 Bedroom in Greenwich Village,Manhattan,Greenwich Village,40.73236,-73.9992,863.0,5.0,13.0,0.06301369863013699,19849.000000000004,200647.49999999997
31078489,Modern Cozy Private Suite Near JFK,Queens,Rosedale,40.65564,-73.73872,1130.0,5.0,17.0,0.2136986301369863,88140.0,200575.0
32344913,West 48th Times Square Boutique Hotel Private Gem.,Manhattan,Hell's Kitchen,40.76165,-73.98707,788.0,5.0,1.0,0.0027397260273972603,788.0,200545.99999999997
6949607,Large and Charming East Village Apt,Manhattan,East Village,40.72824,-73.97543,1190.0,5.0,11.0,0.23835616438356164,103530.0,200515.0
31694856,407 West 51-Junior 1 Bedroom,Manhattan,Hell's Kitchen,40.76533,-73.99004,908.0,5.0,4.0,0.0958904109589041,31780.0,200213.99999999997
13769960,Bronx Wakefield Large Furnished Room,Bronx,Wakefield,40.88702,-73.86575,799.0,5.0,39.0,0.0136986301369863,3995.0,200149.49999999997
45341637,Bronx Wakefield Large Furnished Room,Bronx,Wakefield,40.88702,-73.86575,799.0,5.0,39.0,0.0136986301369863,3995.0,200149.49999999997
20849893,Fab & huge room in historic bedstuy brownstone,Brooklyn,Bedford-Stuyvesant,40.6909,-73.93737,868.0,5.0,17.0,0.0684931506849315,21699.999999999996,200073.99999999997
55607789,Fab & huge room in historic bedstuy brownstone,Brooklyn,Bedford-Stuyvesant,40.6909,-73.93737,868.0,5.0,17.0,0.0684931506849315,21699.999999999996,200073.99999999997
6992134,Pleasant Enviornment,Manhattan,Washington Heights,40.84707,-73.93541,875.0,5.0,38.0,0.07397260273972603,23625.000000000004,199937.5
34923602,Waterfront 1 BR in Prime Williamsburg,Brooklyn,Williamsburg,40.70921,-73.96971,932.0,5.0,2.0,0.11232876712328767,38212.0,199914.0
29881655,Luxury Modern Studio in the heart of Brooklyn,Brooklyn,Sheepshead Bay,40.59224,-73.94961,811.0,5.0,3.0,0.024657534246575342,7299.0,199911.49999999997
8996983,Great Apartment in Manhatan,Manhattan,Morningside Heights,40.81633,-73.96147,798.0,5.0,3.0,0.0136986301369863,3990.0,199898.99999999997
47559674,Great Apartment in Manhatan,Manhattan,Morningside Heights,40.81633,-73.96147,798.0,5.0,3.0,0.0136986301369863,3990.0,199898.99999999997
31760028,COZY & ALL PRIVATE SPACE  close to RUMC & SIUH,Staten Island,Port Richmond,40.63164,-74.13201,871.0,5.0,22.0,0.07123287671232877,22646.0,199894.49999999997
33385999,Trendy Private Bedroom in BedStuy,Brooklyn,Bedford-Stuyvesant,40.68779,-73.95095,1033.0,5.0,1.0,0.16986301369863013,64046.0,199885.49999999994
23670490,Stuy Heights Brownstone Passive House Garden Unit,Brooklyn,Bedford-Stuyvesant,40.68489,-73.92087,1049.0,5.0,15.0,0.1780821917808219,68184.99999999999,199834.5
29213925,Cozy 2 Bedroom Private Apartment In Queens,Queens,East Elmhurst,40.7565,-73.87939,1101.0,5.0,34.0,0.20273972602739726,81474.0,199831.5
37438776,Gorgeous Apt Best Location & Design,Manhattan,Kips Bay,40.74433,-73.97878,996.0,5.0,4.0,0.1506849315068493,54780.0,199697.99999999997
17531675,Cozy 2 Bed 2 bath  Pool in building,Manhattan,Upper East Side,40.77721,-73.94997,922.0,5.0,5.0,0.10684931506849316,35958.0,199613.0
52289571,Cozy 2 Bed 2 bath  Pool in building,Manhattan,Upper East Side,40.77721,-73.94997,922.0,5.0,5.0,0.10684931506849316,35958.0,199613.0
36362344,LUXE STUDIO SUITE - Midtown East - 22,Manhattan,Midtown,40.76085,-73.96655,985.0,5.0,20.0,0.14520547945205478,52205.0,199462.5
24155961,The Heart of Williamsburg Brooklyn,Brooklyn,Williamsburg,40.71586,-73.9391,1092.0,5.0,15.0,0.2,79716.0,199290.0
42164807,The Heart of Williamsburg Brooklyn,Brooklyn,Williamsburg,40.71586,-73.9391,1092.0,5.0,15.0,0.2,79716.0,199290.0
41054132,The Notorious B.N.B. {Custom},Brooklyn,Clinton Hill,40.68971,-73.96695,780.0,5.0,20.0,0.0,0.0,199290.0
32603942,Lovely  Sunnyside Room with a Cozy Ambiance.,Queens,Sunnyside,40.73756,-73.92176,1128.0,5.0,4.0,0.21643835616438356,89112.0,199091.99999999994
32954653,*NEW* Master Private Room in the Heart of Astoria,Queens,Ditmars Steinway,40.77194,-73.91823,778.0,5.0,6.0,0.0,0.0,198778.99999999997
30227395,Open Living Area Apartment - 7 mins to JFK Airport,Queens,Howard Beach,40.6634,-73.85416,803.0,5.0,42.0,0.021917808219178082,6424.000000000001,198742.49999999997
31995860,Private Brooklyn Bedroom & Bathroom (no kitchen),Brooklyn,Bedford-Stuyvesant,40.69148,-73.94687,976.0,5.0,33.0,0.14246575342465753,50752.0,198615.99999999997
22493538,Gorgeous 2 bedroom condo with a Manhattan skyline,Queens,Long Island City,40.7409,-73.95506,971.0,5.0,1.0,0.13972602739726028,49521.0,198569.49999999997
48762031,Spacious Upper Eastside Apt available July-August,Manhattan,Upper East Side,40.77614,-73.94626,1125.0,5.0,1.0,0.21643835616438356,88875.0,198562.5
4311270,One bedroom near Central Park West,Manhattan,Upper West Side,40.78749,-73.97087,1059.0,5.0,1.0,0.1863013698630137,72012.00000000001,198562.5
10199340,Spacious Upper Eastside Apt available July-August,Manhattan,Upper East Side,40.77614,-73.94626,1125.0,5.0,1.0,0.21643835616438356,88875.0,198562.5
32998284,"ROOM WITH 2 QUEEN BEDS. JACKSON HIGTHS, QUEENS, NY",Queens,Jackson Heights,40.75254,-73.89361,777.0,5.0,6.0,0.0,0.0,198523.5
32996627,Cozy 1 Bedroom Upper East Side on Lex Ave +W/D,Manhattan,Upper East Side,40.78119,-73.95532,861.0,5.0,4.0,0.0684931506849315,21524.999999999996,198460.49999999997
31591576,"Top Flight experience 
JFK /LGA/ Casino/mall",Queens,Springfield Gardens,40.66719,-73.76537,789.0,5.0,3.0,0.010958904109589041,3156.0,198433.49999999997
29031113,Studio Loft in Brooklyn,Brooklyn,Greenpoint,40.72761,-73.94516,1020.0,5.0,24.0,0.16712328767123288,62220.00000000001,198390.0
29867848,Beautiful shared Apt with Private Room,Brooklyn,Greenpoint,40.72921,-73.95731,1099.0,5.0,29.0,0.2054794520547945,82424.99999999999,198369.5
27358749,"Home Away Home,NextDoor To Subway, Accommodates 10",Brooklyn,Bedford-Stuyvesant,40.68988,-73.95936,853.0,5.0,1.0,0.06301369863013699,19619.0,198322.49999999997
16347544,Exclusive  & Luxurious 4BR/4Bath Townhouse,Manhattan,Murray Hill,40.74866,-73.97846,989.0,5.0,10.0,0.1506849315068493,54395.0,198294.49999999997
21518176,Great private room!,Brooklyn,Bedford-Stuyvesant,40.69854,-73.94552,933.0,5.0,23.0,0.1178082191780822,40119.0,198262.49999999997
36715263,"Modern, Private Room in Harlem",Manhattan,Harlem,40.81985,-73.9389,779.0,5.0,2.0,0.0027397260273972603,779.0,198255.49999999997
35928788,Private Bliss Art Space 2,Brooklyn,Bedford-Stuyvesant,40.68777,-73.94976,782.0,5.0,59.0,0.005479452054794521,1564.0,198237.0
3812543,Home Away from Home-Room in Midtown,Manhattan,Hell's Kitchen,40.76625,-73.99387,802.0,5.0,168.0,0.024657534246575342,7218.0,197693.0
1526573,1400sf Manhattan View Artistic Loft,Brooklyn,Greenpoint,40.7376,-73.95678,1138.0,5.0,3.0,0.22465753424657534,93316.0,197442.99999999994
34655184,Private 1B/1B in 2B/2B condo; Fort Greene,Brooklyn,Clinton Hill,40.6946,-73.96772,831.0,5.0,1.0,0.049315068493150684,14958.0,197362.49999999997
9239443,Room 1/2 block from Central Park!,Manhattan,East Harlem,40.79533,-73.94764,838.0,5.0,169.0,0.0547945205479452,16760.0,197348.99999999997
47802133,Room 1/2 block from Central Park!,Manhattan,East Harlem,40.79533,-73.94764,838.0,5.0,169.0,0.0547945205479452,16760.0,197348.99999999997
29087448,CESAR'S PALACE 2.0,Bronx,Pelham Gardens,40.8615,-73.83775,772.0,5.0,91.0,0.0,0.0,197246.0
9765785,Private 1 Bedroom Garden Level Apt,Brooklyn,Brooklyn Heights,40.69816,-73.99361,890.0,5.0,1.0,0.09315068493150686,30260.0,197135.0
48328475,Private 1 Bedroom Garden Level Apt,Brooklyn,Brooklyn Heights,40.69816,-73.99361,890.0,5.0,1.0,0.09315068493150686,30260.0,197135.0
49736288,Bright & Clean Bedroom Nice Area Close to Subway,Brooklyn,Fort Hamilton,40.61838,-74.03227,866.0,5.0,19.0,0.07671232876712329,24248.000000000004,197014.99999999997
11173597,Bright & Clean Bedroom Nice Area Close to Subway,Brooklyn,Fort Hamilton,40.61838,-74.03227,866.0,5.0,19.0,0.07671232876712329,24248.000000000004,197014.99999999997
24928077,Cozy Guest Quarters in East Village Penthouse!,Manhattan,East Village,40.7234,-73.98267,1129.0,5.0,15.0,0.2219178082191781,91449.0,197010.5
37643680,Superior Double Room with City View,Manhattan,Financial District,40.70462,-74.01027,851.0,5.0,2.0,0.06575342465753424,20423.999999999996,197006.49999999997
28457274,Lovely and cozy shared room near Central Park w-7,Manhattan,Upper West Side,40.80205,-73.96423,836.0,5.0,8.0,0.0547945205479452,16720.0,196877.99999999997
32007458,"NU Hotel, Double Standard Room",Brooklyn,Boerum Hill,40.6898,-73.98956,913.0,5.0,11.0,0.1095890410958904,36520.0,196751.49999999997
49290030,"Cute 1 br, steps to train, BUSHWICK",Brooklyn,Bushwick,40.69997,-73.92083,1084.0,5.0,30.0,0.20273972602739726,80216.0,196746.0
10727339,"Cute 1 br, steps to train, BUSHWICK",Brooklyn,Bushwick,40.69997,-73.92083,1084.0,5.0,30.0,0.20273972602739726,80216.0,196746.0
34571235,Studio Apartment Bushwick/Ridgewood,Queens,Ridgewood,40.70873,-73.91732,1096.0,5.0,128.0,0.20821917808219179,83296.0,196732.0
32744226,Large private room w/ locking door in Flushing,Queens,Flushing,40.75784,-73.78644,1174.0,5.0,10.0,0.2410958904109589,103312.0,196645.0
6275249,Your own house in NYC,Queens,Bayside,40.76729,-73.77162,785.0,5.0,74.0,0.0136986301369863,3925.0,196642.5
35706211,"Private 2BR, grandest parlor suite by historic BAM",Brooklyn,Fort Greene,40.686508,-73.977104,769.0,5.0,15.0,0.0,0.0,196479.49999999997
7913923,Room next to Columbia University,Manhattan,Morningside Heights,40.80838,-73.95995,775.0,5.0,1.0,0.005479452054794521,1550.0,196462.5
31165201,Lovely 3-bedroom apartment in Queens,Queens,Richmond Hill,40.6833,-73.82911,820.0,5.0,9.0,0.043835616438356165,13120.0,196390.0
6459717,Private Room in Downtown Manhattan,Manhattan,Chelsea,40.7438,-73.99751,989.0,5.0,259.0,0.15616438356164383,56373.00000000001,196316.49999999997
1607761,Historic 3 Bedroom Eastern Parkway,Brooklyn,Crown Heights,40.66933,-73.93798,1047.0,5.0,19.0,0.1863013698630137,71196.0,196312.5
36257407,"110 St & Lex, 1BR 10 mins to Central park, 1 min to Subway",Manhattan,East Harlem,40.79465,-73.9437,1171.0,5.0,16.0,0.2410958904109589,103048.0,196142.5
49395519,East Flatbush- Sunny 1 bedroom apt,Brooklyn,Flatlands,40.62297,-73.93849,973.0,5.0,7.0,0.14794520547945206,52542.0,196059.49999999997
10832828,East Flatbush- Sunny 1 bedroom apt,Brooklyn,Flatlands,40.62297,-73.93849,973.0,5.0,7.0,0.14794520547945206,52542.0,196059.49999999997
31816362,The Vanderbilt Executive,Manhattan,Murray Hill,40.74909,-73.9774,987.0,5.0,5.0,0.15616438356164383,56259.0,195919.5
31392748,Amazing 1bedroom in a 2 bedroom apartment brooklyn,Brooklyn,Crown Heights,40.67411,-73.95132,798.0,5.0,1.0,0.0273972602739726,7980.0,195908.99999999997
48304726,Ditmas Park Beauty,Brooklyn,Flatbush,40.64159,-73.95985,972.0,5.0,96.0,0.14794520547945206,52488.0,195858.0
9742036,Ditmas Park Beauty,Brooklyn,Flatbush,40.64159,-73.95985,972.0,5.0,96.0,0.14794520547945206,52488.0,195858.0
5649493,"Sunny Private Room, & bath",Brooklyn,Bedford-Stuyvesant,40.68521,-73.93707,892.0,5.0,115.0,0.09863013698630137,32111.999999999996,195794.0
48748776,Peaches Bungalow,Manhattan,Washington Heights,40.83791,-73.94075,917.0,5.0,89.0,0.11506849315068493,38514.0,195779.5
10186085,Peaches Bungalow,Manhattan,Washington Heights,40.83791,-73.94075,917.0,5.0,89.0,0.11506849315068493,38514.0,195779.5
42427150,THE STUDIO LODGE BROOKLYN,Brooklyn,Bedford-Stuyvesant,40.68224,-73.92097,948.0,5.0,4.0,0.13424657534246576,46452.0,195761.99999999997
24418304,THE STUDIO LODGE BROOKLYN,Brooklyn,Bedford-Stuyvesant,40.68224,-73.92097,948.0,5.0,4.0,0.13424657534246576,46452.0,195761.99999999997
15128065,Garden mini apt minutes from Manhattan (studio),Queens,Forest Hills,40.71089,-73.85384,1197.0,5.0,97.0,0.25205479452054796,110124.0,195709.5
46699743,Garden mini apt minutes from Manhattan (studio),Queens,Forest Hills,40.71089,-73.85384,1197.0,5.0,97.0,0.25205479452054796,110124.0,195709.5
25218034,Bright & designed apartment in Brooklyn,Brooklyn,Crown Heights,40.67144,-73.94613,1038.0,5.0,14.0,0.18356164383561643,69546.0,195662.99999999994
35905039,Quiet 2 Bedrm w 3 Beds-ProspectPark,Brooklyn,Prospect-Lefferts Gardens,40.65974,-73.94792,800.0,5.0,34.0,0.030136986301369864,8800.0,195600.0
32292445,Unique parlor floor with private outdoor space,Brooklyn,Bedford-Stuyvesant,40.68589,-73.93703,1127.0,5.0,2.0,0.22465753424657534,92414.0,195534.5
24754654,Manhattan XTRA space & luxury for 12. Free Parking,Manhattan,Washington Heights,40.8357,-73.94234,865.0,5.0,1.0,0.0821917808219178,25950.0,195057.5
42763501,Manhattan XTRA space & luxury for 12. Free Parking,Manhattan,Washington Heights,40.8357,-73.94234,865.0,5.0,1.0,0.0821917808219178,25950.0,195057.5
35895650,Large private Room with loveseat & comfortable bed,Bronx,Clason Point,40.8154,-73.86496,766.0,5.0,4.0,0.0027397260273972603,766.0,194946.99999999997
4502366,Modern Duplex with yard  in Bedstuy,Brooklyn,Bedford-Stuyvesant,40.68589,-73.93286,769.0,5.0,1.0,0.005479452054794521,1538.0,194941.49999999997
38137988,Studio With Washer Dryer Midtown East,Manhattan,Midtown,40.75593,-73.96266,807.0,5.0,4.0,0.038356164383561646,11298.000000000002,194890.5
39522604,Private Two Bedroom with Garden in Cobble Hill,Brooklyn,Carroll Gardens,40.68344,-73.9933,976.0,5.0,75.0,0.15342465753424658,54656.0,194711.99999999997
34226599,Lovely french style apartment in Central Harlem .,Manhattan,Harlem,40.806301,-73.952599,852.0,5.0,4.0,0.07397260273972603,23004.0,194682.0
30959745,2 BR House in Jamaica Queens close to JFK,Queens,Jamaica,40.68472,-73.79472,796.0,5.0,7.0,0.030136986301369864,8756.0,194621.99999999997
31530271,1600ft TriBeCa Townhouse | Luxury & Spacious,Manhattan,Tribeca,40.71878,-74.00913,826.0,5.0,72.0,0.0547945205479452,16520.0,194522.99999999997
32932561,One More Night (OMN),Queens,St. Albans,40.68835,-73.75634,911.0,5.0,26.0,0.11506849315068493,38262.0,194498.49999999997
21334261,Brooklyn Room & Driveway,Brooklyn,Flatlands,40.62453,-73.92479,1175.0,5.0,3.0,0.2465753424657534,105750.0,194462.5
9560329,"Great Room & Location, Williamsburg",Brooklyn,Williamsburg,40.71019,-73.95439,862.0,5.0,2.0,0.0821917808219178,25859.999999999996,194381.0
48123020,"Great Room & Location, Williamsburg",Brooklyn,Williamsburg,40.71019,-73.95439,862.0,5.0,2.0,0.0821917808219178,25859.999999999996,194381.0
37159865,Enjoy a break. You deserve luxury!,Manhattan,Washington Heights,40.84013,-73.94581,782.0,5.0,9.0,0.019178082191780823,5474.0,194327.0
46782035,Cozy designer room in Art-loving Prime Bushwick,Brooklyn,Bushwick,40.70068,-73.92211,1133.0,5.0,3.0,0.23013698630136986,95172.0,194309.49999999994
15210358,Cozy designer room in Art-loving Prime Bushwick,Brooklyn,Bushwick,40.70068,-73.92211,1133.0,5.0,3.0,0.23013698630136986,95172.0,194309.49999999994
41162935,Stylish 1 Bdr. Apt. on Upper East,Manhattan,Upper East Side,40.77372,-73.94803,839.0,5.0,7.0,0.06575342465753424,20136.0,194228.49999999997
27486883,1 Large Apartment in Williamsburg,Brooklyn,Williamsburg,40.71336,-73.95865,893.0,5.0,1.0,0.10410958904109589,33934.0,194227.49999999997
34147068,One BR 2nd FL apartment close to Air Train,Queens,Jamaica,40.69074,-73.80449,760.0,5.0,13.0,0.0,0.0,194180.0
30101471,Large Sunny Bedroom With great View,Brooklyn,Bedford-Stuyvesant,40.6867,-73.94856,794.0,5.0,70.0,0.030136986301369864,8734.0,194132.99999999997
5479937,A Perfect Stay,Brooklyn,Williamsburg,40.71494,-73.95472,972.0,5.0,40.0,0.15342465753424658,54432.0,193914.0
1783945,"Huge factory loft, prime location",Brooklyn,Williamsburg,40.71657,-73.96264,789.0,5.0,179.0,0.0273972602739726,7890.0,193699.49999999997
33228593,Private Room in Garden Apartment 10min Manhattan,Queens,Long Island City,40.75385,-73.93559,1136.0,5.0,3.0,0.2328767123287671,96560.0,193688.0
31893132,Super Cute 1 Bedroom Best Location,Manhattan,Kips Bay,40.74003,-73.97957,802.0,5.0,10.0,0.038356164383561646,11228.0,193683.0
5442933,Private Rooms @ Townhouse,Brooklyn,Park Slope,40.6681,-73.98319,1097.0,5.0,97.0,0.21643835616438356,86663.0,193620.5
24202354,2 bedroom 3 beds! Doorman Elevator 5229,Manhattan,Hell's Kitchen,40.76651,-73.98752,890.0,5.0,1.0,0.10410958904109589,33820.0,193575.0
42211201,2 bedroom 3 beds! Doorman Elevator 5229,Manhattan,Hell's Kitchen,40.76651,-73.98752,890.0,5.0,1.0,0.10410958904109589,33820.0,193575.0
33988006,1 BR Contemporary Luxury Apartment w W/D in UWS,Manhattan,Upper West Side,40.78541,-73.97267,825.0,5.0,8.0,0.057534246575342465,17325.0,193462.5
21652385,Home of Harmony,Brooklyn,Bedford-Stuyvesant,40.68277,-73.92012,1114.0,5.0,35.0,0.22465753424657534,91348.0,193279.0
49140356,Luxury drmn Bldg + Empire State Views & Roof Top!,Manhattan,Kips Bay,40.74033,-73.98268,765.0,5.0,7.0,0.00821917808219178,2295.0,193162.5
10577666,Luxury drmn Bldg + Empire State Views & Roof Top!,Manhattan,Kips Bay,40.74033,-73.98268,765.0,5.0,7.0,0.00821917808219178,2295.0,193162.5
25805681,J & G Comfort Cove: Feel of luxury and tranquility,Brooklyn,Canarsie,40.63031,-73.89618,756.0,5.0,5.0,0.0,0.0,193157.99999999997
34909795,Lourve Hotel NYC Bright King Room,Queens,Corona,40.73753,-73.85133,756.0,5.0,12.0,0.0,0.0,193157.99999999997
28644503,★ Lovely Private One Bedroom Apartment 15min JFK ★,Brooklyn,Canarsie,40.64482,-73.89066,1153.0,5.0,76.0,0.2410958904109589,101464.0,193127.49999999994
18305447,COZY THREE BEDROOM APT NEAR JFK AIRPORT,Queens,Richmond Hill,40.69004,-73.83368,813.0,5.0,28.0,0.049315068493150684,14634.0,193087.49999999997
53063343,COZY THREE BEDROOM APT NEAR JFK AIRPORT,Queens,Richmond Hill,40.69004,-73.83368,813.0,5.0,28.0,0.049315068493150684,14634.0,193087.49999999997
6489541,NiceRoomNiceNeighborhoodCloseMaimonidesHospital,Brooklyn,Borough Park,40.63741,-74.00118,845.0,5.0,43.0,0.07397260273972603,22815.0,193082.5
39097885,✰ LOCATION | LOCATION | LOCATION ✰,Manhattan,Gramercy,40.73814,-73.98221,856.0,5.0,2.0,0.0821917808219178,25679.999999999996,193027.99999999997
42495635,Luxury NYC Rental / Affordable / Roosevelt Island,Manhattan,Roosevelt Island,40.76092,-73.95154,953.0,5.0,1.0,0.14520547945205478,50509.0,192982.49999999997
24486789,Luxury NYC Rental / Affordable / Roosevelt Island,Manhattan,Roosevelt Island,40.76092,-73.95154,953.0,5.0,1.0,0.14520547945205478,50509.0,192982.49999999997
40923237,Luxury  suite.(private),Brooklyn,Bensonhurst,40.61059,-74.00602,972.0,5.0,287.0,0.15616438356164383,55403.99999999999,192942.0
39861164,Master Bedroom  Ideal for 2 - Luxury for 1 !,Brooklyn,Prospect-Lefferts Gardens,40.6627,-73.95875,755.0,5.0,8.0,0.0,0.0,192902.5
21699883,Beautiful Private Small Room with 2 Beds,Brooklyn,Bedford-Stuyvesant,40.68634,-73.95499,912.0,5.0,13.0,0.12054794520547946,40128.00000000001,192888.0
46050238,Spacious 2 bedroom railroad apartment,Brooklyn,Gowanus,40.67718,-73.98513,802.0,5.0,67.0,0.0410958904109589,12030.0,192881.0
14478561,Spacious 2 bedroom railroad apartment,Brooklyn,Gowanus,40.67718,-73.98513,802.0,5.0,67.0,0.0410958904109589,12030.0,192881.0
5786463,Spacious & sunny in Clinton Hill :),Brooklyn,Bedford-Stuyvesant,40.69154,-73.95544,1034.0,5.0,4.0,0.18904109589041096,71346.0,192841.0
23617469,Three Bedroom / 2.5 Restroom In Warm Relaxing Home,Queens,Richmond Hill,40.68378,-73.83136,818.0,5.0,7.0,0.0547945205479452,16360.0,192638.99999999997
26387253,Amazing 3 bedroom in Williamsburg,Brooklyn,Williamsburg,40.71697,-73.94227,923.0,5.0,1.0,0.12876712328767123,43381.0,192445.49999999997
47364712,"3 Beds, 2 Baths serviced apartment Tesoro-Gramercy",Manhattan,Gramercy,40.73765,-73.98454,861.0,5.0,34.0,0.08767123287671233,27552.000000000004,192433.49999999997
15793035,"3 Beds, 2 Baths serviced apartment Tesoro-Gramercy",Manhattan,Gramercy,40.73765,-73.98454,861.0,5.0,34.0,0.08767123287671233,27552.000000000004,192433.49999999997
13673307,Cozy Two Bedrooms Home Away From Home  Getaway.,Brooklyn,East Flatbush,40.63693,-73.92242,914.0,5.0,108.0,0.1232876712328767,41130.0,192396.99999999997
45244984,Cozy Two Bedrooms Home Away From Home  Getaway.,Brooklyn,East Flatbush,40.63693,-73.92242,914.0,5.0,108.0,0.1232876712328767,41130.0,192396.99999999997
55544827,5. Beautiful Clean room just 20mnts to Manhattan,Queens,Sunnyside,40.73773,-73.92227,827.0,5.0,15.0,0.06301369863013699,19021.000000000004,192277.5
20786931,5. Beautiful Clean room just 20mnts to Manhattan,Queens,Sunnyside,40.73773,-73.92227,827.0,5.0,15.0,0.06301369863013699,19021.000000000004,192277.5
2819508,LARGE Studio in elevator building!,Manhattan,Upper East Side,40.76876,-73.95979,796.0,5.0,1.0,0.038356164383561646,11144.000000000002,192233.99999999997
29136603,Private room in Fresh Meadows,Queens,Fresh Meadows,40.73902,-73.7925,752.0,5.0,45.0,0.0,0.0,192136.0
3830769,Private Apt. in Brooklyn Brownstone + Garden,Brooklyn,Bedford-Stuyvesant,40.68822,-73.94357,863.0,5.0,116.0,0.09041095890410959,28479.0,192017.49999999997
46015443,Cozy Apartment in a Private House,Queens,Jackson Heights,40.75382,-73.88231,1075.0,5.0,21.0,0.21095890410958903,82775.0,191887.5
14443766,Cozy Apartment in a Private House,Queens,Jackson Heights,40.75382,-73.88231,1075.0,5.0,21.0,0.21095890410958903,82775.0,191887.5
49399385,A Lovely One Bedroom Apartment!,Bronx,Norwood,40.86853,-73.88301,882.0,5.0,7.0,0.10410958904109589,33516.0,191835.0
10836694,A Lovely One Bedroom Apartment!,Bronx,Norwood,40.86853,-73.88301,882.0,5.0,7.0,0.10410958904109589,33516.0,191835.0
23759962,Twin Beds  With Sauna & Relaxing Spa Amenities,Brooklyn,Flatlands,40.62297,-73.92971,1125.0,5.0,13.0,0.2328767123287671,95624.99999999999,191812.5
30390324,☆ STUDIO East Village ☆ Own bath! ☆ Sleeps 5,Manhattan,East Village,40.72641,-73.98711,1166.0,5.0,386.0,0.2493150684931507,106106.00000000001,191807.0
50899432,Brooklyn Style Apartment!,Brooklyn,Flatbush,40.64438,-73.95484,1118.0,5.0,15.0,0.23013698630136986,93912.0,191736.99999999994
12336741,Brooklyn Style Apartment!,Brooklyn,Flatbush,40.64438,-73.95484,1118.0,5.0,15.0,0.23013698630136986,93912.0,191736.99999999994
56568791,Brooklyn Style Apartment!,Brooklyn,Flatbush,40.64438,-73.95484,1118.0,5.0,15.0,0.23013698630136986,93912.0,191736.99999999994
43908418,Brooklyn Style Apartment!,Brooklyn,Flatbush,40.64438,-73.95484,1118.0,5.0,15.0,0.23013698630136986,93912.0,191736.99999999994
35092054,"The Best Panoramic Views of Manhattan Have To Offer! 3 Serene Units, Restaurant, Bar, Near Soho Shopping!",Manhattan,Midtown,40.75325,-73.98618,756.0,5.0,6.0,0.005479452054794521,1512.0,191645.99999999997
37081438,Spacious 2 Queen Bed Studio with 42nd Street view,Manhattan,Theater District,40.75544,-73.98837,768.0,5.0,1.0,0.01643835616438356,4607.999999999999,191615.99999999997
8259110,Clean Spacious Apt in Williamsburg,Brooklyn,Williamsburg,40.71896,-73.9592,758.0,5.0,6.0,0.00821917808219178,2274.0,191395.0
35499651,Charming Queen Deluxe at Time SQ Boutique Hotel,Manhattan,Theater District,40.76014,-73.98531,752.0,5.0,4.0,0.0027397260273972603,752.0,191384.0
35704002,"Modern, Spacious 2 BR Apartment",Queens,Queens Village,40.72034,-73.73496,1090.0,5.0,24.0,0.2191780821917808,87199.99999999999,191295.0
36008872,1br Loft: Cleaning CDC guidelines implemented,Brooklyn,Greenpoint,40.72695,-73.94212,836.0,5.0,7.0,0.07397260273972603,22572.0,191025.99999999997
30582524,L & G Kozy Korner,Brooklyn,Canarsie,40.64488,-73.89516,747.0,5.0,8.0,0.0,0.0,190858.5
20162832,Empire State views LUXURY 3BR/2BA w terrace+Gym,Manhattan,Murray Hill,40.74828,-73.97917,828.0,5.0,5.0,0.0684931506849315,20699.999999999996,190853.99999999997
54920728,Empire State views LUXURY 3BR/2BA w terrace+Gym,Manhattan,Murray Hill,40.74828,-73.97917,828.0,5.0,5.0,0.0684931506849315,20699.999999999996,190853.99999999997
23640113,Spacious ground floor in Brooklyn town house,Brooklyn,Bedford-Stuyvesant,40.68636,-73.95577,1196.0,5.0,11.0,0.26301369863013696,114815.99999999999,190762.0
37537086,Castle By The Airport,Queens,Springfield Gardens,40.66311,-73.76066,1196.0,5.0,5.0,0.26301369863013696,114815.99999999999,190762.0
2131342,Rooms in Spacious East Village Apt.,Manhattan,East Village,40.72361,-73.97877,873.0,5.0,5.0,0.10136986301369863,32301.0,190750.49999999997
35861407,Luxurious 2 BR - Gramercy,Manhattan,Kips Bay,40.74202,-73.9789,857.0,5.0,15.0,0.09041095890410959,28281.0,190682.5
6714327,Room in Stylish Hells Kitchen Apt.,Manhattan,Hell's Kitchen,40.76328,-73.99347,1105.0,5.0,3.0,0.2273972602739726,91715.00000000001,190612.5
23729586,PRIVATE APARTMENT BUSINESS FRIENDLY,Queens,Middle Village,40.71515,-73.88392,931.0,5.0,2.0,0.13972602739726028,47481.00000000001,190389.49999999997
33920073,Lovely one bedroom private,Brooklyn,Bushwick,40.69275,-73.90563,959.0,5.0,10.0,0.15616438356164383,54663.0,190361.49999999997
35966344,The best place for your party,Queens,Forest Hills,40.73428,-73.84693,766.0,5.0,2.0,0.019178082191780823,5362.0,190350.99999999997
33036945,Beautiful Suite W/ Private Bathroom,Queens,Ridgewood,40.70833,-73.91382,900.0,5.0,34.0,0.12054794520547946,39600.0,190350.0
31389434,Leslie,Queens,Rosedale,40.65544,-73.72142,745.0,5.0,1.0,0.0,0.0,190347.5
39509901,NYC 1st Shipping Container Home,Brooklyn,Williamsburg,40.70995,-73.95536,822.0,5.0,404.0,0.06575342465753424,19727.999999999996,190293.0
30730540,Private basement studio with backyard access.,Brooklyn,Bedford-Stuyvesant,40.691,-73.95026,968.0,5.0,27.0,0.16164383561643836,57112.0,190211.99999999997
9719392,Brand New Clean and Sunny one bed!,Brooklyn,Bushwick,40.69761,-73.92495,1109.0,5.0,43.0,0.23013698630136986,93156.0,190193.5
48282082,Brand New Clean and Sunny one bed!,Brooklyn,Bushwick,40.69761,-73.92495,1109.0,5.0,43.0,0.23013698630136986,93156.0,190193.5
38298155,"Large, Sunny Family-Friendly Apt. (Smoke-Free)",Brooklyn,Bedford-Stuyvesant,40.68483,-73.93206,907.0,5.0,32.0,0.12602739726027398,41722.00000000001,190016.5
46629048,SoHa Jewel,Manhattan,Harlem,40.80041,-73.95401,861.0,5.0,68.0,0.0958904109589041,30135.0,189850.49999999997
15057371,SoHa Jewel,Manhattan,Harlem,40.80041,-73.95401,861.0,5.0,68.0,0.0958904109589041,30135.0,189850.49999999997
21130462,"Heart of Ft Greene, newly renovated w garden patio",Brooklyn,Fort Greene,40.68904,-73.97269,1197.0,5.0,20.0,0.26575342465753427,116109.00000000001,189724.5
55888358,"Heart of Ft Greene, newly renovated w garden patio",Brooklyn,Fort Greene,40.68904,-73.97269,1197.0,5.0,20.0,0.26575342465753427,116109.00000000001,189724.5
30643829,Tranquil 2 Bedroom: CDC guidelines implemented,Brooklyn,Bedford-Stuyvesant,40.67779,-73.91676,823.0,5.0,18.0,0.0684931506849315,20575.0,189701.49999999997
21375683,3 Beds in Private Room 2 - 20 Minutes to Manhattan,Brooklyn,Bedford-Stuyvesant,40.69397,-73.94921,826.0,5.0,26.0,0.07123287671232877,21476.0,189566.99999999997
23072349,GORGEOUS PRIME SOHO 3 BEDROOMS PENTHOUSE,Manhattan,SoHo,40.72267,-74.00334,1105.0,5.0,17.0,0.23013698630136986,92820.0,189507.5
23531862,Brooklyn Exquisite,Brooklyn,Fort Greene,40.6927,-73.97265,1158.0,5.0,13.0,0.25205479452054796,106536.00000000001,189332.99999999994
1855744,Peaceful double room in Brooklyn Brownstone,Brooklyn,Prospect Heights,40.67793,-73.96577,1165.0,5.0,190.0,0.2547945205479452,108345.0,189312.5
8124349,Large Stylish & Modern 1 BR Apt.,Manhattan,Hell's Kitchen,40.76379,-73.99378,854.0,5.0,1.0,0.09315068493150686,29036.0,189160.99999999997
31351326,Beautiful room at BKLYN 2 min from Subway Station,Brooklyn,Bedford-Stuyvesant,40.67938,-73.90957,743.0,5.0,4.0,0.0027397260273972603,743.0,189093.5
33193798,Rest Best 2,Brooklyn,East New York,40.66729,-73.87393,740.0,5.0,6.0,0.0,0.0,189070.0
33972541,Huge 2 bedroom- long term stay-free wifi & parking,Brooklyn,Canarsie,40.63241,-73.90313,831.0,5.0,79.0,0.07671232876712329,23268.0,189052.49999999997
33150167,Piece of mind in Harlem,Manhattan,East Harlem,40.81514,-73.935,1019.0,5.0,10.0,0.1917808219178082,71330.0,189024.49999999997
23321988,FORT GREENE THE NEW HEART BEAT OF BROOKLYN!,Brooklyn,Fort Greene,40.68994,-73.96952,971.0,5.0,5.0,0.16712328767123288,59231.0,188859.49999999997
49275670,California King of Elevated Castle,Manhattan,Hell's Kitchen,40.76404,-73.9926,951.0,5.0,120.0,0.15616438356164383,54207.0,188773.49999999997
10712979,California King of Elevated Castle,Manhattan,Hell's Kitchen,40.76404,-73.9926,951.0,5.0,120.0,0.15616438356164383,54207.0,188773.49999999997
26509312,"PRIVATE, NEWLY RENOVATED BEDROOM, 10 MINS FROM JFK",Queens,Howard Beach,40.66799,-73.85135,1017.0,5.0,16.0,0.1917808219178082,71190.0,188653.5
35494128,Deluxe King Size in Times SQ Boutique Hotel.,Manhattan,Theater District,40.75941,-73.98667,744.0,5.0,14.0,0.005479452054794521,1488.0,188603.99999999997
36429172,Beautiful big room in Carroll Gardens Brooklyn!!!,Brooklyn,Columbia St,40.68114,-74.00424,950.0,5.0,139.0,0.15616438356164383,54149.99999999999,188575.0
34336507,HEART OF NYC! Sunny furn 1 br wifi,Manhattan,Gramercy,40.73342,-73.98551,995.0,5.0,228.0,0.18082191780821918,65670.0,188552.5
2332379,Sexy Bedroom near Central Park!,Manhattan,East Harlem,40.78943,-73.94726,767.0,5.0,38.0,0.0273972602739726,7670.0,188298.5
37207363,"Cozy 1 Bedroom in Brooklyn, near park and shops",Brooklyn,Crown Heights,40.67182,-73.93095,1130.0,5.0,13.0,0.24383561643835616,100570.0,188145.0
33537329,Rossini's Place,Brooklyn,Gowanus,40.6828,-73.98552,893.0,5.0,7.0,0.1232876712328767,40185.0,187976.49999999997
29202879,New 2bd with back yard in Crown heights,Brooklyn,Crown Heights,40.672,-73.93283,826.0,5.0,33.0,0.07671232876712329,23128.000000000004,187914.99999999997
39788813,2bdrm + Patio/BackYard/Time Square/1st Floor,Manhattan,Hell's Kitchen,40.7642,-73.98677,1076.0,5.0,287.0,0.2219178082191781,87156.0,187762.0
9821567,Nice Large Well-Lit Studio in Clinton Hill,Brooklyn,Clinton Hill,40.68425,-73.96455,896.0,5.0,2.0,0.12602739726027398,41216.0,187711.99999999997
48384258,Nice Large Well-Lit Studio in Clinton Hill,Brooklyn,Clinton Hill,40.68425,-73.96455,896.0,5.0,2.0,0.12602739726027398,41216.0,187711.99999999997
8152516,Cozy Studio in the Heart of the UWS,Manhattan,Upper West Side,40.78528,-73.98091,859.0,5.0,5.0,0.10136986301369863,31783.000000000004,187691.49999999997
33452827,Newly renovated house 4 bedroom. Minutes from NYC,Staten Island,Castleton Corners,40.61066,-74.12276,964.0,5.0,60.0,0.16712328767123288,58804.0,187497.99999999997
3193967,Awesome Spot near HK/Theatre Distri,Manhattan,Hell's Kitchen,40.76269,-73.9907,1168.0,5.0,196.0,0.2602739726027397,110960.0,187463.99999999994
43562126,(3)Comfy Home Away From Home/Multiple Rooms,Brooklyn,Bedford-Stuyvesant,40.68875,-73.95401,773.0,5.0,41.0,0.03561643835616438,10049.0,187452.49999999997
56222499,(3)Comfy Home Away From Home/Multiple Rooms,Brooklyn,Bedford-Stuyvesant,40.68875,-73.95401,773.0,5.0,41.0,0.03561643835616438,10049.0,187452.49999999997
50553140,(3)Comfy Home Away From Home/Multiple Rooms,Brooklyn,Bedford-Stuyvesant,40.68875,-73.95401,773.0,5.0,41.0,0.03561643835616438,10049.0,187452.49999999997
11990449,(3)Comfy Home Away From Home/Multiple Rooms,Brooklyn,Bedford-Stuyvesant,40.68875,-73.95401,773.0,5.0,41.0,0.03561643835616438,10049.0,187452.49999999997
19936942,NICE COZY PRIVET ROOM,Brooklyn,Sheepshead Bay,40.59887,-73.9579,1175.0,5.0,1.0,0.26301369863013696,112799.99999999999,187412.5
54694837,NICE COZY PRIVET ROOM,Brooklyn,Sheepshead Bay,40.59887,-73.9579,1175.0,5.0,1.0,0.26301369863013696,112799.99999999999,187412.5
32142219,Private Room w/ Self check-in Close to Downtown!,Queens,Ditmars Steinway,40.77348,-73.91608,763.0,5.0,17.0,0.0273972602739726,7630.0,187316.5
4990047,Spacious Full 1 Bedroom Apartment,Brooklyn,Flatbush,40.64858,-73.96378,978.0,5.0,24.0,0.17534246575342466,62592.0,187286.99999999997
45205219,Beautiful in Brooklyn - Perfect for Groups!,Brooklyn,Bushwick,40.68827,-73.91815,943.0,5.0,54.0,0.15616438356164383,53751.0,187185.49999999997
13633542,Beautiful in Brooklyn - Perfect for Groups!,Brooklyn,Bushwick,40.68827,-73.91815,943.0,5.0,54.0,0.15616438356164383,53751.0,187185.49999999997
3208327,Private 1Bed/Bath in Sunny 3Bed Apt,Brooklyn,Boerum Hill,40.68844,-73.98513,1096.0,5.0,5.0,0.2328767123287671,93160.0,186868.0
54147508,Cozy place II,Staten Island,Port Richmond,40.63408,-74.13224,737.0,5.0,40.0,0.005479452054794521,1473.9999999999998,186829.5
19389612,Cozy place II,Staten Island,Port Richmond,40.63408,-74.13224,737.0,5.0,40.0,0.005479452054794521,1473.9999999999998,186829.5
33298183,Royal Court,Queens,Jamaica,40.66918,-73.78709,1186.0,5.0,75.0,0.2684931506849315,116228.0,186795.0
34409411,111 - Bright 1 BR unit in luxury amenity building,Manhattan,Upper East Side,40.76113,-73.95989,770.0,5.0,10.0,0.03561643835616438,10010.0,186725.0
10330788,Large & sunny private bedroom in a townhouse.,Queens,Long Island City,40.74275,-73.95513,813.0,5.0,12.0,0.07123287671232877,21138.0,186583.49999999997
48893478,Large & sunny private bedroom in a townhouse.,Queens,Long Island City,40.74275,-73.95513,813.0,5.0,12.0,0.07123287671232877,21138.0,186583.49999999997
9821015,Stunning Brooklyn loft in a church!,Brooklyn,Williamsburg,40.71638,-73.95684,1039.0,5.0,27.0,0.20821917808219179,78964.0,186500.5
48383705,Stunning Brooklyn loft in a church!,Brooklyn,Williamsburg,40.71638,-73.95684,1039.0,5.0,27.0,0.20821917808219179,78964.0,186500.5
2420747,2 BED ROOM APT. IN A PRIVATE HOUSE,Queens,Queens Village,40.72512,-73.73986,857.0,5.0,5.0,0.10410958904109589,32566.0,186397.5
31211594,Steps away from the Heart of the Theater District!,Manhattan,Theater District,40.75876,-73.98846,744.0,5.0,15.0,0.0136986301369863,3720.0,186371.99999999997
35790161,Bergen Beach 3 bedroom 2 bath unit,Brooklyn,Bergen Beach,40.62397,-73.91051,732.0,5.0,51.0,0.0027397260273972603,732.0000000000001,186294.0
26688809,Luxury 3 bedroom home close to LaGuardia 8 guests,Queens,East Elmhurst,40.75946,-73.89019,880.0,5.0,10.0,0.12054794520547946,38720.0,186120.0
30687461,Private space in Brooklyn,Brooklyn,Flatbush,40.64543,-73.96223,977.0,5.0,198.0,0.1780821917808219,63505.0,186118.5
7834944,"Charming 2BD Cozy & Quiet, 6 Train",Manhattan,East Harlem,40.78987,-73.9482,1145.0,5.0,39.0,0.2547945205479452,106485.00000000001,186062.5
20728940,LaGuardia Airport 15min•COZY8PPL•10min Ride to NYC,Queens,Ditmars Steinway,40.7699,-73.91156,1007.0,5.0,33.0,0.19452054794520549,71497.0,185791.5
55486836,LaGuardia Airport 15min•COZY8PPL•10min Ride to NYC,Queens,Ditmars Steinway,40.7699,-73.91156,1007.0,5.0,33.0,0.19452054794520549,71497.0,185791.5
54056379,Peaceful Private Clean Rm Near 2/5Train/Metro N.,Bronx,Wakefield,40.89374,-73.85579,727.0,5.0,10.0,0.0,0.0,185748.5
19298483,Peaceful Private Clean Rm Near 2/5Train/Metro N.,Bronx,Wakefield,40.89374,-73.85579,727.0,5.0,10.0,0.0,0.0,185748.5
4022969,"Prime SoHo! shops, food, fun",Manhattan,SoHo,40.72699,-74.0012,1089.0,5.0,3.0,0.2328767123287671,92565.0,185674.5
27222883,"The Gallery Bed & Breakfast in Bed-Stuy, Brooklyn",Brooklyn,Bedford-Stuyvesant,40.68794,-73.93626,747.0,5.0,3.0,0.019178082191780823,5229.0,185629.5
37699462,Amazing apartment by Columbus square,Manhattan,Upper West Side,40.79296,-73.96751,1005.0,5.0,5.0,0.19452054794520549,71355.0,185422.5
54873783,Sunny Huge Room 3rd Floor,Brooklyn,Bedford-Stuyvesant,40.68323,-73.95108,837.0,5.0,2.0,0.09315068493150686,28458.000000000004,185395.5
20115887,Sunny Huge Room 3rd Floor,Brooklyn,Bedford-Stuyvesant,40.68323,-73.95108,837.0,5.0,2.0,0.09315068493150686,28458.000000000004,185395.5
36185055,MedRoom-444-2,Brooklyn,Bedford-Stuyvesant,40.69256,-73.95153,933.0,5.0,3.0,0.15616438356164383,53181.0,185200.49999999997
34814799,DOMINIQUE'S NY mini efficiency pad*Free St Parkng*,Bronx,Eastchester,40.881,-73.83511,793.0,5.0,51.0,0.06027397260273973,17446.0,185165.49999999997
29184653,Large luxurious bedroom steps from L train,Brooklyn,Williamsburg,40.7134,-73.95002,905.0,5.0,125.0,0.13972602739726028,46155.0,185072.5
5217042,Big Bedroom in Huge Loft. W.37thNYC,Manhattan,Hell's Kitchen,40.75437,-73.99334,796.0,5.0,2.0,0.06301369863013699,18308.0,185069.99999999997
4993913,Quaint and cozy sun-filled room,Queens,Ridgewood,40.69804,-73.90683,1072.0,5.0,15.0,0.2273972602739726,88976.00000000001,184920.0
54329215,NYC Guest Suite with Loft-Free Ferry to Manhattan,Staten Island,Clifton,40.61543,-74.08513,913.0,5.0,5.0,0.14520547945205478,48389.0,184882.49999999997
19571319,NYC Guest Suite with Loft-Free Ferry to Manhattan,Staten Island,Clifton,40.61543,-74.08513,913.0,5.0,5.0,0.14520547945205478,48389.0,184882.49999999997
32607808,15min to upper manhattan/close to Bronx Lebanon,Bronx,Claremont Village,40.84154,-73.91022,812.0,5.0,13.0,0.07671232876712329,22736.0,184730.0
35309107,Double Queen Suite,Queens,Long Island City,40.75708,-73.94173,723.0,5.0,4.0,0.0,0.0,184726.5
34940723,Unique Studio Loft in Brooklyn,Brooklyn,Greenpoint,40.72889,-73.94397,849.0,5.0,50.0,0.10410958904109589,32262.000000000004,184657.49999999997
35257744,Reasonable Woodside Rm->69/Jackson Hts Sta,Queens,Woodside,40.73994,-73.8934,1102.0,5.0,4.0,0.2410958904109589,96976.0,184585.0
55854115,Cozy Private Room in Uptown Manahattan,Manhattan,East Harlem,40.7949,-73.93627,787.0,5.0,26.0,0.057534246575342465,16527.0,184551.5
21096219,Cozy Private Room in Uptown Manahattan,Manhattan,East Harlem,40.7949,-73.93627,787.0,5.0,26.0,0.057534246575342465,16527.0,184551.5
45280884,"Charming Carroll Gardens, Brooklyn Apartment",Brooklyn,Carroll Gardens,40.68057,-73.99395,1115.0,5.0,69.0,0.2465753424657534,100349.99999999999,184532.5
13709207,"Charming Carroll Gardens, Brooklyn Apartment",Brooklyn,Carroll Gardens,40.68057,-73.99395,1115.0,5.0,69.0,0.2465753424657534,100349.99999999999,184532.5
20512438,Rare Downtown First Floor Apt w Private Backyard,Manhattan,Gramercy,40.7358,-73.9806,764.0,5.0,6.0,0.038356164383561646,10696.0,184505.99999999997
55270334,Rare Downtown First Floor Apt w Private Backyard,Manhattan,Gramercy,40.7358,-73.9806,764.0,5.0,6.0,0.038356164383561646,10696.0,184505.99999999997
46291593,ॐ Private Room in Yoga Retreat Center - Brooklyn ॐ,Brooklyn,Gowanus,40.67014,-73.99276,756.0,5.0,81.0,0.03287671232876712,9072.0,184085.99999999997
53547158,Beautiful Cozy Apt near Subway - Historic Brooklyn,Brooklyn,Bedford-Stuyvesant,40.68273,-73.91651,891.0,5.0,28.0,0.13424657534246576,43659.0,183991.49999999997
18789262,Beautiful Cozy Apt near Subway - Historic Brooklyn,Brooklyn,Bedford-Stuyvesant,40.68273,-73.91651,891.0,5.0,28.0,0.13424657534246576,43659.0,183991.49999999997
38552213,Beautiful and tidy room at Time Square location,Manhattan,Hell's Kitchen,40.76563,-73.98645,725.0,5.0,130.0,0.005479452054794521,1450.0,183787.49999999997
29952350,Jfk 6 min away bed in SHARED SPACE,Queens,Springfield Gardens,40.66673,-73.78314,719.0,5.0,245.0,0.0,0.0,183704.49999999997
43321876,A sunny healthy big bedroom,Queens,Elmhurst,40.74262,-73.87907,985.0,5.0,100.0,0.18904109589041096,67965.0,183702.5
11750199,A sunny healthy big bedroom,Queens,Elmhurst,40.74262,-73.87907,985.0,5.0,100.0,0.18904109589041096,67965.0,183702.5
50312889,A sunny healthy big bedroom,Queens,Elmhurst,40.74262,-73.87907,985.0,5.0,100.0,0.18904109589041096,67965.0,183702.5
16983241,Outdoor Space  2bed 2bath plus POOL,Manhattan,Upper East Side,40.7771,-73.9502,790.0,5.0,4.0,0.06301369863013699,18170.000000000004,183675.0
32563072,Standard Charm Suite at Times SQ Boutique Hotel,Manhattan,Hell's Kitchen,40.7617,-73.98696,751.0,5.0,19.0,0.030136986301369864,8261.0,183619.49999999997
26712558,Amazing Charm 1 bedroom Convertible 2 bedroom,Manhattan,Hell's Kitchen,40.76457,-73.98796,776.0,5.0,7.0,0.052054794520547946,14744.0,183523.99999999997
4014133,Large 3 bedroom on Upper West Side,Manhattan,Upper West Side,40.80075,-73.9677,796.0,5.0,1.0,0.0684931506849315,19900.0,183477.99999999997
39969967,Entire 2 bedroom flat,Brooklyn,Bushwick,40.69814,-73.92996,1076.0,5.0,13.0,0.2328767123287671,91460.0,183458.0
34940171,"Bright Spacious Newly Renovated Brooklyn Gem, 3 BR",Brooklyn,Prospect-Lefferts Gardens,40.65739,-73.94621,738.0,5.0,148.0,0.019178082191780823,5166.0,183393.0
29165875,"Private, Sunny Studio in Queens w/ Free Parking!",Queens,Bayside,40.77022,-73.77258,978.0,5.0,55.0,0.1863013698630137,66504.0,183374.99999999997
32772394,Private room in cosy Upper Manhattan apartment.,Manhattan,Inwood,40.86337,-73.92705,870.0,5.0,15.0,0.1232876712328767,39150.0,183135.0
39407726,Most breathtaking view of Manhattan,Brooklyn,Williamsburg,40.72203,-73.95376,927.0,5.0,250.0,0.1589041095890411,53766.0,183082.5
1545352,Stylish Designer Studio with Piano,Manhattan,Harlem,40.83091,-73.94223,913.0,5.0,38.0,0.1506849315068493,50214.99999999999,183056.49999999997
38644999,Cozy & Bright Home Share for Young Professionals,Brooklyn,Bedford-Stuyvesant,40.6862,-73.95134,745.0,5.0,29.0,0.0273972602739726,7450.0,182897.5
40111908,"Stylish 3 Bedrm, perfect for groups & 1/Pr'spct PK",Brooklyn,Prospect Heights,40.6775,-73.96509,890.0,5.0,33.0,0.136986301369863,44499.99999999999,182895.0
42537058,3 person shared room at the heart of Brooklyn,Brooklyn,Bushwick,40.70002,-73.94054,790.0,5.0,1.0,0.06575342465753424,18959.999999999996,182885.0
24528211,3 person shared room at the heart of Brooklyn,Brooklyn,Bushwick,40.70002,-73.94054,790.0,5.0,1.0,0.06575342465753424,18959.999999999996,182885.0
33015958,"Beautiful Single Room in Chelsea, Manhattan",Manhattan,Chelsea,40.743458,-73.998512,903.0,5.0,2.0,0.14520547945205478,47858.99999999999,182857.49999999997
54150822,Entire 2 Bedroom Elegant Suite w Modern Amenities,Brooklyn,Cypress Hills,40.67877,-73.89228,1060.0,5.0,22.0,0.2273972602739726,87980.0,182850.0
19392926,Entire 2 Bedroom Elegant Suite w Modern Amenities,Brooklyn,Cypress Hills,40.67877,-73.89228,1060.0,5.0,22.0,0.2273972602739726,87980.0,182850.0
40512878,Extraordinary One Bedroom Apartment,Brooklyn,Crown Heights,40.66514,-73.95688,818.0,5.0,56.0,0.08767123287671233,26176.0,182822.99999999997
28653892,⭐️✨Garden Level modern Apt in Townhouse w/availprk🎖,Brooklyn,East Flatbush,40.63487,-73.93241,1183.0,5.0,59.0,0.27671232876712326,119482.99999999999,182773.49999999994
32253232,Art filled peaceful paradise EV Union Square,Manhattan,Greenwich Village,40.73377,-73.99252,1041.0,5.0,70.0,0.2191780821917808,83280.0,182695.5
2247325,Bedroom for two in Chelsea,Manhattan,Chelsea,40.74573,-73.99712,1117.0,5.0,206.0,0.25205479452054796,102764.00000000001,182629.5
18873212,Luxurious 2 bedroom home close to Airport and City,Queens,East Elmhurst,40.76799,-73.8795,884.0,5.0,114.0,0.13424657534246576,43316.0,182545.99999999997
53631108,Luxurious 2 bedroom home close to Airport and City,Queens,East Elmhurst,40.76799,-73.8795,884.0,5.0,114.0,0.13424657534246576,43316.0,182545.99999999997
39961130,HEART OF EAST VILLAGE! Quiet apt in middle of NYC!,Manhattan,East Village,40.7252,-73.98261,851.0,5.0,96.0,0.11232876712328767,34891.0,182539.49999999997
15218090,EXTRAVAGANT RESORT In the ❤️ of Midtown 45 Resort,Manhattan,Midtown,40.753,-73.97364,839.0,5.0,3.0,0.10410958904109589,31882.0,182482.49999999997
46789768,EXTRAVAGANT RESORT In the ❤️ of Midtown 45 Resort,Manhattan,Midtown,40.753,-73.97364,839.0,5.0,3.0,0.10410958904109589,31882.0,182482.49999999997
22273171,A Luxury Studio in the Heart of Greenwich Village!,Manhattan,Tribeca,40.71478,-74.01161,835.0,5.0,4.0,0.10136986301369863,30895.0,182447.5
36254645,Private room#3 starting at $67 a night per person.,Brooklyn,East Flatbush,40.6512,-73.92499,798.0,5.0,9.0,0.07397260273972603,21546.0,182342.99999999997
48441697,Beautiful Studio on Tree-Lined St.,Manhattan,Chelsea,40.74583,-74.00451,761.0,5.0,30.0,0.043835616438356165,12176.0,182259.49999999997
9879006,Beautiful Studio on Tree-Lined St.,Manhattan,Chelsea,40.74583,-74.00451,761.0,5.0,30.0,0.043835616438356165,12176.0,182259.49999999997
36842845,"Very clean, cozy, warm and quite private room",Brooklyn,Crown Heights,40.67652,-73.95729,1101.0,5.0,1.0,0.2465753424657534,99089.99999999999,182215.5
1443176,Amazing 1 bedroom apt with NYC View,Manhattan,Chelsea,40.74494,-73.9998,1081.0,5.0,63.0,0.23835616438356164,94047.0,182148.5
1543142,Private cozy bedroom in Nolita,Manhattan,Nolita,40.72172,-73.99689,826.0,5.0,61.0,0.0958904109589041,28909.999999999996,182132.99999999997
30533369,Entire Studio Flat in Prospect Lefferts-Gardens BK,Brooklyn,Prospect-Lefferts Gardens,40.66296,-73.95361,936.0,5.0,27.0,0.16712328767123288,57096.0,182051.99999999997
33501982,"Spacious Apt, Lux Amenities, 24/7 Onsite Team",Manhattan,Midtown,40.76326,-73.97474,715.0,5.0,2.0,0.0027397260273972603,715.0,181967.49999999997
29477372,Stay in the Heart of Queens B2,Queens,Elmhurst,40.74746,-73.87984,738.0,5.0,14.0,0.024657534246575342,6642.0,181917.0
30606825,Brand New Fully Remodeled Modern House,Queens,Woodside,40.7427,-73.90125,860.0,5.0,86.0,0.12054794520547946,37840.0,181890.0
29236017,Boutique Hotel Experience in heart of NYC,Manhattan,Midtown,40.76005,-73.96859,944.0,5.0,20.0,0.1726027397260274,59472.0,181719.99999999997
25950384,Magnificent 1Bedroom in the Lower East Side,Manhattan,Lower East Side,40.7202,-73.9891,1018.0,5.0,3.0,0.21095890410958903,78386.0,181712.99999999997
29751313,Harlem Gem,Manhattan,Harlem,40.82011,-73.94295,1125.0,5.0,27.0,0.25753424657534246,105750.0,181687.5
3510435,"clean, casual 2BD apt in bed-stuy!",Brooklyn,Bedford-Stuyvesant,40.68898,-73.9412,863.0,5.0,1.0,0.1232876712328767,38834.99999999999,181661.49999999997
20421309,Beautiful Sun Drenched Williamsburg Apartment,Brooklyn,Williamsburg,40.71615,-73.94171,823.0,5.0,3.0,0.0958904109589041,28805.0,181471.49999999997
55179205,Beautiful Sun Drenched Williamsburg Apartment,Brooklyn,Williamsburg,40.71615,-73.94171,823.0,5.0,3.0,0.0958904109589041,28805.0,181471.49999999997
33887487,LIC Cottage | 5 min to NYC,Queens,Long Island City,40.75255,-73.93463,801.0,5.0,3.0,0.07945205479452055,23229.000000000004,181426.49999999997
42518832,Cozy & Affordable Room in 3 Story Brownstone,Brooklyn,Bedford-Stuyvesant,40.68613,-73.9295,736.0,5.0,1.0,0.024657534246575342,6624.0,181423.99999999997
24509986,Cozy & Affordable Room in 3 Story Brownstone,Brooklyn,Bedford-Stuyvesant,40.68613,-73.9295,736.0,5.0,1.0,0.024657534246575342,6624.0,181423.99999999997
30292567,"Cozy, secluded & sophisticated Williamsburg 1 bed",Brooklyn,Williamsburg,40.71183,-73.96518,923.0,5.0,2.0,0.16164383561643836,54457.0,181369.49999999997
35251116,Private comfortable room in BK close to Manhattan,Brooklyn,Bedford-Stuyvesant,40.69287,-73.93133,715.0,5.0,19.0,0.005479452054794521,1430.0,181252.49999999997
30875243,Modern Apartment in Brooklyn with deck and yard,Brooklyn,Kensington,40.64196,-73.98302,913.0,5.0,72.0,0.15616438356164383,52041.0,181230.49999999997
9677417,Sunny bedroom in gorgeous ParkSlope,Brooklyn,Park Slope,40.67687,-73.97848,741.0,5.0,2.0,0.030136986301369864,8151.0,181174.49999999997
48240107,Sunny bedroom in gorgeous ParkSlope,Brooklyn,Park Slope,40.67687,-73.97848,741.0,5.0,2.0,0.030136986301369864,8151.0,181174.49999999997
31899760,Artful UWS Superior Queen Near Central Park,Manhattan,Upper West Side,40.78217,-73.98034,868.0,5.0,48.0,0.12876712328767123,40796.0,180977.99999999997
39656813,DEBBIE'S COZY RETREAT,Brooklyn,Bedford-Stuyvesant,40.68509,-73.93854,950.0,5.0,1.0,0.1780821917808219,61750.0,180975.0
46535710,EXTRA LARGE PRIVATE BEDROOM,Queens,Ditmars Steinway,40.77368,-73.90499,832.0,5.0,95.0,0.10410958904109589,31616.0,180960.0
14964032,EXTRA LARGE PRIVATE BEDROOM,Queens,Ditmars Steinway,40.77368,-73.90499,832.0,5.0,95.0,0.10410958904109589,31616.0,180960.0
33382685,STYLISH & COMFY  APT IN THE HEART OF THE CITY,Manhattan,Hell's Kitchen,40.76392,-73.99302,749.0,5.0,3.0,0.038356164383561646,10486.0,180883.49999999997
28711884,King Cheerful one room with free parking quite.,Staten Island,Mariners Harbor,40.6292,-74.15808,752.0,5.0,3.0,0.0410958904109589,11280.0,180856.0
15875880,Surfers Paradise - 170 Frost,Brooklyn,Williamsburg,40.71684,-73.94366,902.0,5.0,5.0,0.1506849315068493,49610.0,180851.0
36075148,New Private Spacious Duplex in Trendy Bed-Stuy,Brooklyn,Bedford-Stuyvesant,40.69052,-73.94434,1106.0,5.0,126.0,0.25205479452054796,101752.0,180831.0
31848396,1 BR Large Luxury Furnished Apartment UWS,Manhattan,Upper West Side,40.78687,-73.9746,809.0,5.0,21.0,0.08767123287671233,25888.0,180811.49999999997
5811317,"Quiet, Spacious, Safe Studio in BK",Brooklyn,Williamsburg,40.71366,-73.94021,758.0,5.0,1.0,0.04657534246575343,12886.0,180783.0
8595461,"UWS 1 bedroom, tree-lined street between 2 parks!",Manhattan,Upper West Side,40.79939,-73.96875,798.0,5.0,20.0,0.07945205479452055,23142.000000000004,180746.99999999997
32647574,Prolonged Traveler's Dream(a month first & more),Bronx,Hunts Point,40.81398,-73.88751,710.0,5.0,26.0,0.0027397260273972603,710.0,180694.99999999997
4059421,One Bed Studio at Wall Street,Manhattan,Financial District,40.70457,-74.00733,748.0,5.0,8.0,0.038356164383561646,10472.0,180642.0
35567032,The High Tide Studio #7,Queens,Rockaway Beach,40.58373,-73.82032,948.0,5.0,57.0,0.1780821917808219,61619.99999999999,180593.99999999997
35567032,The High Tide Studio #7,Queens,Rockaway Beach,40.58373,-73.82032,948.0,5.0,57.0,0.1780821917808219,61619.99999999999,180593.99999999997
3841815,Quaint Room in Brooklyn,Brooklyn,Park Slope,40.67916,-73.97454,715.0,5.0,2.0,0.00821917808219178,2144.9999999999995,180537.49999999997
52696616,Spacious brand new apartment 2 bedrooms - 2bath,Queens,Glendale,40.69589,-73.89572,1146.0,5.0,57.0,0.2684931506849315,112308.00000000001,180495.0
41664424,Spacious brand new apartment 2 bedrooms - 2bath,Queens,Glendale,40.69589,-73.89572,1146.0,5.0,57.0,0.2684931506849315,112308.00000000001,180495.0
17938720,Spacious brand new apartment 2 bedrooms - 2bath,Queens,Glendale,40.69589,-73.89572,1146.0,5.0,57.0,0.2684931506849315,112308.00000000001,180495.0
26406584,Cozy Central Park Studio!: 2Min to Train,Manhattan,East Harlem,40.7988,-73.94339,932.0,5.0,5.0,0.16986301369863013,57784.0,180342.0
48897344,Small and cozy room in Williamsburg 2-Bedroom apt.,Brooklyn,Williamsburg,40.70885,-73.95349,1083.0,5.0,3.0,0.24383561643835616,96387.0,180319.49999999994
10334654,Small and cozy room in Williamsburg 2-Bedroom apt.,Brooklyn,Williamsburg,40.70885,-73.95349,1083.0,5.0,3.0,0.24383561643835616,96387.0,180319.49999999994
40043423,nice room in bedstuy M,Brooklyn,Bedford-Stuyvesant,40.68322,-73.95085,852.0,5.0,142.0,0.12054794520547946,37488.0,180198.0
35316840,Prvt entrance room! 1 stop to Mdtwn Manhattan.,Queens,Long Island City,40.74165,-73.95469,725.0,5.0,16.0,0.019178082191780823,5075.0,180162.49999999997
22613387,Cozy room in heart of NYC,Manhattan,Upper East Side,40.76981,-73.95365,817.0,5.0,11.0,0.0958904109589041,28594.999999999996,180148.5
36943915,Brooklyn East New York ( Huge Room For Rent),Brooklyn,East New York,40.66141,-73.89241,705.0,5.0,2.0,0.0,0.0,180127.49999999997
2844361,Spring and Summer in New York - Near Central Park,Manhattan,Midtown,40.76663,-73.98069,755.0,5.0,19.0,0.04657534246575343,12835.0,180067.5
22680768,"★Bright,Spacious 1BR near Empire State/5th Ave",Manhattan,Midtown,40.74315,-73.98222,876.0,5.0,14.0,0.136986301369863,43800.0,180017.99999999997
15575428,Family room #5,Brooklyn,Greenpoint,40.71913,-73.95041,839.0,5.0,3.0,0.11232876712328767,34399.0,179965.49999999997
47147106,Family room #5,Brooklyn,Greenpoint,40.71913,-73.95041,839.0,5.0,3.0,0.11232876712328767,34399.0,179965.49999999997
9940312,Beautiful Red Brick Room,Brooklyn,Bedford-Stuyvesant,40.68604,-73.91924,930.0,5.0,39.0,0.16986301369863013,57660.0,179955.0
48503002,Beautiful Red Brick Room,Brooklyn,Bedford-Stuyvesant,40.68604,-73.91924,930.0,5.0,39.0,0.16986301369863013,57660.0,179955.0
35319601,Deluxe Double Room with 2 beds SHARED BATHROOM,Manhattan,Gramercy,40.73412,-73.98529,709.0,5.0,2.0,0.005479452054794521,1418.0,179731.49999999997
35087083,"Spacious homely duplex hidden Gem, Upstairs unit.",Queens,Jamaica,40.67582,-73.77963,729.0,5.0,20.0,0.024657534246575342,6561.0,179698.49999999997
51405339,Luxury 2Bed/2Bth Private Loft Best NYC Location,Manhattan,West Village,40.74049,-74.00527,1018.0,5.0,106.0,0.21643835616438356,80422.0,179676.99999999997
44414325,Luxury 2Bed/2Bth Private Loft Best NYC Location,Manhattan,West Village,40.74049,-74.00527,1018.0,5.0,106.0,0.21643835616438356,80422.0,179676.99999999997
57074698,Luxury 2Bed/2Bth Private Loft Best NYC Location,Manhattan,West Village,40.74049,-74.00527,1018.0,5.0,106.0,0.21643835616438356,80422.0,179676.99999999997
12842648,Luxury 2Bed/2Bth Private Loft Best NYC Location,Manhattan,West Village,40.74049,-74.00527,1018.0,5.0,106.0,0.21643835616438356,80422.0,179676.99999999997
33351204,"Safe, Convenient, Quiet, Spacious room & backyard",Manhattan,Kips Bay,40.74192,-73.98142,853.0,5.0,28.0,0.1232876712328767,38385.0,179556.49999999997
34754598,Luxury Double King Studio | Mott Haven Manhattan,Bronx,Mott Haven,40.81215,-73.93107,711.0,5.0,5.0,0.00821917808219178,2133.0,179527.5
35475902,Luxury Wellness Space - Breathtaking NYC Views,Queens,Long Island City,40.75374,-73.92452,1078.0,5.0,1.0,0.24383561643835616,95942.0,179486.99999999994
40425615,Your own house in NYC,Queens,Bayside,40.76729,-73.77162,785.0,5.0,74.0,0.07397260273972603,21195.0,179372.5
32478018,Art Deco Charm in the heart of The Village!,Manhattan,Greenwich Village,40.73544,-73.99747,716.0,5.0,60.0,0.0136986301369863,3580.0,179358.0
31508179,Private Man Cave Get Away,Bronx,Wakefield,40.90754,-73.84588,739.0,5.0,222.0,0.03561643835616438,9607.0,179207.49999999997
23767694,Unique Holiday Home,Bronx,Throgs Neck,40.83108,-73.82951,701.0,5.0,11.0,0.0,0.0,179105.5
29408334,"Private floor, 2 BR, bath, wood-frame farmhouse.",Brooklyn,Clinton Hill,40.69348,-73.96782,1137.0,5.0,180.0,0.2684931506849315,111426.0,179077.5
35484187,Flushing downtown luxury suite 201,Queens,Flushing,40.74585,-73.83275,712.0,5.0,53.0,0.010958904109589041,2848.0,179068.0
17173785,Lower East Side Newly renovated! #7,Manhattan,Lower East Side,40.72268,-73.99205,1159.0,5.0,3.0,0.27671232876712326,117058.99999999999,179065.5
51931681,Lower East Side Newly renovated! #7,Manhattan,Lower East Side,40.72268,-73.99205,1159.0,5.0,3.0,0.27671232876712326,117058.99999999999,179065.5
11985478,"Bright, All New Semi Basement Apartment",Queens,Kew Gardens Hills,40.72136,-73.81717,794.0,5.0,12.0,0.0821917808219178,23819.999999999996,179046.99999999997
56217529,"Bright, All New Semi Basement Apartment",Queens,Kew Gardens Hills,40.72136,-73.81717,794.0,5.0,12.0,0.0821917808219178,23819.999999999996,179046.99999999997
50548169,"Bright, All New Semi Basement Apartment",Queens,Kew Gardens Hills,40.72136,-73.81717,794.0,5.0,12.0,0.0821917808219178,23819.999999999996,179046.99999999997
43557156,"Bright, All New Semi Basement Apartment",Queens,Kew Gardens Hills,40.72136,-73.81717,794.0,5.0,12.0,0.0821917808219178,23819.999999999996,179046.99999999997
25716761,Beautiful bedroom is Bushwick,Brooklyn,Bushwick,40.70056,-73.9184,819.0,5.0,1.0,0.10136986301369863,30302.999999999996,178951.49999999997
15378810,Lovely room across the street from high bridge.,Bronx,Highbridge,40.84184,-73.92535,888.0,5.0,92.0,0.14794520547945206,47952.0,178931.99999999997
46950487,Lovely room across the street from high bridge.,Bronx,Highbridge,40.84184,-73.92535,888.0,5.0,92.0,0.14794520547945206,47952.0,178931.99999999997
34253110,4D · 4D · 4D · Large 2BED UN Location Full Kitchen,Manhattan,Midtown,40.7534,-73.96617,720.0,5.0,21.0,0.019178082191780823,5040.0,178919.99999999997
32705013,brand new Junior 1 BR~Prime UES~WD in unit,Manhattan,Upper East Side,40.77325,-73.95388,783.0,5.0,1.0,0.07397260273972603,21141.0,178915.49999999997
32232244,Cozy bed in BX,Bronx,Allerton,40.86436,-73.86719,703.0,5.0,5.0,0.0027397260273972603,703.0,178913.5
6117843,Comfy Alcove Studio,Manhattan,East Village,40.72639,-73.98756,1081.0,5.0,1.0,0.2465753424657534,97290.0,178905.5
31044247,Your Next Vacation Should be Here...Walk to TimeSq,Manhattan,Hell's Kitchen,40.76125,-73.9919,1081.0,5.0,99.0,0.2465753424657534,97290.0,178905.5
25786903,2 BR/2.5 BTH W/ 12 FT. CEILINGS NEAR CENTRAL PARK!,Manhattan,Midtown,40.76208,-73.97172,1165.0,5.0,4.0,0.27945205479452057,118830.0,178827.5
32499557,Cozy & Eclectic One Bedroom Apartment (Bronx)!,Bronx,Pelham Gardens,40.86398,-73.84999,793.0,5.0,18.0,0.0821917808219178,23789.999999999996,178821.49999999997
43313039,Studio in Mott Haven-1 subway stop from Manhattan,Bronx,Mott Haven,40.81072,-73.92349,1188.0,5.0,26.0,0.2876712328767123,124740.0,178793.99999999994
50304052,Studio in Mott Haven-1 subway stop from Manhattan,Bronx,Mott Haven,40.81072,-73.92349,1188.0,5.0,26.0,0.2876712328767123,124740.0,178793.99999999994
11741362,Studio in Mott Haven-1 subway stop from Manhattan,Bronx,Mott Haven,40.81072,-73.92349,1188.0,5.0,26.0,0.2876712328767123,124740.0,178793.99999999994
5317008,Luxurious Designer 2 Bedm Union Square/Gramercy,Manhattan,Gramercy,40.73536,-73.98393,1099.0,5.0,27.0,0.2547945205479452,102207.0,178587.5
23250189,"Williamsburg 1 Bedroom, Spacious and Classy",Brooklyn,Williamsburg,40.71359,-73.95574,774.0,5.0,17.0,0.0684931506849315,19350.0,178406.99999999997
34377930,Private room clean and comfortable,Brooklyn,Brownsville,40.65585,-73.90628,709.0,5.0,60.0,0.010958904109589041,2836.0,178313.49999999997
6708252,Beautiful Studio // East Village,Manhattan,East Village,40.72578,-73.98236,816.0,5.0,16.0,0.10136986301369863,30192.0,178295.99999999997
30213588,🌉Luxurious cozy loft feel City Vibe! House🌇,Queens,Ditmars Steinway,40.77068,-73.88928,703.0,5.0,2.0,0.005479452054794521,1406.0,178210.5
41402633,"*Great room, good location, 20 mins to Manhattan",Brooklyn,Bath Beach,40.60444,-74.01725,883.0,5.0,24.0,0.14794520547945206,47682.00000000001,177924.49999999997
52434826,"*Great room, good location, 20 mins to Manhattan",Brooklyn,Bath Beach,40.60444,-74.01725,883.0,5.0,24.0,0.14794520547945206,47682.00000000001,177924.49999999997
17676930,"*Great room, good location, 20 mins to Manhattan",Brooklyn,Bath Beach,40.60444,-74.01725,883.0,5.0,24.0,0.14794520547945206,47682.00000000001,177924.49999999997
46970922,BunkBeds 5 min to NYC 900Mb Full Closet,Queens,Astoria,40.75713,-73.91334,814.0,5.0,1.0,0.10136986301369863,30117.999999999996,177858.99999999997
15399245,BunkBeds 5 min to NYC 900Mb Full Closet,Queens,Astoria,40.75713,-73.91334,814.0,5.0,1.0,0.10136986301369863,30117.999999999996,177858.99999999997
5304305,Williamsburg Sunny Large Loft,Brooklyn,Williamsburg,40.71614,-73.95282,1108.0,5.0,16.0,0.2602739726027397,105260.0,177833.99999999994
45303528,"PRIVATE, QUIET, Clean NY APT. 3mins to JFK Airport",Queens,Jamaica,40.6705,-73.77787,908.0,5.0,22.0,0.1643835616438356,54480.0,177513.99999999997
13731851,"PRIVATE, QUIET, Clean NY APT. 3mins to JFK Airport",Queens,Jamaica,40.6705,-73.77787,908.0,5.0,22.0,0.1643835616438356,54480.0,177513.99999999997
36598728,PRIVATE LARGE-MODERN-CLEAN master bedroom,Manhattan,East Harlem,40.804,-73.9406,941.0,5.0,5.0,0.18356164383561643,63046.99999999999,177378.49999999997
30352767,S+ Location Midtown Studio Apt,Manhattan,Midtown,40.7464,-73.98701,1034.0,5.0,418.0,0.23013698630136986,86856.0,177331.0
3277917,"Bright, spacious 1BR in UES",Manhattan,Upper East Side,40.77645,-73.94865,921.0,5.0,13.0,0.1726027397260274,58023.00000000001,177292.49999999997
3427038,Stylish Williamsburg Loft Apartment,Brooklyn,Williamsburg,40.70775,-73.94214,1069.0,5.0,2.0,0.2465753424657534,96210.0,176919.5
34706548,House On Henry (2nd FLR Suite),Brooklyn,Carroll Gardens,40.67813,-74.00062,1008.0,5.0,178.0,0.2191780821917808,80639.99999999999,176904.0
42831986,The Mahogany Suite-The Solo Adventurer-ll,Brooklyn,East Flatbush,40.66271,-73.93498,751.0,5.0,32.0,0.0547945205479452,15019.999999999998,176860.49999999997
49822999,The Mahogany Suite-The Solo Adventurer-ll,Brooklyn,East Flatbush,40.66271,-73.93498,751.0,5.0,32.0,0.0547945205479452,15019.999999999998,176860.49999999997
11260309,The Mahogany Suite-The Solo Adventurer-ll,Brooklyn,East Flatbush,40.66271,-73.93498,751.0,5.0,32.0,0.0547945205479452,15019.999999999998,176860.49999999997
35231785,Room (Astoria Queens),Queens,Astoria,40.76591,-73.90989,692.0,5.0,1.0,0.0,0.0,176806.0
55518317,3. Beautiful and clean room only 20ms to Manhattan,Queens,Sunnyside,40.73825,-73.92387,717.0,5.0,19.0,0.024657534246575342,6453.0,176740.5
20760421,3. Beautiful and clean room only 20ms to Manhattan,Queens,Sunnyside,40.73825,-73.92387,717.0,5.0,19.0,0.024657534246575342,6453.0,176740.5
28614127,Stunning apartment heart of Williamsburg 2bd/2ba,Brooklyn,Williamsburg,40.71389,-73.96201,1136.0,5.0,96.0,0.273972602739726,113599.99999999999,176648.0
22366509,Swanky 1BR in Central Chelsea w/ Garden by Blueground,Manhattan,Chelsea,40.73846,-73.99769,881.0,5.0,1.0,0.1506849315068493,48454.99999999999,176640.49999999997
45381403,East Williamsburg/Bushwick Loft,Brooklyn,Williamsburg,40.70492,-73.93341,694.0,5.0,25.0,0.0027397260273972603,694.0,176622.99999999997
13809725,East Williamsburg/Bushwick Loft,Brooklyn,Williamsburg,40.70492,-73.93341,694.0,5.0,25.0,0.0027397260273972603,694.0,176622.99999999997
38239059,Large bedroom in Luxury bldg West Harlem,Manhattan,Harlem,40.82644,-73.95193,962.0,5.0,31.0,0.19726027397260273,69264.0,176527.0
34603820,"New 4BR, 2Full Bath with Washer & Dryer",Brooklyn,Crown Heights,40.67136,-73.94888,819.0,5.0,16.0,0.1095890410958904,32759.999999999996,176494.49999999997
20193761,AWESOME MODERN ROOM IN CHARMING AREA+ SWEET ROOF C,Brooklyn,Clinton Hill,40.69473,-73.96165,1029.0,5.0,1.0,0.23013698630136986,86436.0,176473.5
54951657,AWESOME MODERN ROOM IN CHARMING AREA+ SWEET ROOF C,Brooklyn,Clinton Hill,40.69473,-73.96165,1029.0,5.0,1.0,0.23013698630136986,86436.0,176473.5
25322971,CLEAN & SPACIOUS ROOM  CLOSE TO MANHATTAN,Queens,Astoria,40.75759,-73.92677,779.0,5.0,7.0,0.07945205479452055,22591.000000000004,176443.49999999997
36262930,"Lovely Large Room for rent in Park Slope, Brooklyn",Brooklyn,Park Slope,40.67284,-73.98403,762.0,5.0,2.0,0.06575342465753424,18288.0,176403.0
30731093,Dylan Hotel NYC - Luxury King Room,Manhattan,Midtown,40.75185,-73.98022,703.0,5.0,299.0,0.0136986301369863,3515.0,176101.5
33345681,A Hidden Gem *NO SMOKING*NO PARTY*,Bronx,Pelham Gardens,40.86263,-73.85162,1170.0,5.0,13.0,0.2876712328767123,122850.0,176085.0
29289590,Shoreham Hotel - Hip Studio right in the heart of NYC!,Manhattan,Midtown,40.7617,-73.97527,689.0,5.0,6.0,0.0,0.0,176039.49999999997
7412987,Stylish Boutique Apt Close to Central Park,Manhattan,Upper West Side,40.77739,-73.98231,869.0,5.0,71.0,0.14520547945205478,46056.99999999999,175972.49999999997
35024121,"Cozy private room, king size bed, private bathroom",Brooklyn,Bedford-Stuyvesant,40.69244,-73.93329,794.0,5.0,33.0,0.09315068493150686,26996.0,175870.99999999997
23633485,Stylish Private Bedroom in Upper West Side 107,Manhattan,Upper West Side,40.79891,-73.96116,816.0,5.0,1.0,0.1095890410958904,32639.999999999996,175847.99999999997
48194819,"Astoria living, like a true NY'er",Queens,Astoria,40.76465,-73.92625,1082.0,5.0,10.0,0.2547945205479452,100626.0,175825.0
9632128,"Astoria living, like a true NY'er",Queens,Astoria,40.76465,-73.92625,1082.0,5.0,10.0,0.2547945205479452,100626.0,175825.0
55488493,Cozy Room near Empire State Building!,Manhattan,Kips Bay,40.74389,-73.98033,1138.0,5.0,32.0,0.27671232876712326,114938.0,175820.99999999994
20730597,Cozy Room near Empire State Building!,Manhattan,Kips Bay,40.74389,-73.98033,1138.0,5.0,32.0,0.27671232876712326,114938.0,175820.99999999994
34419352,"° Private Room with Twin Beds, Next To Subway.",Brooklyn,Clinton Hill,40.68966,-73.96133,823.0,5.0,3.0,0.11506849315068493,34566.0,175710.49999999997
36766075,SUNNY ROOM A IN CHARMING AREA :),Brooklyn,Clinton Hill,40.69378,-73.96196,859.0,5.0,48.0,0.13972602739726028,43809.00000000001,175665.49999999997
30648248,Cozy studio home with private entrance.,Queens,Ozone Park,40.67694,-73.8385,951.0,5.0,22.0,0.19452054794520549,67521.0,175459.49999999997
34303921,★NEW★ | Luxury in the ❤of Brooklyn | Fast Wi-Fi★,Brooklyn,Cypress Hills,40.67877,-73.89284,1029.0,5.0,124.0,0.2328767123287671,87465.0,175444.5
36222059,Unique Furnished Apt in UES Mansion Off 5th,Manhattan,Upper East Side,40.77044,-73.96859,930.0,5.0,11.0,0.18356164383561643,62310.0,175305.0
26716424,Luxury 2 BR Home in Hudson Yards,Manhattan,Chelsea,40.74972,-73.99655,1022.0,5.0,2.0,0.23013698630136986,85848.0,175273.0
32371976,2 large Roms- Sunlight- Train ride to the city.,Brooklyn,Bedford-Stuyvesant,40.68559,-73.95454,960.0,5.0,1.0,0.2,70080.0,175200.0
33727320,Studio Apartment in Midtown East,Manhattan,Midtown,40.75732,-73.96639,705.0,5.0,1.0,0.019178082191780823,4935.0,175192.49999999997
16909785,Private Room C In Prime Location,Manhattan,Midtown,40.74535,-73.99023,828.0,5.0,140.0,0.12054794520547946,36432.0,175121.99999999997
38181620,Gorgeous one bedroom apartment.,Queens,Jamaica,40.67908,-73.77202,728.0,5.0,49.0,0.0410958904109589,10920.0,175084.0
42390698,"IVORY COAST ROOM
Is your home away from home",Brooklyn,Crown Heights,40.67248,-73.92962,882.0,5.0,2.0,0.15616438356164383,50274.0,175077.0
24381852,"IVORY COAST ROOM
Is your home away from home",Brooklyn,Crown Heights,40.67248,-73.92962,882.0,5.0,2.0,0.15616438356164383,50274.0,175077.0
39812009,Sunny WILLIAMSBURG Room near SUBWAY,Brooklyn,Williamsburg,40.71684,-73.9441,816.0,5.0,16.0,0.11232876712328767,33456.0,175031.99999999997
22066610,"Quiet apartment. Easy access to L, J/M/Z, G lines.",Brooklyn,Williamsburg,40.71318,-73.95876,1140.0,5.0,20.0,0.27945205479452057,116280.00000000001,174990.0
39544144,Private Bedroom in Sunny Brooklyn Apartment,Brooklyn,Sunset Park,40.65989,-73.99536,797.0,5.0,51.0,0.09863013698630137,28692.0,174941.5
25816727,Penn room 14,Brooklyn,East New York,40.66814,-73.8953,1178.0,5.0,2.0,0.29315068493150687,126046.0,174932.99999999994
1402858,Luxury NYC 2 Bedroom with Terrace,Manhattan,Upper East Side,40.76128,-73.96463,907.0,5.0,11.0,0.1726027397260274,57141.0,174597.5
36701456,Quiet  Artist  2 BEDROOMs In  east village NYC,Manhattan,East Village,40.7266,-73.97914,884.0,5.0,10.0,0.1589041095890411,51272.00000000001,174589.99999999997
41256826,Large Soho Studio Loft,Manhattan,SoHo,40.72792,-74.00323,829.0,5.0,88.0,0.1232876712328767,37305.0,174504.49999999997
54158002,3BR/2Bath Duplex Parkslope (15 min to Manhattan),Brooklyn,Prospect Heights,40.67953,-73.97303,795.0,5.0,33.0,0.09863013698630137,28620.0,174502.5
19400106,3BR/2Bath Duplex Parkslope (15 min to Manhattan),Brooklyn,Prospect Heights,40.67953,-73.97303,795.0,5.0,33.0,0.09863013698630137,28620.0,174502.5
28677641,Bed-Stuy Fly II,Brooklyn,Bedford-Stuyvesant,40.6865,-73.9288,911.0,5.0,21.0,0.17534246575342466,58304.0,174456.49999999997
34791050,Great studio apartment in brownstone building.,Manhattan,Washington Heights,40.83744,-73.95135,1011.0,5.0,33.0,0.2273972602739726,83913.0,174397.49999999997
33011539,"Spacious 2 Bedroom Apartment in Glendale, Queens",Queens,Glendale,40.70549,-73.87313,722.0,5.0,8.0,0.038356164383561646,10108.000000000002,174363.0
36858309,Stunning Home in Brooklyn!,Brooklyn,East Flatbush,40.64496,-73.93877,763.0,5.0,1.0,0.07397260273972603,20601.0,174345.5
21013374,THE CREATIVE CAVE BY CONEY ISLAND,Brooklyn,Sheepshead Bay,40.59063,-73.94588,685.0,5.0,1.0,0.0027397260273972603,685.0,174332.49999999997
55771270,THE CREATIVE CAVE BY CONEY ISLAND,Brooklyn,Sheepshead Bay,40.59063,-73.94588,685.0,5.0,1.0,0.0027397260273972603,685.0,174332.49999999997
36038143,BKLYN'S Best 3BR Townhouse  W/Garden,Brooklyn,Gowanus,40.68385,-73.98655,976.0,5.0,23.0,0.21095890410958903,75152.0,174215.99999999997
15313086,Comfortable and pleasant fully furnished apartment,Manhattan,Upper East Side,40.76128,-73.96236,886.0,5.0,5.0,0.16164383561643836,52274.0,174098.99999999997
46884763,Comfortable and pleasant fully furnished apartment,Manhattan,Upper East Side,40.76128,-73.96236,886.0,5.0,5.0,0.16164383561643836,52274.0,174098.99999999997
30809519,"Lovely Rental Unit,Close To Manhathan",Queens,Sunnyside,40.74375,-73.91501,917.0,5.0,4.0,0.18082191780821918,60522.00000000001,173771.5
31383911,"Cozy SoHo Duplex 2br/2ba, Sleeps 8, Best Area!",Manhattan,East Village,40.72317,-73.98915,946.0,5.0,20.0,0.19726027397260273,68112.0,173590.99999999997
31082908,Heart of Manhattan Midtown!!(Herald Square),Manhattan,Midtown,40.748,-73.98852,946.0,5.0,66.0,0.19726027397260273,68112.0,173590.99999999997
32863523,1 Bdrm in Harlem...Sunny & Spacious,Manhattan,Harlem,40.81465,-73.94104,682.0,5.0,58.0,0.0027397260273972603,682.0,173569.0
35485843,Art Deco Charm in the heart of The Village!,Manhattan,Greenwich Village,40.73512,-73.99705,753.0,5.0,18.0,0.0684931506849315,18825.0,173566.5
40600141,Big Cozy Apt w/ lrg outdoor space!,Queens,Ridgewood,40.69962,-73.90439,820.0,5.0,108.0,0.12054794520547946,36080.0,173430.0
20468254,Amazing Private Room in BK,Brooklyn,Bedford-Stuyvesant,40.69159,-73.9388,848.0,5.0,30.0,0.13972602739726028,43248.0,173415.99999999997
55226150,Amazing Private Room in BK,Brooklyn,Bedford-Stuyvesant,40.69159,-73.9388,848.0,5.0,30.0,0.13972602739726028,43248.0,173415.99999999997
38974723,Tiny homes on water,Brooklyn,Mill Basin,40.60903,-73.91846,692.0,5.0,5.0,0.0136986301369863,3459.9999999999995,173346.0
5455636,1-bedroom in heart of Williamsburg!,Brooklyn,Williamsburg,40.71479,-73.96048,877.0,5.0,95.0,0.1589041095890411,50866.0,173207.5
17538855,Private room with visit to queens # 6,Queens,Glendale,40.69946,-73.89079,1182.0,5.0,89.0,0.29863013698630136,128838.0,173163.0
52296751,Private room with visit to queens # 6,Queens,Glendale,40.69946,-73.89079,1182.0,5.0,89.0,0.29863013698630136,128838.0,173163.0
3222687,"Unique loft in Bushwick - Offices, yoga & roof!",Brooklyn,Bushwick,40.69728,-73.93066,720.0,5.0,15.0,0.0410958904109589,10799.999999999998,173159.99999999997
26414868,#GorgeousLowerEast2BedroomGem! #3minWalktoTrain!,Manhattan,Lower East Side,40.71949,-73.98607,796.0,5.0,5.0,0.10410958904109589,30248.0,173129.99999999997
37413370,Ideal junior 1 bedroom  suite in Midtown Manhattan,Manhattan,Murray Hill,40.74926,-73.97643,778.0,5.0,6.0,0.09041095890410959,25674.0,173104.99999999997
21150897,Shared Room 4 FEMALE Guests 30mins to Manhattan-4,Brooklyn,Sheepshead Bay,40.59658,-73.95944,859.0,5.0,6.0,0.14794520547945206,46386.0,173088.49999999997
55908793,Shared Room 4 FEMALE Guests 30mins to Manhattan-4,Brooklyn,Sheepshead Bay,40.59658,-73.95944,859.0,5.0,6.0,0.14794520547945206,46386.0,173088.49999999997
26411002,Lovely Studio APT in the center of K-TOWN,Manhattan,Midtown,40.74848,-73.98631,1132.0,5.0,4.0,0.2821917808219178,116596.0,172630.0
23499277,Wyndham Midtown 45 New York City Presidential,Manhattan,Midtown,40.75359,-73.97325,961.0,5.0,1.0,0.20821917808219179,73036.0,172499.49999999997
15476014,AMAZING KING 1 BEDROOM MIDTOWN,Manhattan,Hell's Kitchen,40.76136,-73.99361,843.0,5.0,6.0,0.13972602739726028,42993.00000000001,172393.49999999997
47047692,AMAZING KING 1 BEDROOM MIDTOWN,Manhattan,Hell's Kitchen,40.76136,-73.99361,843.0,5.0,6.0,0.13972602739726028,42993.00000000001,172393.49999999997
42401744,Casa Linda on Linden - 8 minutes to JFK Airport,Queens,Jamaica,40.68816,-73.78974,761.0,5.0,8.0,0.07945205479452055,22069.000000000004,172366.49999999997
16026105,Classy Modern 2 Beds for 2 People-Staten Island NY,Staten Island,Randall Manor,40.63118,-74.12866,702.0,5.0,4.0,0.0273972602739726,7020.0,172341.0
33205397,Private room in a cozy 3bed townhouse Washer+dryer,Brooklyn,East Flatbush,40.63902,-73.94806,677.0,5.0,4.0,0.0027397260273972603,677.0,172296.5
35363785,Beautiful Manhattan Studio  Walking Time Square#56,Manhattan,Midtown,40.74762,-73.98873,1060.0,5.0,1.0,0.2547945205479452,98580.0,172250.0
26847871,"Bright, Airy, Downtown Oasis :)",Manhattan,Lower East Side,40.71871,-73.99058,987.0,5.0,1.0,0.2219178082191781,79947.0,172231.5
35647115,Private studio in midtown Manhattan,Manhattan,Murray Hill,40.74815,-73.97581,674.0,5.0,10.0,0.0,0.0,172206.99999999997
52022258,Spacious 3 bedroom in Manhattan,Manhattan,East Village,40.72193,-73.98162,1167.0,5.0,66.0,0.2958904109589041,126036.0,172132.5
17264362,Spacious 3 bedroom in Manhattan,Manhattan,East Village,40.72193,-73.98162,1167.0,5.0,66.0,0.2958904109589041,126036.0,172132.5
11243187,Sunny & Spacious 3BR Bklyn Duplex w Private Garden,Brooklyn,Gowanus,40.6702,-73.9896,1136.0,5.0,35.0,0.28493150684931506,118144.00000000001,172104.0
42814864,Sunny & Spacious 3BR Bklyn Duplex w Private Garden,Brooklyn,Gowanus,40.6702,-73.9896,1136.0,5.0,35.0,0.28493150684931506,118144.00000000001,172104.0
49805878,Sunny & Spacious 3BR Bklyn Duplex w Private Garden,Brooklyn,Gowanus,40.6702,-73.9896,1136.0,5.0,35.0,0.28493150684931506,118144.00000000001,172104.0
12641611,"NYMT06-1 LUXURY! one bedroom,Gym,doorman Ap-A",Manhattan,Hell's Kitchen,40.76591,-73.99016,854.0,5.0,5.0,0.14794520547945206,46116.0,172080.99999999997
51204301,"NYMT06-1 LUXURY! one bedroom,Gym,doorman Ap-A",Manhattan,Hell's Kitchen,40.76591,-73.99016,854.0,5.0,5.0,0.14794520547945206,46116.0,172080.99999999997
44213288,"NYMT06-1 LUXURY! one bedroom,Gym,doorman Ap-A",Manhattan,Hell's Kitchen,40.76591,-73.99016,854.0,5.0,5.0,0.14794520547945206,46116.0,172080.99999999997
56873661,"NYMT06-1 LUXURY! one bedroom,Gym,doorman Ap-A",Manhattan,Hell's Kitchen,40.76591,-73.99016,854.0,5.0,5.0,0.14794520547945206,46116.0,172080.99999999997
16099009,Beautiful and spacious room next to Subway station,Brooklyn,Flatbush,40.65021,-73.96293,858.0,5.0,13.0,0.1506849315068493,47190.0,172028.99999999997
29236569,King Bed Private Lower Level Apt WiFI/15 Min toJFK,Queens,Glen Oaks,40.74791,-73.70522,681.0,5.0,33.0,0.00821917808219178,2042.9999999999998,171952.5
32380813,Bright and Spacious apt with Private Entrance,Brooklyn,Bensonhurst,40.62217,-74.00133,673.0,5.0,14.0,0.0,0.0,171951.5
11077497,A beautiful cozy room with balcony,Bronx,Longwood,40.81998,-73.90325,714.0,5.0,110.0,0.0410958904109589,10709.999999999998,171716.99999999997
49640188,A beautiful cozy room with balcony,Bronx,Longwood,40.81998,-73.90325,714.0,5.0,110.0,0.0410958904109589,10709.999999999998,171716.99999999997
14668000,"Peaceful Private Attic Bedroom, Living Room & Bath",Bronx,City Island,40.83914,-73.78158,691.0,5.0,6.0,0.019178082191780823,4837.0,171713.5
46239677,"Peaceful Private Attic Bedroom, Living Room & Bath",Bronx,City Island,40.83914,-73.78158,691.0,5.0,6.0,0.019178082191780823,4837.0,171713.5
54584930,NEW Perfect shared male room right on Manhattan IV,Manhattan,Lower East Side,40.7111,-73.98689,808.0,5.0,1.0,0.1178082191780822,34744.0,171699.99999999997
19827034,NEW Perfect shared male room right on Manhattan IV,Manhattan,Lower East Side,40.7111,-73.98689,808.0,5.0,1.0,0.1178082191780822,34744.0,171699.99999999997
1651945,Park Slope duplex with backyard,Brooklyn,South Slope,40.66153,-73.98554,929.0,5.0,116.0,0.19452054794520549,65959.0,171400.49999999997
35504069,Beautiful 2 bedroom Brooklyn Brownstone apartment.,Brooklyn,Bedford-Stuyvesant,40.68476,-73.94952,780.0,5.0,1.0,0.09863013698630137,28080.0,171210.0
38157871,Riverside Suite 5 star,Manhattan,Washington Heights,40.83551,-73.94613,749.0,5.0,1.0,0.07397260273972603,20223.0,171146.49999999997
30484215,Horatio street Studio,Manhattan,West Village,40.73943,-74.00396,749.0,5.0,3.0,0.07397260273972603,20223.0,171146.49999999997
11508291,"Bright, Modern, Clean, Spacious, Brooklyn Home",Brooklyn,Bedford-Stuyvesant,40.68408,-73.95411,1034.0,5.0,62.0,0.2465753424657534,93059.99999999999,171127.0
50070982,"Bright, Modern, Clean, Spacious, Brooklyn Home",Brooklyn,Bedford-Stuyvesant,40.68408,-73.95411,1034.0,5.0,62.0,0.2465753424657534,93059.99999999999,171127.0
43079968,"Bright, Modern, Clean, Spacious, Brooklyn Home",Brooklyn,Bedford-Stuyvesant,40.68408,-73.95411,1034.0,5.0,62.0,0.2465753424657534,93059.99999999999,171127.0
38836095,"Spacious bedroom, next to Subway, mins to park!",Manhattan,Inwood,40.86339,-73.92045,769.0,5.0,75.0,0.09041095890410959,25377.0,171102.49999999997
3713129,Amazing Renovated studio MurrayHill,Manhattan,Kips Bay,40.74318,-73.97858,672.0,5.0,4.0,0.0027397260273972603,672.0,171024.0
17689633,Luxurious Private Bed& Bath In NYC-Weekly Discount,Manhattan,Washington Heights,40.8347,-73.94487,717.0,5.0,27.0,0.04657534246575343,12189.0,171004.5
41415336,Luxurious Private Bed& Bath In NYC-Weekly Discount,Manhattan,Washington Heights,40.8347,-73.94487,717.0,5.0,27.0,0.04657534246575343,12189.0,171004.5
52447529,Luxurious Private Bed& Bath In NYC-Weekly Discount,Manhattan,Washington Heights,40.8347,-73.94487,717.0,5.0,27.0,0.04657534246575343,12189.0,171004.5
36596519,Plant-filled private room in Ridgewood apartment,Queens,Ridgewood,40.70374,-73.90832,772.0,5.0,4.0,0.09315068493150686,26248.000000000004,170998.0
7366594,Relaxing Modern Brooklyn Space,Brooklyn,Crown Heights,40.66776,-73.957,751.0,5.0,10.0,0.07671232876712329,21028.000000000004,170852.49999999997
35947566,Modern 1-Bed Near Central Park,Manhattan,Upper East Side,40.77262,-73.95598,1020.0,5.0,6.0,0.2410958904109589,89760.0,170850.0
32475256,#2BED Luxury Midtown Full Kitchen,Manhattan,Midtown,40.7534,-73.96617,690.0,5.0,18.0,0.021917808219178082,5520.0,170774.99999999997
36025993,Beautiful second floor Beach House,Queens,Belle Harbor,40.58003,-73.84265,1119.0,5.0,105.0,0.2821917808219178,115257.0,170647.5
4679102,Bohemian 1 Bedroom Loft with city view,Brooklyn,Greenpoint,40.72545,-73.94039,886.0,5.0,2.0,0.1726027397260274,55818.00000000001,170554.99999999997
39956160,Luxury 1 Bedroom Central Park Views,Manhattan,Upper West Side,40.79208,-73.96482,670.0,5.0,24.0,0.0027397260273972603,670.0,170514.99999999997
25939890,Private Condo Room w Ground Level Entrance,Bronx,Longwood,40.81963,-73.90956,850.0,5.0,10.0,0.1506849315068493,46750.0,170425.0
6391784,HUGE room in Sunset Park with AC,Brooklyn,Borough Park,40.64305,-73.99959,1061.0,5.0,1.0,0.2602739726027397,100794.99999999999,170290.5
4193078,LowerEastSide apt share shortterm 3,Manhattan,Lower East Side,40.71329,-73.99047,707.0,5.0,88.0,0.0410958904109589,10605.0,170033.5
19950749,AWESOME QUEEN BED B - NEAR 3 METROS WILLIAMSBURG,Brooklyn,Williamsburg,40.70844,-73.94415,722.0,5.0,20.0,0.0547945205479452,14440.0,170031.0
54708645,AWESOME QUEEN BED B - NEAR 3 METROS WILLIAMSBURG,Brooklyn,Williamsburg,40.70844,-73.94415,722.0,5.0,20.0,0.0547945205479452,14440.0,170031.0
33255656,145 Mulberry-Spacious Studio,Manhattan,Little Italy,40.71899,-73.99773,1100.0,5.0,8.0,0.27671232876712326,111100.0,169950.0
13827399,Once Upon Avant-garde Bushwick,Brooklyn,Bushwick,40.69962,-73.91646,985.0,5.0,96.0,0.2273972602739726,81755.0,169912.5
45399076,Once Upon Avant-garde Bushwick,Brooklyn,Bushwick,40.69962,-73.91646,985.0,5.0,96.0,0.2273972602739726,81755.0,169912.5
53446639,"Designer Studio / 1BR in Williamsburg, Nice Views",Brooklyn,Williamsburg,40.70996,-73.96129,973.0,5.0,3.0,0.2219178082191781,78813.0,169788.49999999997
18688744,"Designer Studio / 1BR in Williamsburg, Nice Views",Brooklyn,Williamsburg,40.70996,-73.96129,973.0,5.0,3.0,0.2219178082191781,78813.0,169788.49999999997
21651833,New York Moments (Ladies Only),Manhattan,Kips Bay,40.74319,-73.98074,664.0,5.0,1.0,0.0,0.0,169651.99999999997
4844792,Near Subway -15 min to Manhattan,Queens,Astoria,40.76357,-73.92829,945.0,5.0,46.0,0.20821917808219179,71820.0,169627.5
34232122,Private fits 3 ppl. Prospect Park,Brooklyn,Prospect-Lefferts Gardens,40.66074,-73.95144,762.0,5.0,105.0,0.09041095890410959,25146.000000000004,169545.0
28931147,Kingston 25: Chilling in the City.,Queens,St. Albans,40.7035,-73.75796,666.0,5.0,13.0,0.0027397260273972603,666.0,169497.0
1339344,Monthly Apartment Rental,Manhattan,East Harlem,40.79239,-73.94535,1090.0,5.0,115.0,0.273972602739726,109000.0,169495.0
31470622,Entire 1 Bedroom Apartment Gorgeous,Brooklyn,Sheepshead Bay,40.60031,-73.95353,693.0,5.0,30.0,0.030136986301369864,7623.0,169438.5
40639907,NiceRoomNiceNeighborhoodCloseMaimonidesHospital,Brooklyn,Borough Park,40.63741,-74.00118,845.0,5.0,43.0,0.1506849315068493,46475.0,169422.5
35486948,30 under 1-roof in MANHATTAN LUXURY. Free Park,Manhattan,Washington Heights,40.83386,-73.94208,663.0,5.0,1.0,0.0,0.0,169396.5
34253662,Fully renovated historic district townhouse,Brooklyn,Greenpoint,40.72699,-73.95574,811.0,5.0,8.0,0.12876712328767123,38117.0,169093.49999999997
33626802,COZY STUDIO,Manhattan,Harlem,40.81581,-73.94122,749.0,5.0,13.0,0.0821917808219178,22470.0,168899.49999999997
55934751,"ENJOY MANHATTAN
NEAR TO YANKE STADIUM",Bronx,Mott Haven,40.80958,-73.91895,834.0,5.0,29.0,0.14520547945205478,44201.99999999999,168884.99999999997
21176855,"ENJOY MANHATTAN
NEAR TO YANKE STADIUM",Bronx,Mott Haven,40.80958,-73.91895,834.0,5.0,29.0,0.14520547945205478,44201.99999999999,168884.99999999997
28800252,"Le Chateau Boutique in Le Brooklyn , NY ! Voila !",Brooklyn,Bushwick,40.68769,-73.91559,1152.0,5.0,123.0,0.29863013698630136,125568.00000000001,168768.0
2879156,Bright and Open Astoria Apartment,Queens,Astoria,40.76589,-73.92864,1045.0,5.0,2.0,0.25753424657534246,98230.00000000001,168767.5
33142987,The High Tide Studio #6,Queens,Rockaway Beach,40.58397,-73.81904,863.0,5.0,56.0,0.1643835616438356,51780.0,168716.49999999997
16034390,*AMAZING AND COZY SPACE 2 MIN FROM THE SUBWAY,Brooklyn,Cypress Hills,40.68,-73.90447,779.0,5.0,70.0,0.10684931506849316,30381.000000000004,168653.49999999997
26789880,Extremely Large 2 Bedroom Midtown Apartment,Manhattan,Kips Bay,40.74363,-73.9773,707.0,5.0,4.0,0.04657534246575343,12019.0,168619.5
19355922,LYRIC - Hotel Studio Suite with Kitchen,Manhattan,Financial District,40.70722,-74.00873,797.0,5.0,36.0,0.12054794520547946,35068.0,168565.5
54113818,LYRIC - Hotel Studio Suite with Kitchen,Manhattan,Financial District,40.70722,-74.00873,797.0,5.0,36.0,0.12054794520547946,35068.0,168565.5
30838791,[301] 5 min WALK to Times Square,Manhattan,Hell's Kitchen,40.76032,-73.98921,728.0,5.0,252.0,0.06575342465753424,17472.0,168532.0
7320200,Cozy Sunny Bedroom in Hell's Kitchen / Time Square,Manhattan,Hell's Kitchen,40.76285,-73.99159,1043.0,5.0,17.0,0.25753424657534246,98042.0,168444.49999999994
6036103,Prime Williamsburg Location,Brooklyn,Williamsburg,40.7196,-73.95599,1056.0,5.0,6.0,0.26301369863013696,101376.0,168432.0
6036103,Prime Williamsburg Location,Brooklyn,Williamsburg,40.7196,-73.95599,1056.0,5.0,6.0,0.26301369863013696,101376.0,168432.0
34487285,"Sam and Mala""s Place",Queens,South Ozone Park,40.68114,-73.81203,686.0,5.0,91.0,0.0273972602739726,6859.999999999999,168413.0
29607715,"Retro 3 bedroom clean,safe  area  Astoria hieghts",Queens,Ditmars Steinway,40.76862,-73.89661,893.0,5.0,2.0,0.18356164383561643,59831.0,168330.49999999997
35368204,"Bright, Luxury Executive Studio",Manhattan,Hell's Kitchen,40.76068,-73.99419,1035.0,5.0,5.0,0.2547945205479452,96255.00000000001,168187.5
3736326,Tasteful French 1BD Apt w/ Garden,Brooklyn,Bedford-Stuyvesant,40.68537,-73.95693,916.0,5.0,38.0,0.19726027397260273,65952.0,168085.99999999997
33719588,"Comfortable bedroom in Bronx,NYC#1",Bronx,Mount Eden,40.84212,-73.92135,663.0,5.0,3.0,0.005479452054794521,1326.0,168070.5
35939834,Beautiful modern studio in midtown east/UES,Manhattan,Midtown,40.75962,-73.96679,842.0,5.0,4.0,0.15342465753424658,47152.0,167979.0
33812374,"SPACIOUS COZY CONVENIENT 3BR, 1 and 1 1/2BA APT!!",Brooklyn,Bedford-Stuyvesant,40.6813,-73.92074,798.0,5.0,42.0,0.1232876712328767,35909.99999999999,167978.99999999997
33795253,BEST LOCATION IN NYC,Queens,Astoria,40.75834,-73.91619,701.0,5.0,94.0,0.043835616438356165,11216.0,167889.5
28029793,"Peace, Love and Sunshine",Brooklyn,East Flatbush,40.64431,-73.94867,677.0,5.0,1.0,0.021917808219178082,5416.0,167557.5
30896783,"Cozy, quiet, private 1 br apt NO SMOKING ALLOWED",Bronx,Schuylerville,40.83345,-73.82839,674.0,5.0,6.0,0.019178082191780823,4718.0,167488.99999999997
13119350,"Gorgeous condo 20min from NYC,close to the airport",Queens,Rego Park,40.72999,-73.86043,994.0,5.0,67.0,0.23835616438356164,86478.0,167488.99999999997
51682041,"Gorgeous condo 20min from NYC,close to the airport",Queens,Rego Park,40.72999,-73.86043,994.0,5.0,67.0,0.23835616438356164,86478.0,167488.99999999997
57351400,"Gorgeous condo 20min from NYC,close to the airport",Queens,Rego Park,40.72999,-73.86043,994.0,5.0,67.0,0.23835616438356164,86478.0,167488.99999999997
44691028,"Gorgeous condo 20min from NYC,close to the airport",Queens,Rego Park,40.72999,-73.86043,994.0,5.0,67.0,0.23835616438356164,86478.0,167488.99999999997
4996674,"Charming Room in Luxe New Home, near C/3 Subways",Brooklyn,Crown Heights,40.67411,-73.93843,965.0,5.0,115.0,0.22465753424657534,79130.0,167427.5
56003788,"Cozy Room, 2 twin beds, NEAR TRAIN AND AIRPORTS",Queens,Ridgewood,40.70605,-73.90374,1030.0,5.0,14.0,0.2547945205479452,95790.0,167375.0
21245893,"Cozy Room, 2 twin beds, NEAR TRAIN AND AIRPORTS",Queens,Ridgewood,40.70605,-73.90374,1030.0,5.0,14.0,0.2547945205479452,95790.0,167375.0
29025038,Time Square! 2 Fully Furnished apt!,Manhattan,Hell's Kitchen,40.76213,-73.99029,1030.0,5.0,97.0,0.2547945205479452,95790.0,167375.0
40953613,"SPACIOUS APT, A/C, WIFI, SUBWAY!",Manhattan,Washington Heights,40.85296,-73.93527,907.0,5.0,27.0,0.19452054794520549,64397.0,167341.5
53623928,Luxury One Bdrm Condo @TimeSquare,Manhattan,Hell's Kitchen,40.75788,-73.99198,999.0,5.0,6.0,0.2410958904109589,87912.0,167332.49999999997
18866032,Luxury One Bdrm Condo @TimeSquare,Manhattan,Hell's Kitchen,40.75788,-73.99198,999.0,5.0,6.0,0.2410958904109589,87912.0,167332.49999999997
32722134,😎Bedstuy is fly 😎,Brooklyn,Bushwick,40.68894,-73.91908,993.0,5.0,4.0,0.23835616438356164,86391.0,167320.49999999997
37104635,Fabulous studio in midtown Manhattan,Manhattan,Murray Hill,40.74951,-73.97545,873.0,5.0,4.0,0.17534246575342466,55872.0,167179.49999999997
28483232,"On Fifth, Across From Central Park",Manhattan,East Harlem,40.79614,-73.94867,1155.0,5.0,96.0,0.3041095890410959,128205.00000000001,166897.5
33316961,Double Room with one Queen Bed and a Private Bath,Queens,Long Island City,40.749565,-73.94783,867.0,5.0,85.0,0.1726027397260274,54621.0,166897.5
38247343,Skylit Midtown Sanctuary,Manhattan,Hell's Kitchen,40.75534,-73.99223,750.0,5.0,2.0,0.09041095890410959,24750.000000000004,166875.0
15126961,The Cozy Corner - Private Room w/ Laundry,Queens,Astoria,40.76972,-73.92662,1187.0,5.0,19.0,0.3150684931506849,136505.0,166773.5
46698638,The Cozy Corner - Private Room w/ Laundry,Queens,Astoria,40.76972,-73.92662,1187.0,5.0,19.0,0.3150684931506849,136505.0,166773.5
49961626,Beautiful room with all Amenities and gym,Manhattan,Harlem,40.8153,-73.93741,978.0,5.0,26.0,0.2328767123287671,83129.99999999999,166749.0
11398936,Beautiful room with all Amenities and gym,Manhattan,Harlem,40.8153,-73.93741,978.0,5.0,26.0,0.2328767123287671,83129.99999999999,166749.0
42970613,Beautiful room with all Amenities and gym,Manhattan,Harlem,40.8153,-73.93741,978.0,5.0,26.0,0.2328767123287671,83129.99999999999,166749.0
35613977,Specious clean room,Bronx,Hunts Point,40.81361,-73.88933,663.0,5.0,11.0,0.010958904109589041,2652.0,166744.5
35444973,"Charming modern 3-bedroom Apt- Kensington, BK",Brooklyn,Kensington,40.6302,-73.9735,1093.0,5.0,6.0,0.2821917808219178,112579.00000000001,166682.49999999994
36018813,"""33"" amazing apartment in with fireplace",Manhattan,Kips Bay,40.744228,-73.976944,693.0,5.0,6.0,0.0410958904109589,10394.999999999998,166666.5
29373539,Beautiful convertible 3BR in art Live/Work bldng,Brooklyn,Bedford-Stuyvesant,40.68054,-73.91847,704.0,5.0,1.0,0.052054794520547946,13376.0,166495.99999999997
32717716,The Residences at W New York - Downtown - Apt 29C,Manhattan,Financial District,40.71002,-74.01441,1160.0,5.0,8.0,0.30684931506849317,129920.0,166460.0
32053299,PRIVATE ROOM IN THE HEART OF ASTORIA!,Queens,Ditmars Steinway,40.7743,-73.90949,667.0,5.0,1.0,0.01643835616438356,4002.0,166416.5
1783393,NYC - Heart of Greenwich Village,Manhattan,Greenwich Village,40.72812,-74.00191,878.0,5.0,51.0,0.18082191780821918,57948.0,166380.99999999997
45753100,Luxurious Designer brownstone with backyard,Brooklyn,Clinton Hill,40.69556,-73.96611,1091.0,5.0,38.0,0.2821917808219178,112373.0,166377.5
14181423,Luxurious Designer brownstone with backyard,Brooklyn,Clinton Hill,40.69556,-73.96611,1091.0,5.0,38.0,0.2821917808219178,112373.0,166377.5
54888695,Beautiful Large Room in Prime Rockaway Location,Queens,Rockaway Beach,40.58754,-73.81296,672.0,5.0,14.0,0.021917808219178082,5376.0,166320.0
20130799,Beautiful Large Room in Prime Rockaway Location,Queens,Rockaway Beach,40.58754,-73.81296,672.0,5.0,14.0,0.021917808219178082,5376.0,166320.0
38260046,Beautiful Single Bedroom 30 min to Manhattan.,Queens,Long Island City,40.73523,-73.92568,706.0,5.0,11.0,0.0547945205479452,14119.999999999998,166263.0
23719092,"LYRIC - 1 Bedroom Suite, 2 Bath, Kitchen",Manhattan,Financial District,40.7076,-74.0074,813.0,5.0,1.0,0.13972602739726028,41463.0,166258.49999999997
20315267,Warm and Friendly Bronx Home,Bronx,Baychester,40.87886,-73.84301,825.0,5.0,9.0,0.14794520547945206,44550.0,166237.5
20315267,Warm and Friendly Bronx Home,Bronx,Baychester,40.87886,-73.84301,825.0,5.0,9.0,0.14794520547945206,44550.0,166237.5
55073163,Warm and Friendly Bronx Home,Bronx,Baychester,40.87886,-73.84301,825.0,5.0,9.0,0.14794520547945206,44550.0,166237.5
31626371,Private 2 beds Studio w/sofa Near ESB,Manhattan,Midtown,40.74657,-73.98715,1068.0,5.0,71.0,0.273972602739726,106800.0,166073.99999999994
35094263,Executive Suite Condo - Luxury Near Central Park,Manhattan,Midtown,40.76657,-73.98105,676.0,5.0,11.0,0.0273972602739726,6760.0,165958.0
40834317,Putnam Garden -2BDR Garden Apt,Brooklyn,Bedford-Stuyvesant,40.68439,-73.95231,962.0,5.0,106.0,0.2273972602739726,79846.0,165945.0
25778619,"Cozy, Brooklyn Room in the ""Middle of Everything!""",Brooklyn,Crown Heights,40.66975,-73.92878,770.0,5.0,2.0,0.1095890410958904,30799.999999999996,165935.0
27316774,Luxury 3 Stops to Times Square,Manhattan,Harlem,40.82024,-73.94362,1060.0,5.0,1.0,0.27123287671232876,104940.0,165890.0
31609250,"Stylish Townhouse, 2 large bedrooms, ensuite bths",Brooklyn,Bedford-Stuyvesant,40.68978,-73.93185,967.0,5.0,21.0,0.23013698630136986,81228.0,165840.5
8783243,Brooklyn For Life - Park Slope,Brooklyn,South Slope,40.66323,-73.98117,1094.0,5.0,112.0,0.28493150684931506,113776.0,165741.0
28672118,Manhattan Large Private Room in Sunny Two Bedroom,Manhattan,Harlem,40.81554,-73.93939,893.0,5.0,3.0,0.1917808219178082,62510.0,165651.49999999997
39140413,Monthly Apartment Rental,Manhattan,East Harlem,40.79147,-73.94629,1179.0,5.0,119.0,0.3150684931506849,135585.0,165649.5
6362512,Extraordinary One Bedroom Apartment,Brooklyn,Crown Heights,40.66514,-73.95688,818.0,5.0,56.0,0.14520547945205478,43353.99999999999,165644.99999999997
27525544,"Huge, Clean & Quiet room in a 2 BR Apt",Manhattan,Stuyvesant Town,40.73221,-73.97941,783.0,5.0,2.0,0.12054794520547946,34452.0,165604.49999999997
36673288,Adorable one bedroom next to Central Park,Manhattan,Upper West Side,40.79815,-73.96232,1115.0,5.0,9.0,0.29315068493150687,119305.0,165577.5
34297294,Queens Finest Luxury Place,Queens,Jamaica,40.69934,-73.78676,721.0,5.0,75.0,0.07123287671232877,18746.0,165469.5
4341646,Charming Furnished Private Room,Brooklyn,Greenpoint,40.72951,-73.95525,976.0,5.0,75.0,0.2356164383561644,83936.0,165431.99999999997
3530870,Brooklyn 3BR Near Subways,Brooklyn,Crown Heights,40.67499,-73.92427,805.0,5.0,175.0,0.136986301369863,40250.0,165427.5
39667307,Newly Reno Room with Private Bath^,Queens,Flushing,40.75979,-73.81016,833.0,5.0,17.0,0.15616438356164383,47480.99999999999,165350.49999999997
47662402,Oasis in old WorldBrooklyn,Brooklyn,Bedford-Stuyvesant,40.68165,-73.93267,679.0,5.0,63.0,0.03287671232876712,8148.0,165336.49999999997
9099711,Oasis in old WorldBrooklyn,Brooklyn,Bedford-Stuyvesant,40.68165,-73.93267,679.0,5.0,63.0,0.03287671232876712,8148.0,165336.49999999997
16228247,Charming 1875 Victorian,Brooklyn,Crown Heights,40.67764,-73.94493,668.0,5.0,38.0,0.021917808219178082,5344.0,165330.0
32272562,In the heart of NYC.,Manhattan,Hell's Kitchen,40.76294,-73.99475,1063.0,5.0,4.0,0.273972602739726,106299.99999999999,165296.49999999994
48029129,"Top floor skyline view, Bright in Bushwick!",Brooklyn,Williamsburg,40.70528,-73.92938,753.0,5.0,11.0,0.09863013698630137,27108.0,165283.5
9466438,"Top floor skyline view, Bright in Bushwick!",Brooklyn,Williamsburg,40.70528,-73.92938,753.0,5.0,11.0,0.09863013698630137,27108.0,165283.5
28465006,The Blurple Mansion - Executive Sweet,Staten Island,Stapleton,40.62573,-74.08415,1056.0,5.0,1.0,0.27123287671232876,104544.0,165264.0
31312112,Blue Moon Hotel | Bright and Stunning Classic King,Manhattan,Lower East Side,40.71972,-73.99014,673.0,5.0,1.0,0.0273972602739726,6729.999999999999,165221.5
3414887,Le Petit Château,Brooklyn,Flatbush,40.63615,-73.95148,1119.0,5.0,62.0,0.2958904109589041,120852.0,165052.5
34638615,"Spacious 1 bedroom with patio, roof, gym",Brooklyn,Williamsburg,40.71086,-73.95328,664.0,5.0,6.0,0.019178082191780823,4648.0,165003.99999999997
29334878,😍Ambient 2BR/2BATH For Groups - 15 Min To City,Queens,Woodside,40.74364,-73.90157,683.0,5.0,12.0,0.038356164383561646,9562.0,164944.5
29114511,Duplex LIC Home,Queens,Long Island City,40.75383,-73.93652,748.0,5.0,26.0,0.0958904109589041,26179.999999999996,164934.0
23594824,Amazing Private room near Central Park,Manhattan,Harlem,40.80515,-73.95651,741.0,5.0,1.0,0.09041095890410959,24453.000000000004,164872.49999999997
30665921,Sally.s Lovley black bliss private room,Brooklyn,Bedford-Stuyvesant,40.68451,-73.92994,700.0,5.0,13.0,0.0547945205479452,13999.999999999998,164849.99999999997
34504959,"Private, Amazing Studio Family Near 5th avenue # 3",Manhattan,Midtown,40.74604,-73.9873,1173.0,5.0,6.0,0.3150684931506849,134895.0,164806.49999999994
10490402,1 bedroom furnished with WIFI and cable. Murr Hill,Manhattan,Midtown,40.75004,-73.97089,918.0,5.0,5.0,0.20821917808219179,69768.0,164780.99999999997
49053093,1 bedroom furnished with WIFI and cable. Murr Hill,Manhattan,Midtown,40.75004,-73.97089,918.0,5.0,5.0,0.20821917808219179,69768.0,164780.99999999997
11692759,"Luxury Condo, High Fl, River Views, Balcony, Food",Manhattan,Murray Hill,40.74698,-73.97218,650.0,5.0,23.0,0.005479452054794521,1300.0,164774.99999999997
43264437,"Luxury Condo, High Fl, River Views, Balcony, Food",Manhattan,Murray Hill,40.74698,-73.97218,650.0,5.0,23.0,0.005479452054794521,1300.0,164774.99999999997
50255450,"Luxury Condo, High Fl, River Views, Balcony, Food",Manhattan,Murray Hill,40.74698,-73.97218,650.0,5.0,23.0,0.005479452054794521,1300.0,164774.99999999997
7823346,5* Columbus Circle Location*5168,Manhattan,Upper West Side,40.76941,-73.98162,893.0,5.0,1.0,0.19452054794520549,63403.0,164758.49999999997
28946611,Prime E. Williamsburg - HUGE Loft - Superhost,Brooklyn,Williamsburg,40.70774,-73.94402,702.0,5.0,11.0,0.057534246575342465,14742.0,164619.0
6148220,Central Park 1BR Apt NYC Manhattan,Manhattan,Upper West Side,40.76812,-73.98341,842.0,5.0,99.0,0.1643835616438356,50519.99999999999,164611.0
2753232,Awesome Huge Studio - NYC Center,Manhattan,Chelsea,40.75066,-74.00377,676.0,5.0,35.0,0.03287671232876712,8112.0,164606.0
5856605,Room & Breakfast-   Room 2,Brooklyn,Bedford-Stuyvesant,40.68649,-73.92783,800.0,5.0,107.0,0.136986301369863,40000.0,164400.0
14684016,Bright Room in the great neighborhood ofPark Slope,Brooklyn,Windsor Terrace,40.6582,-73.98235,1106.0,5.0,109.0,0.29315068493150687,118342.00000000001,164241.0
46255693,Bright Room in the great neighborhood ofPark Slope,Brooklyn,Windsor Terrace,40.6582,-73.98235,1106.0,5.0,109.0,0.29315068493150687,118342.00000000001,164241.0
14224503,"Madison Ave BR Steps from Central Park, east 60s",Manhattan,Upper East Side,40.76892,-73.96906,762.0,5.0,56.0,0.1095890410958904,30480.0,164211.0
45796180,"Madison Ave BR Steps from Central Park, east 60s",Manhattan,Upper East Side,40.76892,-73.96906,762.0,5.0,56.0,0.1095890410958904,30480.0,164211.0
39124948,"*Habitación Privada, Cama Doble en Queens!",Queens,Corona,40.73798,-73.863693,712.0,5.0,16.0,0.0684931506849315,17800.0,164116.0
34275202,"A 2bedroom apartment 
in East New York Brooklyn",Brooklyn,Brownsville,40.67356,-73.90593,715.0,5.0,2.0,0.07123287671232877,18590.0,164092.49999999997
14557540,SPOTLESS  bedroom separate entrance  paid parking.,Queens,Flushing,40.75786,-73.8123,655.0,5.0,54.0,0.0136986301369863,3274.9999999999995,164077.49999999997
46129217,SPOTLESS  bedroom separate entrance  paid parking.,Queens,Flushing,40.75786,-73.8123,655.0,5.0,54.0,0.0136986301369863,3274.9999999999995,164077.49999999997
39868344,Modern 1BR East Village Apt w/patio,Manhattan,East Village,40.72538,-73.98351,814.0,5.0,11.0,0.14794520547945206,43956.0,164020.99999999997
10314771,Bright Bedroom with views of city,Brooklyn,Bushwick,40.7025,-73.92935,1143.0,5.0,3.0,0.30684931506849317,128016.00000000001,164020.49999999994
48877462,Bright Bedroom with views of city,Brooklyn,Bushwick,40.7025,-73.92935,1143.0,5.0,3.0,0.30684931506849317,128016.00000000001,164020.49999999994
16739125,MONTHLY RENTAL Victorian House in Brooklyn,Brooklyn,Flatbush,40.63074,-73.96418,660.0,5.0,1.0,0.019178082191780823,4620.0,164009.99999999997
33195455,White Tara House,Queens,Jackson Heights,40.74935,-73.87035,979.0,5.0,4.0,0.2410958904109589,86152.0,163982.49999999997
31446874,Private studio apartment,Brooklyn,Bushwick,40.69343,-73.92257,757.0,5.0,148.0,0.10684931506849316,29523.0,163890.5
44712567,"Astoria close to JFK,Laguardia airport, Manhattan",Queens,Astoria,40.76505,-73.90918,641.0,5.0,161.0,0.0,0.0,163775.5
51703581,"Astoria close to JFK,Laguardia airport, Manhattan",Queens,Astoria,40.76505,-73.90918,641.0,5.0,161.0,0.0,0.0,163775.5
13140890,"Astoria close to JFK,Laguardia airport, Manhattan",Queens,Astoria,40.76505,-73.90918,641.0,5.0,161.0,0.0,0.0,163775.5
36478879,"Cozy one bedroom apartment in Brooklyn, New York",Brooklyn,Sheepshead Bay,40.60022,-73.96069,640.0,5.0,1.0,0.0,0.0,163520.0
36141976,♔ PrivateRoom Centrally Located Near Pratt/Barclay,Brooklyn,Bedford-Stuyvesant,40.6872,-73.95755,640.0,5.0,1.0,0.0,0.0,163520.0
19585126,The Best Place to stay in Manhattan,Manhattan,Upper West Side,40.79083,-73.97531,741.0,5.0,3.0,0.0958904109589041,25935.0,163390.49999999997
54343022,The Best Place to stay in Manhattan,Manhattan,Upper West Side,40.79083,-73.97531,741.0,5.0,3.0,0.0958904109589041,25935.0,163390.49999999997
34087420,"The Experience, luxury BK (15 mins to Manhattan!)",Brooklyn,Bedford-Stuyvesant,40.68017,-73.91665,910.0,5.0,11.0,0.20821917808219179,69160.0,163345.0
29217791,Coastal Breeze in the Rockaways,Queens,Far Rockaway,40.59529,-73.76355,857.0,5.0,15.0,0.1780821917808219,55704.99999999999,163258.5
16984898,Cozy bedroom+bath for 2 in historic Park Slope NYC,Brooklyn,Park Slope,40.6718,-73.98251,667.0,5.0,57.0,0.030136986301369864,7337.0,163081.5
33399806,"Suite Retreat:  Quiet one bedroom in Brooklyn, NY",Brooklyn,Prospect-Lefferts Gardens,40.663284,-73.94297,945.0,5.0,4.0,0.2273972602739726,78435.0,163012.5
37689520,Magic at the Castle: Private Bedroom & Bathroom,Bronx,Throgs Neck,40.81521,-73.81993,638.0,5.0,47.0,0.0,0.0,163009.0
33277196,Artists's loft Williamsb mins NYC mins away,Brooklyn,Williamsburg,40.71415,-73.95246,695.0,5.0,21.0,0.057534246575342465,14595.0,162977.49999999997
15850474,Amazing Location! Apartment in South Williamsburg,Brooklyn,Williamsburg,40.71198,-73.95787,1028.0,5.0,45.0,0.26575342465753427,99716.0,162937.99999999994
47422151,Amazing Location! Apartment in South Williamsburg,Brooklyn,Williamsburg,40.71198,-73.95787,1028.0,5.0,45.0,0.26575342465753427,99716.0,162937.99999999994
37649203,Cozy Room Near Subway,Queens,Ridgewood,40.70873,-73.90072,713.0,5.0,2.0,0.07397260273972603,19251.0,162920.5
31193920,Private Bedroom #2,Queens,Jackson Heights,40.74764,-73.888,785.0,5.0,89.0,0.13150684931506848,37680.0,162887.5
15510809,Huge Bedroom with Private bath - Close to Subway,Brooklyn,Bath Beach,40.60303,-73.99596,759.0,5.0,45.0,0.11232876712328767,31119.0,162805.49999999997
47082487,Huge Bedroom with Private bath - Close to Subway,Brooklyn,Bath Beach,40.60303,-73.99596,759.0,5.0,45.0,0.11232876712328767,31119.0,162805.49999999997
25392561,Extra Luxury Loft with private elevator & terrace,Manhattan,Hell's Kitchen,40.75634,-73.99445,892.0,5.0,2.0,0.2,65116.0,162790.0
49047570,Planta Baja Studio,Brooklyn,Bedford-Stuyvesant,40.68786,-73.95688,637.0,5.0,10.0,0.0,0.0,162753.5
10484879,Planta Baja Studio,Brooklyn,Bedford-Stuyvesant,40.68786,-73.95688,637.0,5.0,10.0,0.0,0.0,162753.5
24907089,Sunny 4 bedrooms in Manhattan,Manhattan,East Harlem,40.79491,-73.94162,824.0,5.0,7.0,0.1589041095890411,47792.0,162739.99999999997
3378435,Room for Rent -  Close to City & Clean,Queens,Sunnyside,40.74547,-73.93184,971.0,5.0,55.0,0.2410958904109589,85448.0,162642.49999999997
26250283,Private Living Room in the Heart of Chelsea,Manhattan,Chelsea,40.74125,-73.99926,872.0,5.0,5.0,0.18904109589041096,60168.0,162628.0
36708083,18-2 flr Duplex Comfortable Quality Cribs,Queens,Far Rockaway,40.60517,-73.7497,636.0,5.0,4.0,0.0,0.0,162498.0
35027434,SPACIOUS 2BEDS APT. IN THE HEART OF NYC TIMESQUARE,Manhattan,Theater District,40.75674,-73.98844,931.0,5.0,21.0,0.2219178082191781,75411.0,162459.49999999997
31779910,GORGEOUS Newly-Renovated 2-BR Flat,Manhattan,Upper East Side,40.77093,-73.95625,1124.0,5.0,5.0,0.3041095890410959,124764.0,162418.0
21084069,G1. Private room. For 2 guests,Brooklyn,Prospect-Lefferts Gardens,40.66061,-73.94712,638.0,5.0,2.0,0.0027397260273972603,638.0,162371.0
55841965,G1. Private room. For 2 guests,Brooklyn,Prospect-Lefferts Gardens,40.66061,-73.94712,638.0,5.0,2.0,0.0027397260273972603,638.0,162371.0
26609278,The Shunammite Room - 2 Kings 4:10,Brooklyn,Canarsie,40.62903,-73.89762,635.0,5.0,4.0,0.0,0.0,162242.5
32437147,“Tilt A Whirl “ Beach House -Parking for 6 cars,Queens,Rockaway Beach,40.58515,-73.81838,805.0,5.0,92.0,0.14794520547945206,43470.0,162207.5
3822484,Private RM | Queens | 20min to city,Queens,Sunnyside,40.74532,-73.91974,650.0,5.0,3.0,0.01643835616438356,3899.9999999999995,162174.99999999997
53950889,BEAUTIFUL STUDIO ON UPPER EAST SIDE/ CENTRAL PARK,Manhattan,Upper East Side,40.77045,-73.9568,706.0,5.0,6.0,0.07123287671232877,18356.0,162027.0
19192993,BEAUTIFUL STUDIO ON UPPER EAST SIDE/ CENTRAL PARK,Manhattan,Upper East Side,40.77045,-73.9568,706.0,5.0,6.0,0.07123287671232877,18356.0,162027.0
25403055,"One master bedroom near Q10,Q24 BUS STOP, A train",Queens,Richmond Hill,40.69035,-73.82238,657.0,5.0,14.0,0.024657534246575342,5913.0,161950.5
3451891,NYC Finest location!~amazing view!!,Manhattan,Murray Hill,40.74318,-73.97193,758.0,5.0,2.0,0.11506849315068493,31836.0,161833.0
22817186,3 Single Beds Studio near ESB,Manhattan,Midtown,40.74841,-73.98768,916.0,5.0,15.0,0.21643835616438356,72364.0,161673.99999999997
35646010,Lovely one bedroom suite in midtown manhattan,Manhattan,Murray Hill,40.74861,-73.97712,844.0,5.0,3.0,0.17534246575342466,54015.99999999999,161625.99999999997
43857607,Big Sunny Room in Manhattan (M6),Manhattan,Harlem,40.82104,-73.93915,746.0,5.0,3.0,0.10684931506849316,29094.000000000004,161508.99999999997
50848620,Big Sunny Room in Manhattan (M6),Manhattan,Harlem,40.82104,-73.93915,746.0,5.0,3.0,0.10684931506849316,29094.000000000004,161508.99999999997
12285930,Big Sunny Room in Manhattan (M6),Manhattan,Harlem,40.82104,-73.93915,746.0,5.0,3.0,0.10684931506849316,29094.000000000004,161508.99999999997
56517980,Big Sunny Room in Manhattan (M6),Manhattan,Harlem,40.82104,-73.93915,746.0,5.0,3.0,0.10684931506849316,29094.000000000004,161508.99999999997
42775099,Moxy NYC Downtown-7 Nights Min,Manhattan,Financial District,40.711,-74.00883,756.0,5.0,4.0,0.11506849315068493,31752.000000000004,161405.99999999997
24766253,Moxy NYC Downtown-7 Nights Min,Manhattan,Financial District,40.711,-74.00883,756.0,5.0,4.0,0.11506849315068493,31752.000000000004,161405.99999999997
30695746,Cozy Modern Luxury with Full Balcony,Brooklyn,Flatbush,40.63395,-73.96514,813.0,5.0,187.0,0.15616438356164383,46341.0,161380.49999999997
32715507,Dear and Cozy Private Room - Near 2 Metros :),Brooklyn,Williamsburg,40.7047,-73.93676,685.0,5.0,89.0,0.0547945205479452,13700.0,161317.49999999997
17068295,Ideal studio in Midtown Manhattan,Manhattan,Murray Hill,40.74979,-73.97551,777.0,5.0,1.0,0.13150684931506848,37295.99999999999,161227.5
2013702,Newly Reno Room with Private Bath^,Queens,Flushing,40.75979,-73.81016,833.0,5.0,17.0,0.16986301369863013,51646.0,161185.49999999997
27127335,"Elegant Times Square Apartment, with City Views!!!",Manhattan,Hell's Kitchen,40.75597,-73.99457,1084.0,5.0,3.0,0.29315068493150687,115988.00000000001,160974.0
5594263,The Golden Chamber,Manhattan,Harlem,40.83001,-73.94815,1114.0,5.0,42.0,0.3041095890410959,123654.00000000001,160973.0
55679588,Gorgeous Bedroom in the heart of Bushwick Him-2R-1,Brooklyn,Bushwick,40.69938,-73.91953,701.0,5.0,1.0,0.07123287671232877,18226.0,160879.5
20921692,Gorgeous Bedroom in the heart of Bushwick Him-2R-1,Brooklyn,Bushwick,40.69938,-73.91953,701.0,5.0,1.0,0.07123287671232877,18226.0,160879.5
21728050,NYC East Village 1 BR / Studio,Manhattan,East Village,40.72546,-73.98396,1015.0,5.0,20.0,0.26575342465753427,98455.00000000001,160877.5
30072751,"Cozy Room in Astoria, NYC. 15 min to Manhattan",Queens,Ditmars Steinway,40.77689,-73.90722,844.0,5.0,4.0,0.1780821917808219,54860.0,160781.99999999997
37907127,Private Bedroom 2,Brooklyn,Clinton Hill,40.68578,-73.96458,629.0,5.0,58.0,0.0,0.0,160709.49999999997
40255506,Habitat 101. Amazing 1br Loft Apartment,Brooklyn,Greenpoint,40.72531,-73.94222,694.0,5.0,9.0,0.06575342465753424,16656.0,160660.99999999997
34621494,"Beautiful Two Bedroom, two bath, apartment",Brooklyn,Bushwick,40.68829,-73.91233,657.0,5.0,18.0,0.030136986301369864,7227.0,160636.5
2953717,Large 2BR/2B next to Lincoln Center,Manhattan,Upper West Side,40.77517,-73.98829,959.0,5.0,4.0,0.2410958904109589,84392.0,160632.49999999997
35144522,One BR Riverside Drive,Manhattan,Washington Heights,40.83581,-73.94717,676.0,5.0,4.0,0.049315068493150684,12168.0,160550.0
48420157,"Spacious Haven in Wash Heights, A-train on block!",Manhattan,Washington Heights,40.84909,-73.93829,1142.0,5.0,2.0,0.3150684931506849,131330.0,160451.0
9857467,"Spacious Haven in Wash Heights, A-train on block!",Manhattan,Washington Heights,40.84909,-73.93829,1142.0,5.0,2.0,0.3150684931506849,131330.0,160451.0
34849042,Large Private Room ( Fits 3ppl ) Upper East Side,Manhattan,East Harlem,40.78489,-73.94689,987.0,5.0,11.0,0.2547945205479452,91791.0,160387.5
20207569,Super Cute 1 Bedroom Best Location,Manhattan,Kips Bay,40.74211,-73.97887,630.0,5.0,1.0,0.0027397260273972603,630.0,160335.0
31754505,Gorgeous & Luxurious 3BRD APT- Upper West Side,Manhattan,Upper West Side,40.77999,-73.97958,888.0,5.0,16.0,0.2054794520547945,66600.0,160283.99999999997
40208561,Ditmas Park Carriage House Loft,Brooklyn,Flatbush,40.64361,-73.96821,669.0,5.0,95.0,0.043835616438356165,10704.0,160225.49999999997
48502450,Sunny East Village apartment,Manhattan,East Village,40.72791,-73.98916,1037.0,5.0,3.0,0.27671232876712326,104736.99999999999,160216.5
9939759,Sunny East Village apartment,Manhattan,East Village,40.72791,-73.98916,1037.0,5.0,3.0,0.27671232876712326,104736.99999999999,160216.5
1628197,"Studio 54, Cozy Room For 2",Manhattan,Upper West Side,40.77099,-73.9898,733.0,5.0,117.0,0.10136986301369863,27120.999999999996,160160.5
6134965,"Discount! Mins to SOHO -Queen bed, spacious",Manhattan,Lower East Side,40.71892,-73.99241,877.0,5.0,51.0,0.2,64021.0,160052.5
29229389,Bed-Stuy Fly,Brooklyn,Bedford-Stuyvesant,40.69187,-73.93803,694.0,5.0,57.0,0.0684931506849315,17350.0,159966.99999999997
41430801,THE SNUG Luxury Hotel Studio at 56th/Park,Manhattan,Midtown,40.75978,-73.97159,742.0,5.0,48.0,0.1095890410958904,29679.999999999996,159901.0
39602688,Large One Bedroom in heart of North Williamsburg,Brooklyn,Williamsburg,40.71813,-73.9606,742.0,5.0,72.0,0.1095890410958904,29679.999999999996,159901.0
52462993,THE SNUG Luxury Hotel Studio at 56th/Park,Manhattan,Midtown,40.75978,-73.97159,742.0,5.0,48.0,0.1095890410958904,29679.999999999996,159901.0
17705097,THE SNUG Luxury Hotel Studio at 56th/Park,Manhattan,Midtown,40.75978,-73.97159,742.0,5.0,48.0,0.1095890410958904,29679.999999999996,159901.0
35246145,The Brooklyn Way - Cozy 2 bedroom apartment,Brooklyn,East New York,40.67208,-73.87601,659.0,5.0,1.0,0.03561643835616438,8567.0,159807.49999999997
29511062,Lovely spacious duplex 2 bedroom apartment,Brooklyn,Crown Heights,40.67289,-73.94344,937.0,5.0,9.0,0.2328767123287671,79645.0,159758.5
32215123,Sleeps 4 Columbia University 2 Bedroom Apt,Manhattan,Washington Heights,40.85344,-73.92773,905.0,5.0,39.0,0.21643835616438356,71495.0,159732.5
29847413,TLUX,Brooklyn,Crown Heights,40.6757,-73.9266,817.0,5.0,11.0,0.1643835616438356,49020.0,159723.5
10793063,Beautiful bedroom / in Beach home,Queens,Arverne,40.59005,-73.79449,817.0,5.0,114.0,0.1643835616438356,49020.0,159723.5
49355753,Beautiful bedroom / in Beach home,Queens,Arverne,40.59005,-73.79449,817.0,5.0,114.0,0.1643835616438356,49020.0,159723.5
3656242,Gorgeous 2 Bedroom Loft in the Heart of Chelsea,Manhattan,Chelsea,40.7476,-73.99195,748.0,5.0,19.0,0.11506849315068493,31416.0,159698.0
31676078,Contemporary bedroom in brownstone with nice view,Brooklyn,Bedford-Stuyvesant,40.6821,-73.91245,1040.0,5.0,209.0,0.27945205479452057,106080.00000000001,159640.0
38440648,"Spacious room in fun, quiet house",Brooklyn,Park Slope,40.67828,-73.97586,825.0,5.0,179.0,0.16986301369863013,51150.0,159637.5
14962928,"MASTER, NEW, PRIVATE BEDROOM, 10 MINS from JFK",Queens,Howard Beach,40.66778,-73.85345,769.0,5.0,5.0,0.13150684931506848,36911.99999999999,159567.49999999997
46534605,"MASTER, NEW, PRIVATE BEDROOM, 10 MINS from JFK",Queens,Howard Beach,40.66778,-73.85345,769.0,5.0,5.0,0.13150684931506848,36911.99999999999,159567.49999999997
2871424,"Soho Penthouse Loft, Terrace & View",Manhattan,SoHo,40.72329,-73.9981,842.0,5.0,1.0,0.18082191780821918,55572.0,159559.0
29854040,Penthouse full floor 4 bedroom Elevator condo,Manhattan,Financial District,40.70512,-74.00938,1186.0,5.0,1.0,0.3315068493150685,143506.0,159517.0
9599542,Sunny & Luxurious West Village Apartment!,Manhattan,West Village,40.72981,-74.00348,1096.0,5.0,37.0,0.3013698630136986,120560.0,159468.0
48162233,Sunny & Luxurious West Village Apartment!,Manhattan,West Village,40.72981,-74.00348,1096.0,5.0,37.0,0.3013698630136986,120560.0,159468.0
37993838,NY HIGH LINE DOUBLE ROOM-NON SMOKING,Manhattan,Hell's Kitchen,40.75573,-73.99628,624.0,5.0,54.0,0.0,0.0,159431.99999999997
4783486,"Very spacious, clean Manhattan Apt",Manhattan,Harlem,40.82389,-73.94033,946.0,5.0,1.0,0.23835616438356164,82302.0,159400.99999999997
32650335,2BR fully furnished in the UES - minimum 30 days,Manhattan,Upper East Side,40.78183,-73.9461,803.0,5.0,6.0,0.15616438356164383,45771.0,159395.49999999997
22581906,Cg hosting,Manhattan,Washington Heights,40.83644,-73.94231,1176.0,5.0,1.0,0.3287671232876712,141120.0,159348.0
25284310,Its the Brooklyn way!,Brooklyn,Brownsville,40.67144,-73.91457,657.0,5.0,7.0,0.03561643835616438,8541.0,159322.5
31244732,ECO CLASSIC ROOM AT UES,Manhattan,Upper East Side,40.78278,-73.95371,1193.0,5.0,18.0,0.33424657534246577,145546.0,159265.49999999994
26744039,Massive 3 BR home near LGA Airport and Manhattan,Queens,East Elmhurst,40.76001,-73.88865,700.0,5.0,5.0,0.07671232876712329,19600.0,159249.99999999997
4641545,Cozy room mins from Central Park!,Manhattan,East Harlem,40.78825,-73.94861,1102.0,5.0,186.0,0.3041095890410959,122322.0,159239.0
52979394,"NYC room-cozy, basic, clean, cheap & close to all",Queens,Elmhurst,40.73739,-73.86991,1058.0,5.0,21.0,0.2876712328767123,111090.0,159228.99999999994
18221498,"NYC room-cozy, basic, clean, cheap & close to all",Queens,Elmhurst,40.73739,-73.86991,1058.0,5.0,21.0,0.2876712328767123,111090.0,159228.99999999994
32077600,Private Area w Futon Bed full - TV,Brooklyn,Bushwick,40.69831,-73.92985,897.0,5.0,29.0,0.2136986301369863,69966.0,159217.5
9996094,Park Slope room steps from Subway&Prospect Park,Brooklyn,Park Slope,40.67073,-73.98719,1117.0,5.0,68.0,0.3095890410958904,126221.00000000001,159172.5
48558784,Park Slope room steps from Subway&Prospect Park,Brooklyn,Park Slope,40.67073,-73.98719,1117.0,5.0,68.0,0.3095890410958904,126221.00000000001,159172.5
30974105,Best view in Queens,Queens,College Point,40.78365,-73.8381,858.0,5.0,57.0,0.1917808219178082,60059.99999999999,159158.99999999997
55491254,Private room blocks away from HBO's The Deuce set!,Manhattan,Washington Heights,40.84067,-73.93602,912.0,5.0,4.0,0.2219178082191781,73872.0,159144.0
20733358,Private room blocks away from HBO's The Deuce set!,Manhattan,Washington Heights,40.84067,-73.93602,912.0,5.0,4.0,0.2219178082191781,73872.0,159144.0
28459483,Stylish 2 Bedroom Condo w/Awesome View & Amenities,Brooklyn,Flatbush,40.64925,-73.95307,1023.0,5.0,17.0,0.273972602739726,102300.0,159076.49999999997
1212315,Lower East Side 2 Bedroom Apt,Manhattan,Lower East Side,40.71895,-73.99434,696.0,5.0,52.0,0.07397260273972603,18792.0,159036.0
28794729,Flushing Meadows-Queensboro Hill Gem,Queens,Flushing,40.745777,-73.828743,653.0,5.0,85.0,0.03287671232876712,7835.999999999999,159005.5
35724437,NEW Bushwick room by the park 3FL -#136,Brooklyn,Bushwick,40.69321,-73.91189,801.0,5.0,1.0,0.15616438356164383,45657.0,158998.49999999997
31607593,"Artist/Musician Apartment, All Private. 4 Guests",Brooklyn,Bushwick,40.69633,-73.91872,1100.0,5.0,171.0,0.3041095890410959,122100.00000000001,158950.0
28656654,Shared room in Hell's Kitchen,Manhattan,Hell's Kitchen,40.76557,-73.98826,966.0,5.0,33.0,0.2493150684931507,87906.0,158906.99999999997
8034877,Bushwick artist den: 1 min to L train AC +backyard,Brooklyn,Bushwick,40.6882,-73.90598,943.0,5.0,18.0,0.23835616438356164,82041.0,158895.49999999997
34891569,Studio 2 Queen Beds steps away from Times Square,Manhattan,Theater District,40.75544,-73.98837,634.0,5.0,2.0,0.0136986301369863,3170.0,158816.99999999997
29250376,Carriage House Too (2),Brooklyn,Clinton Hill,40.68713,-73.96736,838.0,5.0,28.0,0.18082191780821918,55308.0,158800.99999999997
29586727,3Bed2BT Lux Hideaway In BK Min Away From Barclays*,Brooklyn,Bedford-Stuyvesant,40.688641,-73.944099,677.0,5.0,32.0,0.057534246575342465,14217.0,158756.5
35746529,The High Tide Two Bedroom Suite #8,Queens,Rockaway Beach,40.58565,-73.82026,812.0,5.0,38.0,0.1643835616438356,48719.99999999999,158746.0
37144953,"Amazing UWS 2 Bed w/ Gym, Laundry, Rooftop  #6104",Manhattan,Upper West Side,40.78868,-73.97376,1146.0,5.0,2.0,0.32054794520547947,134082.0,158721.0
23229202,AMAZING ENTIRE 1 BEDROOM APARTMENT (No hot water),Bronx,Longwood,40.82306,-73.90821,636.0,5.0,50.0,0.01643835616438356,3815.9999999999995,158682.0
34683352,Brand new~Prime UES~W/D~ walk to C park,Manhattan,Upper East Side,40.77519,-73.94801,982.0,5.0,4.0,0.25753424657534246,92308.0,158593.0
25313030,"Bronx, Little Italy, Arthur Ave, Fordham, Yanks.",Bronx,Belmont,40.85398,-73.88737,638.0,5.0,2.0,0.019178082191780823,4466.000000000001,158543.0
34156457,Sunny Room in Prime LES Location,Manhattan,Chinatown,40.71656,-73.99046,703.0,5.0,3.0,0.0821917808219178,21090.0,158526.5
25410235,Boutique room for families w/ rooftop & breakfast,Manhattan,Hell's Kitchen,40.75566,-73.99486,878.0,5.0,3.0,0.2054794520547945,65850.0,158478.99999999997
30131295,LOVE MANHATTAN 2,Bronx,Mott Haven,40.81015,-73.92025,1039.0,5.0,102.0,0.2821917808219178,107017.00000000001,158447.5
33230803,#4 PRIVATE LUXURY BEDROOM - Queen Bed & Bathroom,Queens,Springfield Gardens,40.6771,-73.75523,620.0,5.0,1.0,0.0,0.0,158410.0
36614745,Good vibes- gay friendly,Queens,Woodside,40.74447,-73.91156,782.0,5.0,61.0,0.14520547945205478,41445.99999999999,158355.0
31906387,Sanitized Home In Briarwood NY | Near Subway & JFK,Queens,Briarwood,40.70455,-73.81403,1177.0,5.0,53.0,0.3315068493150685,142417.00000000003,158306.49999999997
3658451,"Charming Apt, Perfect for Couples!",Brooklyn,Bushwick,40.69349,-73.92211,1194.0,5.0,1.0,0.336986301369863,146862.0,158205.0
31498237,Lovely 2 Brooklyn apartment in Brooklyn.,Brooklyn,Flatbush,40.63385,-73.95251,624.0,5.0,1.0,0.005479452054794521,1248.0,158183.99999999997
32200211,"beautiful condo, 2 bedrooms large living & kitchen",Brooklyn,Cypress Hills,40.68585,-73.8725,692.0,5.0,1.0,0.07397260273972603,18684.0,158122.0
4860256,Cozy Studio Close to Everything,Brooklyn,Crown Heights,40.67777,-73.95131,777.0,5.0,13.0,0.14246575342465753,40404.0,158119.5
35800102,Modern Brooklyn Duplex Lux Loft with Pool and Gym,Brooklyn,Bushwick,40.69729,-73.90751,621.0,5.0,47.0,0.0027397260273972603,621.0,158044.5
1386289,"Fresh, Clean Brooklyn Garden Apt.",Brooklyn,Clinton Hill,40.68618,-73.96144,758.0,5.0,233.0,0.12876712328767123,35626.0,158043.0
19512775,Private Room in Rockaway House-Nearby JFK & Subway,Queens,Rockaway Beach,40.58743,-73.81411,641.0,5.0,10.0,0.024657534246575342,5769.0,158006.5
54270671,Private Room in Rockaway House-Nearby JFK & Subway,Queens,Rockaway Beach,40.58743,-73.81411,641.0,5.0,10.0,0.024657534246575342,5769.0,158006.5
49755619,Prospect Park Brooklyn Private Studio Apt,Brooklyn,Prospect-Lefferts Gardens,40.65988,-73.9612,885.0,5.0,9.0,0.21095890410958903,68145.0,157972.5
11192928,Prospect Park Brooklyn Private Studio Apt,Brooklyn,Prospect-Lefferts Gardens,40.65988,-73.9612,885.0,5.0,9.0,0.21095890410958903,68145.0,157972.5
34348658,Montefiore Profess. 5 min walk/long term discount,Bronx,Morris Park,40.84622,-73.84862,633.0,5.0,58.0,0.01643835616438356,3797.9999999999995,157933.5
29691112,Remanso de Paz by Juana.,Bronx,Morris Heights,40.85287,-73.91624,700.0,5.0,18.0,0.0821917808219178,21000.0,157849.99999999997
32833699,Vinegar Hill Gem,Brooklyn,Vinegar Hill,40.70228,-73.98134,635.0,5.0,2.0,0.019178082191780823,4445.0,157797.5
5294916,Bright Lux 1BR in Williamsburg,Brooklyn,Williamsburg,40.71124,-73.95256,1139.0,5.0,11.0,0.32054794520547947,133263.0,157751.5
8329252,Friendly place with garden,Brooklyn,Park Slope,40.6735,-73.97644,645.0,5.0,133.0,0.030136986301369864,7095.000000000001,157702.49999999997
4727152,Large private room in the sky,Brooklyn,Williamsburg,40.71114,-73.94438,930.0,5.0,1.0,0.2356164383561644,79980.0,157635.0
38936062,High Line Sun Drenched Home,Manhattan,Chelsea,40.7469,-73.99494,883.0,5.0,40.0,0.21095890410958903,67991.0,157615.49999999997
34577862,Fabulous studio UES 30 days min,Manhattan,Upper East Side,40.77375,-73.95215,868.0,5.0,19.0,0.20273972602739726,64232.0,157541.99999999997
3309398,Sunny Flex 2br  Loft in Brooklyn,Brooklyn,Greenpoint,40.72713,-73.94141,741.0,5.0,7.0,0.1178082191780822,31863.0,157462.49999999997
36313189,Quiet mezzanine bedroom near Subway trains,Brooklyn,Sunset Park,40.66231,-73.99206,616.0,5.0,60.0,0.0,0.0,157388.0
22503480,Whole Bedroom in Co-Living Space Madison 3L-4,Brooklyn,Bedford-Stuyvesant,40.68561,-73.93289,777.0,5.0,1.0,0.14520547945205478,41181.0,157342.5
33761011,Private room in 2/bed doorman condo,Queens,Corona,40.73794,-73.85343,618.0,5.0,63.0,0.0027397260273972603,618.0,157281.0
22988951,Book NOW this New 3br Home with lots of space.,Bronx,Belmont,40.85222,-73.89277,740.0,5.0,10.0,0.1178082191780822,31819.999999999996,157250.0
31213251,A Simple Studio/Entire Apt/JFK abt 5mi,Queens,St. Albans,40.69387,-73.76859,733.0,5.0,235.0,0.11232876712328767,30053.0,157228.5
22793437,Park Slope Cozy Bedroom,Brooklyn,Park Slope,40.67371,-73.9769,651.0,5.0,1.0,0.038356164383561646,9114.0,157216.5
3446368,Williamsburg Luxury Apton Bedford,Brooklyn,Williamsburg,40.71756,-73.95579,906.0,5.0,23.0,0.22465753424657534,74292.0,157190.99999999997
33810718,Wendy's New York Homestay,Brooklyn,Bedford-Stuyvesant,40.67974,-73.94275,743.0,5.0,28.0,0.12054794520547946,32692.0,157144.5
37732600,2 Bdrm Great Bushwick apartment #1,Brooklyn,Bushwick,40.69266,-73.90362,615.0,5.0,124.0,0.0,0.0,157132.5
48201446,1 Block from Times Sq. and Broadway,Manhattan,Hell's Kitchen,40.76192,-73.98817,1177.0,5.0,150.0,0.33424657534246577,143594.0,157129.5
9638756,1 Block from Times Sq. and Broadway,Manhattan,Hell's Kitchen,40.76192,-73.98817,1177.0,5.0,150.0,0.33424657534246577,143594.0,157129.5
45118508,Sunny 2+ bd. Great for groups. Very kid friendly.,Brooklyn,Windsor Terrace,40.65319,-73.97621,1168.0,5.0,100.0,0.3315068493150685,141328.00000000003,157095.9999999999
13546831,Sunny 2+ bd. Great for groups. Very kid friendly.,Brooklyn,Windsor Terrace,40.65319,-73.97621,1168.0,5.0,100.0,0.3315068493150685,141328.00000000003,157095.9999999999
30836030,1st Time/Solo/Duo Travelers!Charming Studio Share!,Manhattan,Chelsea,40.74773,-74.00144,811.0,5.0,173.0,0.16986301369863013,50281.99999999999,156928.49999999997
11596659,Luxury 2BR Penthouse in the hearth of Soho (Nyc),Manhattan,SoHo,40.72575,-74.00128,1029.0,5.0,32.0,0.2821917808219178,105987.0,156922.5
50159350,Luxury 2BR Penthouse in the hearth of Soho (Nyc),Manhattan,SoHo,40.72575,-74.00128,1029.0,5.0,32.0,0.2821917808219178,105987.0,156922.5
43168336,Luxury 2BR Penthouse in the hearth of Soho (Nyc),Manhattan,SoHo,40.72575,-74.00128,1029.0,5.0,32.0,0.2821917808219178,105987.0,156922.5
4865779,Spacious and welcoming 1 bedroom apt,Brooklyn,East Flatbush,40.65308,-73.95109,874.0,5.0,67.0,0.20821917808219179,66424.0,156882.99999999997
9263192,1st Floor Apt in Heart of Brooklyn,Brooklyn,Crown Heights,40.66952,-73.94287,832.0,5.0,63.0,0.18356164383561643,55744.0,156832.0
47825882,1st Floor Apt in Heart of Brooklyn,Brooklyn,Crown Heights,40.66952,-73.94287,832.0,5.0,63.0,0.18356164383561643,55744.0,156832.0
35773592,Beautiful 2 bedroom apartment with terrace,Brooklyn,Clinton Hill,40.6956,-73.96888,1002.0,5.0,3.0,0.27123287671232876,99197.99999999999,156813.0
5437962,Chinatown/Lower East Side Room,Manhattan,Chinatown,40.71546,-73.99226,1002.0,5.0,23.0,0.27123287671232876,99197.99999999999,156813.0
39665650,Gorgeous sunny prime SoHo 1BR Apt.,Manhattan,Greenwich Village,40.72825,-74.00225,683.0,5.0,70.0,0.07123287671232877,17758.0,156748.5
16087963,Gorgeous Loft in Nolita with Elevator and Balcony!,Manhattan,Little Italy,40.7192,-73.9965,717.0,5.0,4.0,0.10136986301369863,26529.000000000004,156664.5
1890539,Private Bedroom in Sunny Brooklyn Apartment,Brooklyn,Sunset Park,40.65989,-73.99536,797.0,5.0,51.0,0.16164383561643836,47023.0,156610.5
40191439,CHELSEA BROWNSTONE 1BRM GARDEN APT,Manhattan,Chelsea,40.74461,-74.00172,716.0,5.0,50.0,0.10136986301369863,26492.0,156446.0
1984430,"Big Loft in Bushwick: Unfurnished, longterm sublet",Brooklyn,Williamsburg,40.70538,-73.92946,645.0,5.0,3.0,0.03561643835616438,8385.0,156412.49999999997
24470772,Cozy & Calm,Brooklyn,Bedford-Stuyvesant,40.67883,-73.94438,667.0,5.0,1.0,0.057534246575342465,14007.0,156411.5
42479618,Cozy & Calm,Brooklyn,Bedford-Stuyvesant,40.67883,-73.94438,667.0,5.0,1.0,0.057534246575342465,14007.0,156411.5
5146900,Spacious Chique Brooklyn Gem,Brooklyn,Crown Heights,40.67644,-73.95991,729.0,5.0,134.0,0.11232876712328767,29889.0,156370.49999999997
7748233,Private Cozy BR near Union Square - FEMALE only,Manhattan,Gramercy,40.73683,-73.98191,661.0,5.0,21.0,0.052054794520547946,12559.0,156326.5
37071497,"Top FLoor Condo, 35 mi to City, 10 mi JFK",Brooklyn,East New York,40.6682,-73.88527,611.0,5.0,28.0,0.0,0.0,156110.5
6567968,Perfect UWS Apartment,Manhattan,Upper West Side,40.79433,-73.97333,721.0,5.0,5.0,0.10684931506849316,28119.000000000004,156096.5
40755890,Newly Renovated Private Room,Brooklyn,Bedford-Stuyvesant,40.69454,-73.94495,1037.0,5.0,11.0,0.2876712328767123,108884.99999999999,156068.5
34454699,Single Room between CP and Riverside Park,Manhattan,Morningside Heights,40.8039,-73.96405,931.0,5.0,36.0,0.2410958904109589,81928.0,155942.49999999997
30454390,Perfect NYC Visitors Room!,Queens,Ridgewood,40.70441,-73.90673,620.0,5.0,51.0,0.010958904109589041,2480.0,155930.0
54602051,Washington Heights Paradise,Manhattan,Washington Heights,40.85671,-73.93011,673.0,5.0,19.0,0.06575342465753424,16152.0,155799.5
19844155,Washington Heights Paradise,Manhattan,Washington Heights,40.85671,-73.93011,673.0,5.0,19.0,0.06575342465753424,16152.0,155799.5
3856175,Factory Converted Studio Loft in GP,Brooklyn,Greenpoint,40.72533,-73.94204,777.0,5.0,6.0,0.1506849315068493,42735.0,155788.5
57077460,NEW YORK CENTRAL APARTMENT/TIME SQUARE,Manhattan,Hell's Kitchen,40.75659,-73.99313,1035.0,5.0,13.0,0.2876712328767123,108674.99999999999,155767.5
51408100,NEW YORK CENTRAL APARTMENT/TIME SQUARE,Manhattan,Hell's Kitchen,40.75659,-73.99313,1035.0,5.0,13.0,0.2876712328767123,108674.99999999999,155767.5
44417087,NEW YORK CENTRAL APARTMENT/TIME SQUARE,Manhattan,Hell's Kitchen,40.75659,-73.99313,1035.0,5.0,13.0,0.2876712328767123,108674.99999999999,155767.5
12845410,NEW YORK CENTRAL APARTMENT/TIME SQUARE,Manhattan,Hell's Kitchen,40.75659,-73.99313,1035.0,5.0,13.0,0.2876712328767123,108674.99999999999,155767.5
5312590,Quiet 1BD in West Village,Manhattan,West Village,40.72934,-74.00276,913.0,5.0,6.0,0.2328767123287671,77605.0,155666.49999999997
1930305,"Private 2BR / East Williamsburg, Bk",Brooklyn,Williamsburg,40.70369,-73.93284,761.0,5.0,2.0,0.13972602739726028,38811.0,155624.49999999997
31530823,Love,Brooklyn,Borough Park,40.64377,-74.0007,609.0,5.0,45.0,0.0,0.0,155599.49999999997
28615784,Entire Cozy studio,Queens,Woodhaven,40.69148,-73.84691,652.0,5.0,40.0,0.04657534246575343,11084.0,155502.0
26122702,Brooklyn Home,Brooklyn,Boerum Hill,40.68713,-73.98592,608.0,5.0,1.0,0.0,0.0,155344.0
9090322,"Bright, sunny quite room Bushwick",Queens,Ridgewood,40.71112,-73.91932,759.0,5.0,2.0,0.13972602739726028,38709.0,155215.49999999997
47653012,"Bright, sunny quite room Bushwick",Queens,Ridgewood,40.71112,-73.91932,759.0,5.0,2.0,0.13972602739726028,38709.0,155215.49999999997
28978093,Lovely Park Slope Garden Apartment,Brooklyn,Sunset Park,40.66078,-73.98929,774.0,5.0,6.0,0.1506849315068493,42570.0,155186.99999999997
33870366,Grand Central Empire State Bldg Entire Place Yours,Manhattan,Murray Hill,40.74684,-73.97793,627.0,5.0,29.0,0.021917808219178082,5016.0,155182.5
7158376,Bedford Ave N. WBurg Room in 2BR-2,Brooklyn,Greenpoint,40.72014,-73.95496,1038.0,5.0,19.0,0.29041095890410956,110028.0,155180.99999999994
32368110,"Feel like home! Cozy room in queens, Well located.",Queens,Kew Gardens,40.70679,-73.83603,614.0,5.0,22.0,0.00821917808219178,1842.0,155034.99999999997
32827624,10 MINUTES CLOSE TO MIDTOWN  MANHATTAN,Queens,Astoria,40.75792,-73.92852,634.0,5.0,22.0,0.030136986301369864,6974.0,155012.99999999997
35626680,Celebrity's Queens NY room by airports,Queens,Queens Village,40.70762,-73.74542,621.0,5.0,7.0,0.01643835616438356,3725.9999999999995,154939.5
31301066,Private room in a big nice house in Brooklyn 1,Brooklyn,Bedford-Stuyvesant,40.69231,-73.9325,990.0,5.0,64.0,0.27123287671232876,98010.0,154935.0
7089891,Cozy Living Environment,Bronx,Clason Point,40.81773,-73.86164,669.0,5.0,58.0,0.06575342465753424,16055.999999999998,154873.49999999997
35848705,Lovely boho single master room,Manhattan,Kips Bay,40.74534,-73.97794,712.0,5.0,1.0,0.10410958904109589,27056.0,154860.0
7285958,LARGE  2 BEDROOM DUPLEX WITH YARD,Brooklyn,Bedford-Stuyvesant,40.68363,-73.94142,908.0,5.0,28.0,0.2328767123287671,77180.0,154813.99999999997
36837874,Large cozy 1 bedroom in a private house.,Queens,St. Albans,40.70825,-73.75519,776.0,5.0,2.0,0.15342465753424658,43456.0,154811.99999999997
35485291,Cozy Manhattan Apartment!,Manhattan,Kips Bay,40.74215,-73.97811,701.0,5.0,15.0,0.0958904109589041,24534.999999999996,154570.5
44703178,Sunny Brownstone Studio in BedStuy Brooklyn,Brooklyn,Bedford-Stuyvesant,40.68221,-73.94618,975.0,5.0,104.0,0.26575342465753427,94575.0,154537.5
51694192,Sunny Brownstone Studio in BedStuy Brooklyn,Brooklyn,Bedford-Stuyvesant,40.68221,-73.94618,975.0,5.0,104.0,0.26575342465753427,94575.0,154537.5
13131501,Sunny Brownstone Studio in BedStuy Brooklyn,Brooklyn,Bedford-Stuyvesant,40.68221,-73.94618,975.0,5.0,104.0,0.26575342465753427,94575.0,154537.5
53716162,Luxurious Apt in the heart of Manhattan,Manhattan,Kips Bay,40.74483,-73.97956,653.0,5.0,2.0,0.052054794520547946,12407.0,154434.5
18958266,Luxurious Apt in the heart of Manhattan,Manhattan,Kips Bay,40.74483,-73.97956,653.0,5.0,2.0,0.052054794520547946,12407.0,154434.5
22698994,Amazing two bedroom with the terrace/73A.,Manhattan,Hell's Kitchen,40.76157,-73.99358,697.0,5.0,1.0,0.09315068493150686,23698.000000000004,154385.5
41154651,One cozy bedroom in Bay Ridge NY,Brooklyn,Bay Ridge,40.63421,-74.0263,900.0,5.0,36.0,0.23013698630136986,75600.0,154350.0
18473899,NEAR COLUMBIA PRESBYTERIAN HOSP Students/Visitors,Manhattan,Washington Heights,40.84039,-73.93954,900.0,5.0,2.0,0.23013698630136986,75600.0,154350.0
11651889,Modern Luxury Loft  3bd  Williamsburg,Brooklyn,Williamsburg,40.71322,-73.9648,980.0,5.0,88.0,0.2684931506849315,96040.00000000001,154350.0
50214580,Modern Luxury Loft  3bd  Williamsburg,Brooklyn,Williamsburg,40.71322,-73.9648,980.0,5.0,88.0,0.2684931506849315,96040.00000000001,154350.0
53231795,NEAR COLUMBIA PRESBYTERIAN HOSP Students/Visitors,Manhattan,Washington Heights,40.84039,-73.93954,900.0,5.0,2.0,0.23013698630136986,75600.0,154350.0
43223566,Modern Luxury Loft  3bd  Williamsburg,Brooklyn,Williamsburg,40.71322,-73.9648,980.0,5.0,88.0,0.2684931506849315,96040.00000000001,154350.0
33541747,Renovated 3BR 2 Full Bath with Washer & Dryer,Brooklyn,Crown Heights,40.66974,-73.95049,733.0,5.0,3.0,0.1232876712328767,32984.99999999999,154296.5
33644475,Private Room in Manhattan NYC,Manhattan,East Harlem,40.79567,-73.942,706.0,5.0,8.0,0.10136986301369863,26122.0,154261.0
7688584,1 Bed available in 2 BR Apt in UWS,Manhattan,Upper West Side,40.79947,-73.964,1060.0,5.0,1.0,0.3013698630136986,116599.99999999999,154230.0
53495794,"GARDEN UTOPIA, UES; SUPERIOR LOCATION & AMENITIES",Manhattan,Upper East Side,40.78074,-73.94811,669.0,5.0,10.0,0.0684931506849315,16725.0,154204.49999999997
18737898,"GARDEN UTOPIA, UES; SUPERIOR LOCATION & AMENITIES",Manhattan,Upper East Side,40.78074,-73.94811,669.0,5.0,10.0,0.0684931506849315,16725.0,154204.49999999997
31695961,Small private bedroom with queen size bed,Queens,East Elmhurst,40.76429,-73.87339,754.0,5.0,22.0,0.13972602739726028,38454.0,154192.99999999997
38091595,CASTLE ON THE  POINT (private 1 bedroom apt),Bronx,Hunts Point,40.81275,-73.8896,608.0,5.0,5.0,0.005479452054794521,1216.0,154128.0
32352646,Modern CENTRAL PARK Apt 2 Blocks- Monthly Discount,Manhattan,Harlem,40.79924,-73.95531,936.0,5.0,129.0,0.2493150684931507,85176.0,153971.99999999997
30486976,Corbins Comfort,Queens,St. Albans,40.68928,-73.76049,627.0,5.0,1.0,0.0273972602739726,6269.999999999999,153928.5
32599524,CHARMING QUIET STUDIO RIGHT OFF CENTRAL PARK WEST,Manhattan,Upper West Side,40.78573,-73.97112,947.0,5.0,20.0,0.2547945205479452,88071.0,153887.5
35276522,The Kimono Suite,Manhattan,Harlem,40.80717,-73.95065,619.0,5.0,19.0,0.019178082191780823,4333.0,153821.49999999997
8752314,Charming room in Victorian house,Brooklyn,Flatbush,40.64266,-73.96492,703.0,5.0,22.0,0.10136986301369863,26011.0,153605.5
22641002,Cutepraise home in queens,Queens,St. Albans,40.69064,-73.76009,623.0,5.0,15.0,0.024657534246575342,5607.0,153569.5
25192628,Cozy Sm Room Furnished!,Manhattan,Washington Heights,40.83532,-73.94428,945.0,5.0,4.0,0.2547945205479452,87885.0,153562.5
35331199,"Home For Medical Professionals - ""Silver""",Brooklyn,South Slope,40.66525,-73.99159,819.0,5.0,2.0,0.1863013698630137,55692.00000000001,153562.49999999997
17011961,COZY&QUITE WITH PARK AROUND THE BLOCK BARS & SHOPS,Manhattan,East Village,40.72515,-73.98422,641.0,5.0,13.0,0.043835616438356165,10256.0,153519.5
47795506,"August '19 in cozy, bright South Slope 1.5 br",Brooklyn,South Slope,40.66432,-73.98847,1055.0,5.0,1.0,0.3013698630136986,116050.0,153502.5
9232815,"August '19 in cozy, bright South Slope 1.5 br",Brooklyn,South Slope,40.66432,-73.98847,1055.0,5.0,1.0,0.3013698630136986,116050.0,153502.5
3921346,5107-Studio Doorman GYM LuX,Manhattan,Upper West Side,40.79082,-73.97452,769.0,5.0,4.0,0.15342465753424658,43064.00000000001,153415.49999999997
16341469,Artful loft ★ NYC ★ Chelsea,Manhattan,Chelsea,40.74245,-73.99348,689.0,5.0,1.0,0.09041095890410959,22737.0,153302.49999999997
54480545,10 MINUTES FROM MANHATTAN (Big),Queens,Elmhurst,40.74503,-73.88761,738.0,5.0,3.0,0.13150684931506848,35424.0,153135.0
19722649,10 MINUTES FROM MANHATTAN (Big),Queens,Elmhurst,40.74503,-73.88761,738.0,5.0,3.0,0.13150684931506848,35424.0,153135.0
33552793,Comfortable Home Away,Brooklyn,Canarsie,40.63455,-73.89494,626.0,5.0,46.0,0.030136986301369864,6886.0,153057.0
33043021,Cozy Room In Brooklyn,Brooklyn,Cypress Hills,40.67992,-73.88301,599.0,5.0,10.0,0.0,0.0,153044.49999999997
6216705,Cozy Studio Duplex,Brooklyn,East New York,40.6752,-73.89218,1113.0,5.0,49.0,0.3232876712328767,131334.0,153037.49999999994
2356128,Modern Williamsburg,Brooklyn,Williamsburg,40.71704,-73.95789,1112.0,5.0,27.0,0.3232876712328767,131216.0,152900.0
11775604,LOVELY PRIVATE BED ROOM 12 MINS FROM JFK,Queens,St. Albans,40.7036,-73.76637,602.0,5.0,63.0,0.005479452054794521,1204.0,152607.0
43347282,LOVELY PRIVATE BED ROOM 12 MINS FROM JFK,Queens,St. Albans,40.7036,-73.76637,602.0,5.0,63.0,0.005479452054794521,1204.0,152607.0
50338295,LOVELY PRIVATE BED ROOM 12 MINS FROM JFK,Queens,St. Albans,40.7036,-73.76637,602.0,5.0,63.0,0.005479452054794521,1204.0,152607.0
29218895,Comfy bedroom in Greenpoint/Williamsburg Brooklyn.,Brooklyn,Greenpoint,40.72201,-73.9465,981.0,5.0,42.0,0.273972602739726,98099.99999999999,152545.5
47897681,Beautiful Sunny Fire Escape Room,Brooklyn,Bushwick,40.69305,-73.90825,1048.0,5.0,21.0,0.3013698630136986,115280.0,152483.99999999994
9334991,Beautiful Sunny Fire Escape Room,Brooklyn,Bushwick,40.69305,-73.90825,1048.0,5.0,21.0,0.3013698630136986,115280.0,152483.99999999994
36556201,"Where Cozy, Convenience and Location Meets",Bronx,Wakefield,40.89343,-73.85852,893.0,5.0,1.0,0.2328767123287671,75905.0,152256.49999999997
35161643,MedRoom 444-1,Brooklyn,Bedford-Stuyvesant,40.69411,-73.9526,887.0,5.0,3.0,0.23013698630136986,74508.0,152120.5
31571693,Luxurious 6Bed 4Bath Duplex in Historic Brownstone,Brooklyn,Crown Heights,40.6726,-73.94641,1098.0,5.0,17.0,0.32054794520547947,128466.0,152072.99999999994
18210452,Upper East Museum Roads,Manhattan,Upper East Side,40.77456,-73.94602,902.0,5.0,2.0,0.23835616438356164,78474.0,151987.0
52968348,Upper East Museum Roads,Manhattan,Upper East Side,40.77456,-73.94602,902.0,5.0,2.0,0.23835616438356164,78474.0,151987.0
1574071,Lux One-bed Central Park View UWS,Manhattan,Upper West Side,40.79234,-73.96482,711.0,5.0,8.0,0.11506849315068493,29862.0,151798.5
28768219,Freehand New York - Premium Queen Room,Manhattan,Flatiron District,40.7403,-73.98599,594.0,5.0,299.0,0.0,0.0,151766.99999999997
45177052,The Justice Tower 2,Brooklyn,Clinton Hill,40.69455,-73.96763,639.0,5.0,11.0,0.049315068493150684,11502.0,151762.49999999997
13605374,The Justice Tower 2,Brooklyn,Clinton Hill,40.69455,-73.96763,639.0,5.0,11.0,0.049315068493150684,11502.0,151762.49999999997
34835234,Sam and Mala place is your home away from home,Queens,South Ozone Park,40.67907,-73.81415,890.0,5.0,73.0,0.2328767123287671,75650.0,151745.0
9185870,Sunny studio in Greenpoint,Brooklyn,Greenpoint,40.72522,-73.94124,809.0,5.0,199.0,0.1863013698630137,55012.00000000001,151687.49999999997
47748560,Sunny studio in Greenpoint,Brooklyn,Greenpoint,40.72522,-73.94124,809.0,5.0,199.0,0.1863013698630137,55012.00000000001,151687.49999999997
30552148,Lovely 1 bedroom apartment right in Manhattan,Manhattan,Hell's Kitchen,40.75497,-73.99954,638.0,5.0,16.0,0.049315068493150684,11484.0,151525.0
32313432,Modern and Artful Home in Manhattan/NYC,Manhattan,East Harlem,40.80094,-73.9446,1110.0,5.0,121.0,0.32602739726027397,132090.0,151515.0
36990309,experience bklyn's best,Brooklyn,East Flatbush,40.65429,-73.91893,593.0,5.0,5.0,0.0,0.0,151511.5
25178269,Relax in SoHo with private outdoor space,Manhattan,Nolita,40.72202,-73.99491,1063.0,5.0,7.0,0.3095890410958904,120119.0,151477.49999999994
10944393,"Clean and modern in prime Carroll Gardens, BK",Brooklyn,Carroll Gardens,40.67615,-74.00004,763.0,5.0,47.0,0.15616438356164383,43491.0,151455.5
49507084,"Clean and modern in prime Carroll Gardens, BK",Brooklyn,Carroll Gardens,40.67615,-74.00004,763.0,5.0,47.0,0.15616438356164383,43491.0,151455.5
28632905,Sunny+Budget Friendly-Free Parking&12min to Train!,Queens,Bayside,40.77015,-73.77251,999.0,5.0,27.0,0.28493150684931506,103895.99999999999,151348.5
37131145,138 Bowery-Modern 1 Bedroom Apartment,Manhattan,Chinatown,40.71871,-73.99586,766.0,5.0,1.0,0.1589041095890411,44428.00000000001,151284.99999999997
29123347,Apartment around the park,Bronx,Parkchester,40.83706,-73.8582,736.0,5.0,40.0,0.136986301369863,36800.0,151247.99999999997
31804764,Chic Brooklyn Townhome Apt Quick Train to the City,Brooklyn,Bedford-Stuyvesant,40.68385,-73.91589,725.0,5.0,88.0,0.12876712328767123,34075.0,151162.49999999997
35227919,Private Room in Cozy Bed-Stuy Home - 5L - Room 2,Brooklyn,Bedford-Stuyvesant,40.68575,-73.92244,781.0,5.0,2.0,0.16986301369863013,48421.99999999999,151123.49999999997
34713176,Modern Apt in Townhouse in Williamsburg prime!,Brooklyn,Williamsburg,40.71306,-73.96048,1083.0,5.0,35.0,0.3178082191780822,125628.0,151078.49999999994
31794823,Serene & Spacious Manhattan Room Near the Station,Manhattan,Harlem,40.81076,-73.94354,772.0,5.0,6.0,0.1643835616438356,46319.99999999999,150926.0
28512504,1 Penn Station Midtown Private room,Manhattan,Chelsea,40.75026,-73.99557,1044.0,5.0,9.0,0.3041095890410959,115884.00000000001,150858.0
41305981,Carroll Gardens Studio,Brooklyn,Carroll Gardens,40.6787,-73.99857,934.0,5.0,79.0,0.25753424657534246,87796.0,150840.99999999997
47017315,Two bedroom Beauty in midtown Manhattan,Manhattan,Murray Hill,40.74844,-73.97694,607.0,5.0,1.0,0.019178082191780823,4249.0,150839.5
15445638,Two bedroom Beauty in midtown Manhattan,Manhattan,Murray Hill,40.74844,-73.97694,607.0,5.0,1.0,0.019178082191780823,4249.0,150839.5
3688276,Luxury One Bedroom CentralPark West,Manhattan,Upper West Side,40.79098,-73.96745,853.0,5.0,6.0,0.21643835616438356,67387.0,150554.49999999997
22627747,Bright Luxe Williamsburg Home - 4br 2ba,Brooklyn,Williamsburg,40.70807,-73.95604,722.0,5.0,18.0,0.12876712328767123,33934.0,150537.0
14911012,Comfortable convenient Williamsburg bedroom!,Brooklyn,Williamsburg,40.70639,-73.95552,798.0,5.0,58.0,0.18356164383561643,53466.0,150422.99999999997
46482689,Comfortable convenient Williamsburg bedroom!,Brooklyn,Williamsburg,40.70639,-73.95552,798.0,5.0,58.0,0.18356164383561643,53466.0,150422.99999999997
30789084,Unbeatable Times Square/Broadway view from room,Manhattan,Theater District,40.75748,-73.98375,636.0,5.0,5.0,0.052054794520547946,12084.0,150414.0
16521518,Industrial Queen Studio Room In Gowanus Inn,Brooklyn,Gowanus,40.67773,-73.98312,598.0,5.0,13.0,0.010958904109589041,2392.0,150397.0
11920307,Upper East Side Gem Best Location,Manhattan,Upper East Side,40.77789,-73.95473,746.0,5.0,1.0,0.14794520547945206,40284.0,150318.99999999997
43491984,Upper East Side Gem Best Location,Manhattan,Upper East Side,40.77789,-73.95473,746.0,5.0,1.0,0.14794520547945206,40284.0,150318.99999999997
56152357,Upper East Side Gem Best Location,Manhattan,Upper East Side,40.77789,-73.95473,746.0,5.0,1.0,0.14794520547945206,40284.0,150318.99999999997
50482998,Upper East Side Gem Best Location,Manhattan,Upper East Side,40.77789,-73.95473,746.0,5.0,1.0,0.14794520547945206,40284.0,150318.99999999997
29079163,Amazing East Village XL ground floor Apartment!,Manhattan,East Village,40.72504,-73.98314,1178.0,5.0,451.0,0.3506849315068493,150784.0,150194.99999999994
39635273,Modern 1-bedroom in Harlem Heights,Manhattan,Harlem,40.82536,-73.94923,1178.0,5.0,186.0,0.3506849315068493,150784.0,150194.99999999994
5549527,Modern 2-bedroom Loft in Greenpoint,Brooklyn,Greenpoint,40.73148,-73.95929,1178.0,5.0,1.0,0.3506849315068493,150784.0,150194.99999999994
2359994,Big Private Room w/ AC & 5 Blocks to 1 Train,Manhattan,Harlem,40.8291,-73.94816,660.0,5.0,3.0,0.07671232876712329,18480.0,150149.99999999997
30248383,Cozy 2 bedroom apartment with hotel-like features,Brooklyn,East New York,40.67555,-73.88711,594.0,5.0,5.0,0.00821917808219178,1781.9999999999998,149984.99999999997
5841693,Beautiful 2 Bedroom Apartment!! NYC,Bronx,Kingsbridge,40.88238,-73.90689,740.0,5.0,8.0,0.14520547945205478,39219.99999999999,149850.0
54941716,Private city getaway,Bronx,Parkchester,40.83658,-73.86181,670.0,5.0,32.0,0.08767123287671233,21440.0,149744.99999999997
20183820,Private city getaway,Bronx,Parkchester,40.83658,-73.86181,670.0,5.0,32.0,0.08767123287671233,21440.0,149744.99999999997
35687433,"Best Location - Modern 1 BR, very quiet",Manhattan,Upper East Side,40.77126,-73.9629,655.0,5.0,13.0,0.07397260273972603,17685.0,149667.49999999997
30567060,PRIVATE BATHROOM in a Extra Large bedroom,Queens,Douglaston,40.75803,-73.7317,938.0,5.0,6.0,0.26301369863013696,90047.99999999999,149611.0
35147836,"DwntwnBK-15min to SOHO,private FLEX bedroom",Brooklyn,Fort Greene,40.69568,-73.97598,602.0,5.0,6.0,0.019178082191780823,4214.0,149597.0
18785396,Sonder | Hanover Square | Artsy 1BR + Rooftop,Manhattan,Financial District,40.70375,-74.00807,789.0,5.0,1.0,0.18082191780821918,52074.0,149515.49999999997
53543292,Sonder | Hanover Square | Artsy 1BR + Rooftop,Manhattan,Financial District,40.70375,-74.00807,789.0,5.0,1.0,0.18082191780821918,52074.0,149515.49999999997
16609334,Cozy Urban Retreat,Brooklyn,Crown Heights,40.67288,-73.95444,819.0,5.0,4.0,0.2,59787.00000000001,149467.49999999997
29456384,Amazing B&B Room Available,Brooklyn,Bedford-Stuyvesant,40.68325,-73.95483,1172.0,5.0,3.0,0.3506849315068493,150016.0,149430.0
6073659,Airy Living Room | 15 min. to GC,Queens,Sunnyside,40.74439,-73.92163,690.0,5.0,1.0,0.10684931506849316,26910.000000000004,149384.99999999997
6073659,Airy Living Room | 15 min. to GC,Queens,Sunnyside,40.74439,-73.92163,690.0,5.0,1.0,0.10684931506849316,26910.000000000004,149384.99999999997
39524261,An Oasis in the Big Apple 2,Queens,Woodside,40.74746,-73.89712,1041.0,5.0,51.0,0.30684931506849317,116592.0,149383.5
27531067,Newly Renovated 1 BD w/ AC & Netflix in Queens (2),Queens,East Elmhurst,40.75755,-73.88199,598.0,5.0,3.0,0.01643835616438356,3587.9999999999995,149201.0
17137885,Cozy Apartment across Astoria Park,Queens,Ditmars Steinway,40.77692,-73.92385,880.0,5.0,93.0,0.2356164383561644,75680.0,149160.0
51895781,Cozy Apartment across Astoria Park,Queens,Ditmars Steinway,40.77692,-73.92385,880.0,5.0,93.0,0.2356164383561644,75680.0,149160.0
6378529,Lovely 2-Bedroom Near Prospect Park,Brooklyn,South Slope,40.66266,-73.98885,595.0,5.0,4.0,0.0136986301369863,2974.9999999999995,149047.5
26345831,AMAZING! 7bd/4ba TownHome + PATIO - 10 Mins To NYC,Brooklyn,Williamsburg,40.71495,-73.94726,864.0,5.0,1.0,0.2273972602739726,71712.00000000001,149039.99999999994
12180440,Sunny Room B in China town of BK/ 8 min to Subway,Brooklyn,Sunset Park,40.64024,-74.01573,1133.0,5.0,18.0,0.33972602739726027,140492.0,148989.49999999994
56412490,Sunny Room B in China town of BK/ 8 min to Subway,Brooklyn,Sunset Park,40.64024,-74.01573,1133.0,5.0,18.0,0.33972602739726027,140492.0,148989.49999999994
50743131,Sunny Room B in China town of BK/ 8 min to Subway,Brooklyn,Sunset Park,40.64024,-74.01573,1133.0,5.0,18.0,0.33972602739726027,140492.0,148989.49999999994
43752118,Sunny Room B in China town of BK/ 8 min to Subway,Brooklyn,Sunset Park,40.64024,-74.01573,1133.0,5.0,18.0,0.33972602739726027,140492.0,148989.49999999994
20673710,New york Multi-unit building,Brooklyn,Bushwick,40.68705,-73.91456,746.0,5.0,85.0,0.15342465753424658,41776.0,148826.99999999997
55431606,New york Multi-unit building,Brooklyn,Bushwick,40.68705,-73.91456,746.0,5.0,85.0,0.15342465753424658,41776.0,148826.99999999997
28863766,A Quiet Cabin/Pod in a noisy city.,Manhattan,Chelsea,40.74934,-73.9967,742.0,5.0,11.0,0.1506849315068493,40810.0,148771.0
5024289,Beautiful private suite-like 2FL apt. West Village,Manhattan,West Village,40.73433,-74.00588,631.0,5.0,168.0,0.0547945205479452,12620.0,148600.5
35238413,Renovated 2 bed with Private Outdoor Patio in NYC,Manhattan,Harlem,40.82993,-73.94604,1079.0,5.0,2.0,0.3232876712328767,127322.0,148362.5
5864890,UPPER EAST SIDE 5BR/4BA GARDEN APT,Manhattan,Upper East Side,40.77635,-73.94813,880.0,5.0,42.0,0.23835616438356164,76560.0,148280.0
32828176,Sun-drenched Brooklyn Haven,Brooklyn,East Flatbush,40.64244,-73.94666,725.0,5.0,56.0,0.13972602739726028,36975.0,148262.49999999997
53794036,Room at walking distance from Central Park!,Manhattan,Upper West Side,40.79613,-73.96468,1086.0,5.0,55.0,0.32602739726027397,129234.0,148239.0
19036140,Room at walking distance from Central Park!,Manhattan,Upper West Side,40.79613,-73.96468,1086.0,5.0,55.0,0.32602739726027397,129234.0,148239.0
29434845,Casa Luna LGA Airport,Queens,East Elmhurst,40.76708,-73.87297,941.0,5.0,83.0,0.2684931506849315,92218.0,148207.49999999997
1575728,Lovely 1 bdrm in Prospect Heights!,Brooklyn,Prospect Heights,40.67763,-73.97185,690.0,5.0,41.0,0.11232876712328767,28290.0,148004.99999999997
14945254,Relaxing & cozy apt in Brooklyn mins to Manhattan,Brooklyn,Bedford-Stuyvesant,40.68004,-73.93928,868.0,5.0,62.0,0.2328767123287671,73780.0,147993.99999999997
46516931,Relaxing & cozy apt in Brooklyn mins to Manhattan,Brooklyn,Bedford-Stuyvesant,40.68004,-73.93928,868.0,5.0,62.0,0.2328767123287671,73780.0,147993.99999999997
35908353,Love 6,Brooklyn,Sunset Park,40.64489,-74.00689,586.0,5.0,9.0,0.00821917808219178,1757.9999999999998,147965.0
38457217,*Experience & Live Like A Real New Yorker *,Manhattan,Upper East Side,40.76361,-73.95708,745.0,5.0,118.0,0.15616438356164383,42465.0,147882.5
40137314,Brooklyn College Manor,Brooklyn,Flatbush,40.63427,-73.95248,1107.0,5.0,34.0,0.33424657534246577,135054.0,147784.5
29609371,Stylish Studio in the Heart of NYC | Shoreham Hotel,Manhattan,Midtown,40.76193,-73.97553,702.0,5.0,5.0,0.1232876712328767,31590.0,147771.0
33093832,Spacious 1-Bedroom rental unit in Brooklyn,Brooklyn,Sheepshead Bay,40.59784,-73.95165,622.0,5.0,2.0,0.049315068493150684,11196.0,147725.0
32460344,Cozy apartment in Nolita/SoHo,Manhattan,Nolita,40.72375,-73.99623,1029.0,5.0,150.0,0.30684931506849317,115248.00000000001,147661.5
1785050,Charming Sunny W. Village Apt.,Manhattan,West Village,40.73485,-74.00637,881.0,5.0,4.0,0.2410958904109589,77528.0,147567.49999999997
28595901,1 Bed garden apt in Classic Brownstone - sleeps4,Brooklyn,Bedford-Stuyvesant,40.68566,-73.93335,1007.0,5.0,89.0,0.29863013698630136,109762.99999999999,147525.5
39483943,(B)  BARGAIN SPACE,Queens,Jamaica,40.67166,-73.76566,577.0,5.0,56.0,0.0,0.0,147423.5
20813994,9.Clean Bed just 20 mnts to Manhattan,Queens,Sunnyside,40.73892,-73.92397,628.0,5.0,18.0,0.057534246575342465,13188.0,147266.0
55571890,9.Clean Bed just 20 mnts to Manhattan,Queens,Sunnyside,40.73892,-73.92397,628.0,5.0,18.0,0.057534246575342465,13188.0,147266.0
53132381,Wall Street Luxuriuos apartment Financial District,Manhattan,Financial District,40.70587,-74.0118,644.0,5.0,15.0,0.07397260273972603,17388.0,147153.99999999997
18374485,Wall Street Luxuriuos apartment Financial District,Manhattan,Financial District,40.70587,-74.0118,644.0,5.0,15.0,0.07397260273972603,17388.0,147153.99999999997
26466232,The aqua roon or the peach room,Brooklyn,East New York,40.6613,-73.88756,916.0,5.0,1.0,0.2602739726027397,87020.0,147017.99999999997
3794869,Cozy UES apartment with balcony near Central Park,Manhattan,Upper East Side,40.77242,-73.96212,787.0,5.0,3.0,0.18904109589041096,54303.0,146775.5
56063989,Large Room in Trendy Bushwick - 2,Brooklyn,Bushwick,40.68602,-73.91522,1044.0,5.0,2.0,0.3150684931506849,120059.99999999999,146682.0
11831939,Large Room in Trendy Bushwick - 2,Brooklyn,Bushwick,40.68602,-73.91522,1044.0,5.0,2.0,0.3150684931506849,120059.99999999999,146682.0
50394630,Large Room in Trendy Bushwick - 2,Brooklyn,Bushwick,40.68602,-73.91522,1044.0,5.0,2.0,0.3150684931506849,120059.99999999999,146682.0
43403616,Large Room in Trendy Bushwick - 2,Brooklyn,Bushwick,40.68602,-73.91522,1044.0,5.0,2.0,0.3150684931506849,120059.99999999999,146682.0
33176125,Modern Brooklyn Brownstone,Brooklyn,East Flatbush,40.63349,-73.94547,1001.0,5.0,12.0,0.29863013698630136,109109.0,146646.49999999997
29374644,Sunny room close to Columbia University and subway,Manhattan,Morningside Heights,40.80434,-73.96349,653.0,5.0,1.0,0.08493150684931507,20243.0,146598.5
31881534,"Captivating sunny studio, close to everything",Manhattan,Harlem,40.80216,-73.95069,676.0,5.0,9.0,0.10684931506849316,26364.0,146354.0
22637136,SERENE ESCAPE IN THE BUSY CITY!  L/3,Brooklyn,Bedford-Stuyvesant,40.68737,-73.95798,575.0,5.0,5.0,0.0027397260273972603,575.0,146337.5
29258109,Room B,Queens,Long Island City,40.75618,-73.93703,935.0,5.0,33.0,0.27123287671232876,92565.0,146327.5
36381674,Comfortable modern 2 bed apartment. Backyard!,Queens,Maspeth,40.72292,-73.90771,737.0,5.0,22.0,0.15616438356164383,42009.0,146294.5
21880485,Barrett ‘s Family home,Brooklyn,Canarsie,40.63642,-73.89532,852.0,5.0,6.0,0.23013698630136986,71568.0,146118.0
33163422,Duplex King Beds Private Outdoor Space!,Brooklyn,Bedford-Stuyvesant,40.68202,-73.9438,1086.0,5.0,19.0,0.3315068493150685,131406.00000000003,146066.99999999997
16713166,Bohemian 3 bedroom brownstone duplex in Brooklyn,Brooklyn,Clinton Hill,40.6838,-73.96176,735.0,5.0,42.0,0.15616438356164383,41895.0,145897.5
36822962,Rustic Urban,Bronx,Parkchester,40.83702,-73.86175,575.0,5.0,24.0,0.005479452054794521,1150.0,145762.5
1991610,Sunny apartment in Carroll Gardens,Brooklyn,Carroll Gardens,40.68216,-73.99504,1100.0,5.0,2.0,0.336986301369863,135300.0,145750.0
40957480,"Spacious 2 br in Williamsburg, BK",Brooklyn,Williamsburg,40.71549,-73.94712,658.0,5.0,8.0,0.09315068493150686,22372.0,145747.0
36341908,Modern Apartment!☆5 Mins to Subway☆40 Mins to NYC☆,Brooklyn,East Flatbush,40.64808,-73.94934,949.0,5.0,129.0,0.27945205479452057,96798.0,145671.49999999997
16571778,Designer Condo with Lofted Mezzanine,Brooklyn,Williamsburg,40.7134,-73.94833,598.0,5.0,14.0,0.03287671232876712,7175.999999999999,145613.0
51953220,61st east room C manhattan private,Manhattan,Upper East Side,40.76221,-73.96726,849.0,5.0,43.0,0.23013698630136986,71316.0,145603.49999999997
17195324,61st east room C manhattan private,Manhattan,Upper East Side,40.76221,-73.96726,849.0,5.0,43.0,0.23013698630136986,71316.0,145603.49999999997
28845541,Unique & beautiful design! Skylights-Washer/dryer,Brooklyn,Crown Heights,40.67347,-73.91657,869.0,5.0,2.0,0.2410958904109589,76472.0,145557.49999999997
30261638,☆1 Cama para una Mujer en Habitación de Tres Camas,Queens,Corona,40.73843,-73.86488,637.0,5.0,6.0,0.07397260273972603,17199.0,145554.5
35210798,Upper Westside Charmer,Manhattan,Upper West Side,40.7787,-73.98019,941.0,5.0,47.0,0.27671232876712326,95040.99999999999,145384.5
35954194,Amazing room #1,Brooklyn,Williamsburg,40.71717,-73.94916,767.0,5.0,25.0,0.18082191780821918,50622.00000000001,145346.5
35106413,"Private room in Brooklyn, 25 mins from Manhattan",Brooklyn,Crown Heights,40.67411,-73.92989,1057.0,5.0,1.0,0.3232876712328767,124726.0,145337.5
35358814,The Right Choice NY Apartment Rental,Brooklyn,East Flatbush,40.64909,-73.9202,571.0,5.0,14.0,0.0027397260273972603,571.0,145319.5
34344792,"Home For Medical Professionals - ""Macula""",Brooklyn,East Flatbush,40.65374,-73.93608,814.0,5.0,3.0,0.21095890410958903,62678.0,145298.99999999997
25764811,Budget LIC-Beautiful garden-Midtown1stop-Breakfast,Queens,Long Island City,40.75358,-73.93703,604.0,5.0,15.0,0.0410958904109589,9060.0,145261.99999999997
2834972,1 Bedroom Apartment Lefferts Garden,Brooklyn,Prospect-Lefferts Gardens,40.66362,-73.94926,783.0,5.0,19.0,0.1917808219178082,54810.0,145246.49999999997
35792922,Brooklyn Comfort and Style,Brooklyn,Flatbush,40.63988,-73.96482,832.0,5.0,26.0,0.2219178082191781,67392.0,145184.0
30367127,One Bedroom Premium Gourmet | Front & Wall Street,Manhattan,Financial District,40.704903,-74.006416,606.0,5.0,27.0,0.043835616438356165,9696.0,145137.0
1731477,*Lovely Bedroom! Big Sunny Apt*Manhattan*,Manhattan,Chinatown,40.71328,-73.99315,1033.0,5.0,30.0,0.3150684931506849,118795.0,145136.49999999994
32747540,Front View Apartment,Brooklyn,East New York,40.6731,-73.89342,774.0,5.0,5.0,0.1863013698630137,52632.0,145124.99999999997
36578293,Soho One Bedroom Apartment,Manhattan,Little Italy,40.71902,-73.9973,584.0,5.0,2.0,0.019178082191780823,4088.0000000000005,145123.99999999997
35430613,New York City's Best Kept Secret🙊,Bronx,Concourse,40.83106,-73.92168,646.0,5.0,103.0,0.08493150684931507,20026.0,145027.0
39397232,CLOSE TO CENTRAL PRK & EXPRESS TRAINS ABCD 2/3,Manhattan,Harlem,40.80797,-73.9489,621.0,5.0,46.0,0.06027397260273973,13662.0,145003.5
4792876,Beautiful sunny apt near prospect park!,Brooklyn,Crown Heights,40.66412,-73.95591,909.0,5.0,1.0,0.26301369863013696,87264.0,144985.49999999997
35233995,Amazing Luxury Apartment with backyard and garden.,Brooklyn,Sheepshead Bay,40.58724,-73.94376,730.0,5.0,31.0,0.15616438356164383,41610.0,144904.99999999997
32719373,A cozy two bedroom  Park slope Apartment,Brooklyn,Sunset Park,40.66283,-73.9914,981.0,5.0,27.0,0.2958904109589041,105948.0,144697.49999999997
36296068,Private Room in Rockaway one block from the beach,Queens,Breezy Point,40.56748,-73.87111,587.0,5.0,9.0,0.024657534246575342,5283.0,144695.5
4067706,Bright room with private bathroom,Manhattan,Washington Heights,40.83428,-73.94738,815.0,5.0,25.0,0.2136986301369863,63570.0,144662.5
5547870,Private Room Right by Subway to Manhattan *alt*,Brooklyn,Prospect-Lefferts Gardens,40.66117,-73.96083,797.0,5.0,54.0,0.20273972602739726,58978.0,144655.5
32610017,(3RE) Chelsea Studio Exclusively Yours,Manhattan,Chelsea,40.74684,-73.99207,762.0,5.0,7.0,0.18082191780821918,50292.00000000001,144399.0
41257378,"Walk to UN, Macy's & Empire State B",Manhattan,Murray Hill,40.74648,-73.97726,1035.0,5.0,130.0,0.3178082191780822,120060.00000000001,144382.5
8061387,"Quiet, clean, modern 1-bed/1-bath",Brooklyn,Windsor Terrace,40.64845,-73.97302,702.0,5.0,7.0,0.136986301369863,35100.0,144261.0
2723960,Beautiful warm duplex apartment,Brooklyn,Bedford-Stuyvesant,40.68489,-73.95473,826.0,5.0,108.0,0.2219178082191781,66906.0,144136.99999999997
36110495,Luxurious Apt in the heart of Manhattan,Manhattan,Midtown,40.74625,-73.98065,708.0,5.0,6.0,0.14246575342465753,36816.0,144078.0
35635517,Studio Deluxe: Cleaning CDC guidelines implemented,Brooklyn,Greenpoint,40.72623,-73.94128,840.0,5.0,18.0,0.23013698630136986,70560.0,144060.0
23521369,Spread love it’s the Brooklyn way.,Brooklyn,Bedford-Stuyvesant,40.68306,-73.93104,1071.0,5.0,5.0,0.3315068493150685,129591.00000000001,144049.5
35797341,Lovely bedroom in HK,Manhattan,Hell's Kitchen,40.76594,-73.98705,630.0,5.0,3.0,0.07397260273972603,17010.0,143955.0
21662327,Nice Cozy Room In Brooklyn On A Dead End Block,Brooklyn,East Flatbush,40.64843,-73.93549,641.0,5.0,8.0,0.08493150684931507,19871.0,143904.5
28857691,Kips Modern Flat with Views,Manhattan,Kips Bay,40.7406,-73.97607,806.0,5.0,2.0,0.21095890410958903,62062.0,143870.99999999997
30033538,Times Square Private One Bedroom Apartment,Manhattan,Hell's Kitchen,40.75735,-73.99343,1119.0,5.0,12.0,0.34794520547945207,142113.0,143791.5
13868821,Beautiful Bright bedroom with private bathroom,Brooklyn,Williamsburg,40.71173,-73.94417,988.0,5.0,13.0,0.3013698630136986,108680.0,143753.99999999997
45440499,Beautiful Bright bedroom with private bathroom,Brooklyn,Williamsburg,40.71173,-73.94417,988.0,5.0,13.0,0.3013698630136986,108680.0,143753.99999999997
34222733,"Located in a quiet area, very commercial, restaurants, Astoria Park with a view of the Incredible City, near the Q, W train 20 minutes from the heart of the City.",Queens,Astoria,40.77395,-73.92682,858.0,5.0,8.0,0.2410958904109589,75504.0,143714.99999999997
15571010,"Beautiful,2,000sf,sunny,airy,SoHo loft w/balconies",Manhattan,Lower East Side,40.72066,-73.99229,967.0,5.0,14.0,0.29315068493150687,103469.0,143599.5
47142687,"Beautiful,2,000sf,sunny,airy,SoHo loft w/balconies",Manhattan,Lower East Side,40.72066,-73.99229,967.0,5.0,14.0,0.29315068493150687,103469.0,143599.5
19809360,HIGH END QUEEN BED -EXPOSED BRICK IN WILLIAMSBURG,Brooklyn,Williamsburg,40.71185,-73.96292,562.0,5.0,41.0,0.0,0.0,143591.0
32285817,Room 1- Guesthouse/Grey room/420friendly,Brooklyn,East Flatbush,40.6511,-73.9434,562.0,5.0,9.0,0.0,0.0,143591.0
54567256,HIGH END QUEEN BED -EXPOSED BRICK IN WILLIAMSBURG,Brooklyn,Williamsburg,40.71185,-73.96292,562.0,5.0,41.0,0.0,0.0,143591.0
32142772,NYC Entire Apt• ModernAstoria/5min - City/5min-LGA,Queens,Ditmars Steinway,40.77437,-73.9151,682.0,5.0,12.0,0.1232876712328767,30690.0,143561.0
41240257,Cozy Living Environment,Bronx,Clason Point,40.81773,-73.86164,669.0,5.0,58.0,0.11232876712328767,27428.999999999996,143500.49999999997
24833081,"1 Bedroom, Pvt Living Space & Bath- Till May 30th",Manhattan,Upper West Side,40.79908,-73.96465,827.0,5.0,2.0,0.22465753424657534,67814.0,143484.5
39448044,3 Bedroom 2.5  Bath Multilevel Home,Manhattan,Harlem,40.82312,-73.94971,688.0,5.0,108.0,0.12876712328767123,32336.0,143448.0
30817804,Modern Three Bedroom Loft in the heart of Brooklyn,Brooklyn,Bedford-Stuyvesant,40.68721,-73.93061,905.0,5.0,2.0,0.26575342465753427,87785.0,143442.5
34578415,"Sunny, Spacious & Sweet 2BD home!",Brooklyn,Williamsburg,40.71118,-73.95192,1099.0,5.0,46.0,0.3424657534246575,137375.0,143419.5
55587907,Cozy 2 Bedroom Apt w/ Patio & Hot Tub near Trains,Brooklyn,East New York,40.6757,-73.88925,817.0,5.0,22.0,0.2191780821917808,65360.0,143383.5
20830011,Cozy 2 Bedroom Apt w/ Patio & Hot Tub near Trains,Brooklyn,East New York,40.6757,-73.88925,817.0,5.0,22.0,0.2191780821917808,65360.0,143383.5
34886046,Room has queen size bed,Manhattan,Midtown,40.76301,-73.98005,934.0,5.0,2.0,0.27945205479452057,95268.0,143368.99999999997
39792127,Breathtaking view of New York city,Manhattan,Upper West Side,40.7886,-73.97553,826.0,5.0,28.0,0.22465753424657534,67732.0,143310.99999999997
2102070,Large 1BR Columbia University,Manhattan,Morningside Heights,40.81368,-73.95942,579.0,5.0,5.0,0.021917808219178082,4632.0,143302.49999999997
54273985,Luxurious Harlem 1 Bdrm Steps from Subway,Manhattan,Harlem,40.81581,-73.94142,945.0,5.0,22.0,0.28493150684931506,98280.00000000001,143167.5
19516089,Luxurious Harlem 1 Bdrm Steps from Subway,Manhattan,Harlem,40.81581,-73.94142,945.0,5.0,22.0,0.28493150684931506,98280.00000000001,143167.5
29350343,🪴🛋🌞 Unique sunny clean brownstone studio 1st floor,Brooklyn,Bedford-Stuyvesant,40.68926,-73.93107,583.0,5.0,5.0,0.0273972602739726,5830.0,143126.5
6553056,"Brooklyn Apt Near Park, Franklin Av",Brooklyn,Crown Heights,40.67317,-73.95419,815.0,5.0,1.0,0.2191780821917808,65199.99999999999,143032.5
26879353,Cozy super affordable room,Brooklyn,Bedford-Stuyvesant,40.67813,-73.92904,580.0,5.0,1.0,0.024657534246575342,5220.0,142970.0
40154988,JFK Jupiter Suites w/ Parking,Queens,St. Albans,40.6891,-73.7733,573.0,5.0,190.0,0.01643835616438356,3437.9999999999995,142963.5
5579351,!!BEAUTIFUL APARTMENT WITH GARDEN!!,Manhattan,Marble Hill,40.87494,-73.91057,843.0,5.0,2.0,0.2356164383561644,72498.0,142888.49999999997
41751687,Designer's Beautiful 2BR Apartment in NOLITA/SOHO,Manhattan,Nolita,40.72233,-73.99574,1120.0,5.0,69.0,0.3506849315068493,143360.0,142800.0
52783879,Designer's Beautiful 2BR Apartment in NOLITA/SOHO,Manhattan,Nolita,40.72233,-73.99574,1120.0,5.0,69.0,0.3506849315068493,143360.0,142800.0
18025984,Designer's Beautiful 2BR Apartment in NOLITA/SOHO,Manhattan,Nolita,40.72233,-73.99574,1120.0,5.0,69.0,0.3506849315068493,143360.0,142800.0
53645467,Royal suite,Brooklyn,Canarsie,40.63202,-73.90916,574.0,5.0,16.0,0.019178082191780823,4018.0000000000005,142638.99999999997
18887572,Royal suite,Brooklyn,Canarsie,40.63202,-73.90916,574.0,5.0,16.0,0.019178082191780823,4018.0000000000005,142638.99999999997
35770830,New UPW 2 bedroom apt in luxury doorman building,Manhattan,Upper West Side,40.79514,-73.96738,923.0,5.0,1.0,0.27671232876712326,93223.0,142603.49999999997
23374457,"Go to NYC? Stay with us. Cozy, Clean &Close all",Queens,Elmhurst,40.73998,-73.86802,1127.0,5.0,12.0,0.35342465753424657,145383.0,142565.5
28749440,Chris' Cozy Cave!,Queens,Ditmars Steinway,40.77909,-73.909,764.0,5.0,137.0,0.18904109589041096,52716.0,142485.99999999997
9278104,Sunny living room and great location in Brooklyn,Brooklyn,Flatbush,40.63549,-73.95817,629.0,5.0,27.0,0.07945205479452055,18241.0,142468.49999999997
47840794,Sunny living room and great location in Brooklyn,Brooklyn,Flatbush,40.63549,-73.95817,629.0,5.0,27.0,0.07945205479452055,18241.0,142468.49999999997
6803800,Private Garden View in Brownstone Near Subway,Brooklyn,Bedford-Stuyvesant,40.69022,-73.93077,1006.0,5.0,291.0,0.31232876712328766,114684.0,142348.99999999997
21992602,Luxury Living Condo 2 bdr,Brooklyn,Sheepshead Bay,40.58496,-73.95739,568.0,5.0,4.0,0.0136986301369863,2839.9999999999995,142284.0
22326191,"Affordable Room close to train, mall. With WIFI.",Queens,Elmhurst,40.74439,-73.87988,870.0,5.0,1.0,0.25205479452054796,80040.00000000001,142245.0
30783561,✨COZY MODERN STUDIO near JFK airport,Queens,Laurelton,40.68265,-73.74831,1132.0,5.0,49.0,0.3561643835616438,147160.0,142066.0
31014423,Studio Sanctuary in Landmark Brownstone,Manhattan,Harlem,40.80643,-73.94931,983.0,5.0,20.0,0.3041095890410959,109113.00000000001,142043.49999999994
31757818,"Cozy n brand new  Privte Bath Bklyn near F,G train",Brooklyn,Kensington,40.64349,-73.98163,644.0,5.0,24.0,0.0958904109589041,22540.0,142001.99999999997
33198769,Lovely one bedroom apartment in Brooklyn bed stuy.,Brooklyn,Bedford-Stuyvesant,40.68921,-73.94423,608.0,5.0,16.0,0.06027397260273973,13376.0,141968.0
7455514,Studio Apartment in Brooklyn,Brooklyn,Park Slope,40.67036,-73.97776,989.0,5.0,1.0,0.30684931506849317,110768.00000000001,141921.49999999994
41090584,Upper Manhattan Luxury Town Home - Mins to Midtown,Manhattan,Harlem,40.80801,-73.9486,562.0,5.0,18.0,0.00821917808219178,1685.9999999999998,141905.0
33233012,Cozy two bedroom in L.E.S.,Manhattan,Lower East Side,40.71254,-73.98352,605.0,5.0,230.0,0.057534246575342465,12705.0,141872.5
48379287,Cozy and relaxing East Village home,Manhattan,East Village,40.7266,-73.97872,1087.0,5.0,3.0,0.3424657534246575,135875.0,141853.5
9816596,Cozy and relaxing East Village home,Manhattan,East Village,40.7266,-73.97872,1087.0,5.0,3.0,0.3424657534246575,135875.0,141853.5
37633738,Haven in the Heights: stylish home away from home,Brooklyn,Crown Heights,40.67532,-73.94171,1024.0,5.0,80.0,0.32054794520547947,119808.0,141823.99999999997
50469742,PRIVATE ROOM CLOSE TO THE CITY AND JFK  AIRPORT.,Queens,Woodhaven,40.68819,-73.86079,906.0,5.0,22.0,0.27123287671232876,89694.0,141788.99999999997
11907052,PRIVATE ROOM CLOSE TO THE CITY AND JFK  AIRPORT.,Queens,Woodhaven,40.68819,-73.86079,906.0,5.0,22.0,0.27123287671232876,89694.0,141788.99999999997
43478729,PRIVATE ROOM CLOSE TO THE CITY AND JFK  AIRPORT.,Queens,Woodhaven,40.68819,-73.86079,906.0,5.0,22.0,0.27123287671232876,89694.0,141788.99999999997
56139102,PRIVATE ROOM CLOSE TO THE CITY AND JFK  AIRPORT.,Queens,Woodhaven,40.68819,-73.86079,906.0,5.0,22.0,0.27123287671232876,89694.0,141788.99999999997
2029166,No Longer Available Brooklyn Brownstone,Brooklyn,Crown Heights,40.67828,-73.95646,1070.0,5.0,37.0,0.336986301369863,131610.0,141775.0
4318450,Upper East Side Studio,Manhattan,Upper East Side,40.77626,-73.95246,744.0,5.0,7.0,0.1780821917808219,48359.99999999999,141731.99999999997
33879755,Dream Home Center of NEW YORK CITY with 2 Bath,Manhattan,Chelsea,40.74171,-73.99616,634.0,5.0,12.0,0.08767123287671233,20288.0,141698.99999999997
47723155,Your Own Studio in Lower East Side,Manhattan,Chinatown,40.71674,-73.98995,594.0,5.0,1.0,0.04657534246575343,10098.0,141668.99999999997
9160464,Your Own Studio in Lower East Side,Manhattan,Chinatown,40.71674,-73.98995,594.0,5.0,1.0,0.04657534246575343,10098.0,141668.99999999997
31693752,casa gumamela - master guest room w/ private bath,Brooklyn,East New York,40.6602,-73.89424,631.0,5.0,7.0,0.08493150684931507,19561.0,141659.5
36492686,2BR/2Bath: Cleaning CDC guidelines implemented,Brooklyn,Greenpoint,40.72734,-73.94058,628.0,5.0,4.0,0.0821917808219178,18840.0,141614.0
42526012,Cozy Studio in tree-lined Park Slope Brooklyn,Brooklyn,Park Slope,40.67301,-73.97154,679.0,5.0,5.0,0.12876712328767123,31913.0,141571.49999999997
24517165,Cozy Studio in tree-lined Park Slope Brooklyn,Brooklyn,Park Slope,40.67301,-73.97154,679.0,5.0,5.0,0.12876712328767123,31913.0,141571.49999999997
38837752,"LGBTQ+ Super Chill Brooklyn Private Room, JMZ,",Brooklyn,Williamsburg,40.70926,-73.95515,706.0,5.0,9.0,0.1506849315068493,38829.99999999999,141553.0
52150944,"Spacious Room in Prime Prospect Heights, Brooklyn",Brooklyn,Prospect Heights,40.67404,-73.96395,743.0,5.0,16.0,0.1780821917808219,48295.0,141541.5
17393048,"Spacious Room in Prime Prospect Heights, Brooklyn",Brooklyn,Prospect Heights,40.67404,-73.96395,743.0,5.0,16.0,0.1780821917808219,48295.0,141541.5
34453042,Private room A,Queens,Flushing,40.76663,-73.8245,993.0,5.0,24.0,0.3095890410958904,112209.0,141502.49999999997
7209740,West Village 2 Bed/2 Bath Loft Apt!,Manhattan,West Village,40.73406,-74.00963,558.0,5.0,2.0,0.005479452054794521,1116.0,141453.0
35324572,Luxurious Home Away,Queens,Springfield Gardens,40.67373,-73.75516,558.0,5.0,43.0,0.005479452054794521,1116.0,141453.0
35304689,Two blocks from the Empire State Building.,Manhattan,Kips Bay,40.74363,-73.98137,619.0,5.0,11.0,0.07397260273972603,16713.0,141441.49999999997
1888882,AMAZING COLUMBUS CIRCLE LOCATION :),Manhattan,Hell's Kitchen,40.76761,-73.98619,1126.0,5.0,3.0,0.3561643835616438,146380.0,141313.0
8364600,Glam Hipster Digs,Brooklyn,Bushwick,40.69966,-73.93241,745.0,5.0,41.0,0.18082191780821918,49170.0,141177.5
41347956,Elegant Queen size bed room.,Queens,Ditmars Steinway,40.77114,-73.90968,680.0,5.0,2.0,0.13150684931506848,32639.999999999996,141099.99999999997
15589788,Private ROOM & BATH (City Central) Time Square NYC,Manhattan,Hell's Kitchen,40.76181,-73.9905,714.0,5.0,62.0,0.1589041095890411,41412.0,141014.99999999997
47161465,Private ROOM & BATH (City Central) Time Square NYC,Manhattan,Hell's Kitchen,40.76181,-73.9905,714.0,5.0,62.0,0.1589041095890411,41412.0,141014.99999999997
42331602,2 Bedroom Refuge with Private Bath & Living Room,Bronx,City Island,40.83988,-73.78287,565.0,5.0,6.0,0.01643835616438356,3389.9999999999995,140967.5
24322756,2 Bedroom Refuge with Private Bath & Living Room,Bronx,City Island,40.83988,-73.78287,565.0,5.0,6.0,0.01643835616438356,3389.9999999999995,140967.5
32373633,Cozy Brownstone Upper West Side Apt.,Manhattan,Upper West Side,40.78704,-73.98613,651.0,5.0,134.0,0.10684931506849316,25389.000000000004,140941.5
33502534,NYC Sunny Modern Private Bath - Clean Near All!,Manhattan,East Harlem,40.79848,-73.94188,1114.0,5.0,43.0,0.35342465753424657,143706.0,140921.0
32981163,Mott Haven Dorm AA,Bronx,Port Morris,40.80912,-73.93095,772.0,5.0,61.0,0.2,56356.0,140890.0
1178624,Eveland the Place to Stay & Enjoy a 5-⭐️ 2bdrm,Brooklyn,South Slope,40.66552,-73.99019,1038.0,5.0,398.0,0.3287671232876712,124559.99999999999,140648.99999999994
26404375,New! Modern 2/1 Steps to Central Park!,Manhattan,Upper West Side,40.7997,-73.95946,652.0,5.0,5.0,0.1095890410958904,26080.0,140506.0
5469995,Quiet Park Slope Apartment,Brooklyn,South Slope,40.66586,-73.97948,778.0,5.0,183.0,0.2054794520547945,58350.0,140428.99999999997
49958313,"RENOVATED 2-Bedroom, Near subway, comfy & cosy!",Brooklyn,Bushwick,40.68312,-73.9086,572.0,5.0,42.0,0.0273972602739726,5719.999999999999,140426.0
11395622,"RENOVATED 2-Bedroom, Near subway, comfy & cosy!",Brooklyn,Bushwick,40.68312,-73.9086,572.0,5.0,42.0,0.0273972602739726,5719.999999999999,140426.0
42967299,"RENOVATED 2-Bedroom, Near subway, comfy & cosy!",Brooklyn,Bushwick,40.68312,-73.9086,572.0,5.0,42.0,0.0273972602739726,5719.999999999999,140426.0
29883312,Lovely private bedroom close to G train,Brooklyn,Bedford-Stuyvesant,40.69424,-73.9442,690.0,5.0,7.0,0.14246575342465753,35880.0,140414.99999999997
16487828,Alluring Two- Bedroom in Highland Park,Brooklyn,Cypress Hills,40.67842,-73.88768,791.0,5.0,64.0,0.2136986301369863,61698.00000000001,140402.49999999997
29970576,Astoria Peachy BnB,Queens,Astoria,40.75967,-73.92044,838.0,5.0,20.0,0.2410958904109589,73744.0,140364.99999999997
29705472,Comfy Cozy studio apt near subway 10 min to JFK ✈️,Brooklyn,East New York,40.67256,-73.86919,581.0,5.0,16.0,0.038356164383561646,8134.0,140311.5
19551436,Prime Bushwick - 10 min to city - Superhost,Brooklyn,Bushwick,40.69675,-73.93374,588.0,5.0,42.0,0.04657534246575343,9996.000000000002,140238.0
54309332,Prime Bushwick - 10 min to city - Superhost,Brooklyn,Bushwick,40.69675,-73.93374,588.0,5.0,42.0,0.04657534246575343,9996.000000000002,140238.0
55978935,Upper East Side Cozy Private Room,Manhattan,Upper East Side,40.77375,-73.9541,950.0,5.0,59.0,0.2958904109589041,102600.00000000001,140125.0
21221039,Upper East Side Cozy Private Room,Manhattan,Upper East Side,40.77375,-73.9541,950.0,5.0,59.0,0.2958904109589041,102600.00000000001,140125.0
37875646,Private Room in Coliving | 20 min PACE University,Brooklyn,Bedford-Stuyvesant,40.67965,-73.94497,650.0,5.0,4.0,0.1095890410958904,25999.999999999996,140074.99999999997
22339447,Cozy Room 1,Brooklyn,Downtown Brooklyn,40.69839,-73.98758,548.0,5.0,1.0,0.0,0.0,140014.0
47240997,Massive Luxury 1BR Condo in Astoria / LIC,Queens,Ditmars Steinway,40.76982,-73.90254,550.0,5.0,18.0,0.0027397260273972603,550.0,139975.0
15669319,Massive Luxury 1BR Condo in Astoria / LIC,Queens,Ditmars Steinway,40.76982,-73.90254,550.0,5.0,18.0,0.0027397260273972603,550.0,139975.0
20120857,A Quiet Space,Brooklyn,Canarsie,40.62831,-73.89876,565.0,5.0,23.0,0.021917808219178082,4520.0,139837.5
54878753,A Quiet Space,Brooklyn,Canarsie,40.62831,-73.89876,565.0,5.0,23.0,0.021917808219178082,4520.0,139837.5
34145964,Brooklyn Sunny Studio,Brooklyn,Bedford-Stuyvesant,40.69113,-73.95776,704.0,5.0,47.0,0.15616438356164383,40128.0,139743.99999999997
34634197,Beautiful Private ROOM | PRIVATE BATHROOM,Brooklyn,Bushwick,40.69264,-73.91171,549.0,5.0,1.0,0.0027397260273972603,549.0,139720.49999999997
30984598,"5 min from midtown, but peaceful.",Queens,Long Island City,40.74427,-73.95475,1198.0,5.0,111.0,0.38082191780821917,166522.0,139566.99999999994
57295066,Private Room 2 in East Village (Large Window),Manhattan,East Village,40.72208,-73.98109,1086.0,5.0,116.0,0.34794520547945207,137922.0,139551.0
13063016,Private Room 2 in East Village (Large Window),Manhattan,East Village,40.72208,-73.98109,1086.0,5.0,116.0,0.34794520547945207,137922.0,139551.0
51625706,Private Room 2 in East Village (Large Window),Manhattan,East Village,40.72208,-73.98109,1086.0,5.0,116.0,0.34794520547945207,137922.0,139551.0
44634693,Private Room 2 in East Village (Large Window),Manhattan,East Village,40.72208,-73.98109,1086.0,5.0,116.0,0.34794520547945207,137922.0,139551.0
32580193,Good place in hart of Manhattan/ 5ppl,Manhattan,Midtown,40.748,-73.9871,864.0,5.0,1.0,0.25753424657534246,81216.0,139535.99999999997
39980461,One-Bedroom Apt. on Upper East Side,Manhattan,Upper East Side,40.76841,-73.95213,627.0,5.0,8.0,0.09041095890410959,20691.0,139507.5
18376694,"HOTEL ROOM LIKE!!!  WITH AFFORDABLE RATE!!!    ""A""",Queens,Woodhaven,40.68783,-73.86679,559.0,5.0,28.0,0.01643835616438356,3353.9999999999995,139470.49999999997
53134590,"HOTEL ROOM LIKE!!!  WITH AFFORDABLE RATE!!!    ""A""",Queens,Woodhaven,40.68783,-73.86679,559.0,5.0,28.0,0.01643835616438356,3353.9999999999995,139470.49999999997
29688903,White Tara House 🏡 🏠,Queens,Jackson Heights,40.74967,-73.87056,589.0,5.0,18.0,0.052054794520547946,11191.0,139298.49999999997
6761273,"Chic, Modern 2 Bedroom in Bright, Airy High Rise",Manhattan,Chelsea,40.74904,-74.00164,594.0,5.0,15.0,0.057534246575342465,12474.0,139292.99999999997
57228238,RM,Queens,South Ozone Park,40.66654,-73.81219,731.0,5.0,1.0,0.1780821917808219,47515.0,139255.5
44567865,RM,Queens,South Ozone Park,40.66654,-73.81219,731.0,5.0,1.0,0.1780821917808219,47515.0,139255.5
12996187,RM,Queens,South Ozone Park,40.66654,-73.81219,731.0,5.0,1.0,0.1780821917808219,47515.0,139255.5
51558878,RM,Queens,South Ozone Park,40.66654,-73.81219,731.0,5.0,1.0,0.1780821917808219,47515.0,139255.5
34949008,Well-furnished Apt | Shared Room 3pp,Brooklyn,Bedford-Stuyvesant,40.68147,-73.94498,780.0,5.0,4.0,0.21095890410958903,60059.99999999999,139230.0
34931334,Modern bedroom #2 A lovely Gem on Utica,Brooklyn,East Flatbush,40.66292,-73.93099,547.0,5.0,3.0,0.0027397260273972603,547.0,139211.5
39610420,GREAT ROOM Fast 2 TIMES SQ 9min NYC,Queens,Long Island City,40.74997,-73.9397,719.0,5.0,148.0,0.16986301369863013,44578.0,139126.49999999997
31656195,One bedroom best location work from home fast Wi-Fi,Manhattan,Flatiron District,40.74146,-73.98377,606.0,5.0,2.0,0.07123287671232877,15756.0,139077.0
41102734,Cozy skylight room in Victorian Town House,Brooklyn,Flatbush,40.6419,-73.96421,762.0,5.0,16.0,0.2,55626.0,139065.0
21378445,Downtown Manhattan Bedroom!  Top of Fidi/City Hall,Manhattan,Financial District,40.71161,-74.00665,544.0,5.0,3.0,0.0,0.0,138991.99999999997
2474872,"Private Room in Brooklyn, NY",Brooklyn,Prospect-Lefferts Gardens,40.65671,-73.9622,600.0,5.0,21.0,0.06575342465753424,14399.999999999998,138900.0
2891307,Charming studio upper east side NYC,Manhattan,Upper East Side,40.77376,-73.95343,624.0,5.0,54.0,0.09041095890410959,20592.0,138839.99999999997
30979628,"Landmark Cottage, Brownstone block",Brooklyn,Crown Heights,40.67651,-73.94466,1072.0,5.0,364.0,0.3452054794520548,135072.0,138824.0
6856821,Modern Studio in Cultural LES,Manhattan,Lower East Side,40.71826,-73.99199,967.0,5.0,170.0,0.30684931506849317,108304.0,138764.5
32642051,Place to be: Private room 2,Bronx,Allerton,40.87003,-73.84683,543.0,5.0,1.0,0.0,0.0,138736.5
5505343,Cozy Room with Exposed Bricks,Manhattan,Two Bridges,40.71063,-73.99526,736.0,5.0,133.0,0.18356164383561643,49312.0,138735.99999999997
22796751,WOW LOFT LONG TERM STAY & SHORT TERM EVENTS/SHOOTS,Manhattan,Chinatown,40.71387,-73.99414,545.0,5.0,1.0,0.0027397260273972603,545.0,138702.5
10375524,World Trade Center Delight,Manhattan,Financial District,40.70566,-74.00865,953.0,5.0,3.0,0.3013698630136986,104829.99999999999,138661.5
48938215,World Trade Center Delight,Manhattan,Financial District,40.70566,-74.00865,953.0,5.0,3.0,0.3013698630136986,104829.99999999999,138661.5
29900434,Prime Artist Loft &  Exposed Brick,Brooklyn,Williamsburg,40.72108,-73.95967,695.0,5.0,196.0,0.15342465753424658,38920.00000000001,138652.49999999997
36667765,Luxury 2 Bed / 2 Bath Apt 3 Blocks to Central Park,Manhattan,East Harlem,40.79163,-73.9469,848.0,5.0,15.0,0.25205479452054796,78016.00000000001,138647.99999999994
17743206,"Nice room near SI Ferry 
15 minutes by car.",Staten Island,Randall Manor,40.63779,-74.12274,560.0,5.0,3.0,0.021917808219178082,4480.0,138600.0
52501102,"Nice room near SI Ferry 
15 minutes by car.",Staten Island,Randall Manor,40.63779,-74.12274,560.0,5.0,3.0,0.021917808219178082,4480.0,138600.0
41468909,"Nice room near SI Ferry 
15 minutes by car.",Staten Island,Randall Manor,40.63779,-74.12274,560.0,5.0,3.0,0.021917808219178082,4480.0,138600.0
37482408,Trendy 3 Bedroom 3 Bathroom,Queens,Ridgewood,40.70058,-73.90373,542.0,5.0,1.0,0.0,0.0,138481.0
32110186,Amazing room across street of the hight bridge,Bronx,Highbridge,40.84331,-73.92713,593.0,5.0,41.0,0.06027397260273973,13046.000000000002,138465.5
5208205,Cozy Private Room in Astoria,Queens,Ditmars Steinway,40.77842,-73.90994,1045.0,5.0,34.0,0.336986301369863,128535.00000000001,138462.5
52756817,Suite Dante-15 min Central Park+free street park,Queens,Astoria,40.75941,-73.92498,1103.0,5.0,25.0,0.3561643835616438,143390.0,138426.49999999994
41724624,Suite Dante-15 min Central Park+free street park,Queens,Astoria,40.75941,-73.92498,1103.0,5.0,25.0,0.3561643835616438,143390.0,138426.49999999994
17998921,Suite Dante-15 min Central Park+free street park,Queens,Astoria,40.75941,-73.92498,1103.0,5.0,25.0,0.3561643835616438,143390.0,138426.49999999994
9403476,Sunny Prime Heart of East Village Room,Manhattan,East Village,40.72827,-73.9863,862.0,5.0,36.0,0.2602739726027397,81890.0,138351.0
47966167,Sunny Prime Heart of East Village Room,Manhattan,East Village,40.72827,-73.9863,862.0,5.0,36.0,0.2602739726027397,81890.0,138351.0
30311345,A perfect Private living room in  @times square,Manhattan,Hell's Kitchen,40.75676,-73.99369,964.0,5.0,151.0,0.30684931506849317,107968.00000000001,138333.99999999994
2158405,Sunny WILLIAMSBURG Room near SUBWAY,Brooklyn,Williamsburg,40.71684,-73.9441,816.0,5.0,16.0,0.2356164383561644,70176.0,138311.99999999997
35307451,Great location across to astoria park,Queens,Ditmars Steinway,40.77993,-73.91746,779.0,5.0,8.0,0.2136986301369863,60762.00000000001,138272.49999999997
36152470,Stunning + Modern Best Upper East Side Location,Manhattan,Upper East Side,40.77135,-73.95527,693.0,5.0,2.0,0.15342465753424658,38808.0,138253.5
48484224,3 Bedroom House In Park Slope Brooklyn,Brooklyn,South Slope,40.6647,-73.98474,700.0,5.0,4.0,0.1589041095890411,40600.0,138249.99999999997
9921533,3 Bedroom House In Park Slope Brooklyn,Brooklyn,South Slope,40.6647,-73.98474,700.0,5.0,4.0,0.1589041095890411,40600.0,138249.99999999997
39992611,Sunny Bedroom in Clinton Hill,Brooklyn,Clinton Hill,40.69258,-73.96649,663.0,5.0,11.0,0.12876712328767123,31160.999999999996,138235.5
36227582,Monthly! Modern! Skylight! 1500sf Patio Garden,Queens,Flushing,40.7557,-73.80948,541.0,5.0,1.0,0.0,0.0,138225.5
35863617,Large 1-bedroom near Times Square,Manhattan,Hell's Kitchen,40.76241,-73.99148,1004.0,5.0,28.0,0.3232876712328767,118472.0,138049.99999999997
25199256,Greenpoint Sunrise Studio (Private / Entire Apt),Brooklyn,Greenpoint,40.73292,-73.95395,1049.0,5.0,2.0,0.33972602739726027,130075.99999999999,137943.5
29509405,Cozy Entire Apartment in Upper East,Manhattan,Upper East Side,40.77257,-73.95586,777.0,5.0,7.0,0.2136986301369863,60606.00000000001,137917.5
29764568,"Private/Large Room in Manhattan,15 min to Midtown.",Manhattan,Harlem,40.80463,-73.94609,634.0,5.0,68.0,0.10410958904109589,24092.000000000004,137894.99999999997
6006279,"Brooklyn's heart,
 Ft Greene! 1day free bicycle",Brooklyn,Fort Greene,40.68503,-73.9742,712.0,5.0,70.0,0.16986301369863013,44144.0,137772.0
28577123,Restored Bungalow of Rockaway Beach,Queens,Rockaway Beach,40.59009,-73.81323,808.0,5.0,302.0,0.2328767123287671,68680.0,137763.99999999997
5745041,Art Gallery  in Harlem,Manhattan,Washington Heights,40.83206,-73.94261,759.0,5.0,11.0,0.20273972602739726,56166.0,137758.49999999997
8041504,Private queen room - Hell's Kitchen,Manhattan,Hell's Kitchen,40.76504,-73.98718,897.0,5.0,1.0,0.27945205479452057,91494.00000000001,137689.5
4924323,Spacious private room upper west side,Manhattan,Upper West Side,40.79678,-73.96545,921.0,5.0,8.0,0.29041095890410956,97625.99999999999,137689.5
16112816,Bushwick Oasis,Brooklyn,Williamsburg,40.70443,-73.93039,987.0,5.0,71.0,0.3178082191780822,114492.00000000001,137686.5
1792782,Luxe Queen Size Bed*Cozy Elegance*Inwood Manhattan,Manhattan,Inwood,40.87114,-73.91791,754.0,5.0,261.0,0.2,55042.00000000001,137604.99999999997
34234332,2 Story Loft Tribeca/Soho Downtown Manhattan,Manhattan,Tribeca,40.71922,-74.00276,1038.0,5.0,107.0,0.336986301369863,127674.0,137534.99999999994
50601742,❤️ POSH NYC RESORT - Midtown 45 - 2 Guests ❤️,Manhattan,Midtown,40.7522,-73.97285,647.0,5.0,31.0,0.1178082191780822,27821.0,137487.5
43610729,❤️ POSH NYC RESORT - Midtown 45 - 2 Guests ❤️,Manhattan,Midtown,40.7522,-73.97285,647.0,5.0,31.0,0.1178082191780822,27821.0,137487.5
56271102,❤️ POSH NYC RESORT - Midtown 45 - 2 Guests ❤️,Manhattan,Midtown,40.7522,-73.97285,647.0,5.0,31.0,0.1178082191780822,27821.0,137487.5
12039052,❤️ POSH NYC RESORT - Midtown 45 - 2 Guests ❤️,Manhattan,Midtown,40.7522,-73.97285,647.0,5.0,31.0,0.1178082191780822,27821.0,137487.5
6132203,53rd & 3rd Midtown Manhattan,Manhattan,Midtown,40.75788,-73.9689,551.0,5.0,14.0,0.01643835616438356,3306.0,137474.5
21943447,Double Bed Private Room,Brooklyn,Bedford-Stuyvesant,40.69287,-73.9432,932.0,5.0,23.0,0.2958904109589041,100656.0,137470.0
33135255,Private Suite & Bathroom w/ Yard in Park Slope,Brooklyn,South Slope,40.6626,-73.98193,653.0,5.0,166.0,0.1232876712328767,29385.0,137456.5
47201783,Comfy Cozy,Brooklyn,Canarsie,40.64008,-73.89302,553.0,5.0,64.0,0.019178082191780823,3871.0,137420.5
15630106,Comfy Cozy,Brooklyn,Canarsie,40.64008,-73.89302,553.0,5.0,64.0,0.019178082191780823,3871.0,137420.5
36683230,Comfortable Private ROOM,Brooklyn,Kensington,40.63367,-73.97423,612.0,5.0,1.0,0.08493150684931507,18972.0,137394.0
30829402,"Modern Duplex 1 bdrm , 1.5 Baths + terrace!",Manhattan,Upper East Side,40.77451,-73.9574,571.0,5.0,146.0,0.0410958904109589,8564.999999999998,137325.5
34841309,HUGE 4 Bedroom Private & Welcoming Home,Manhattan,Hell's Kitchen,40.7572,-73.99568,571.0,5.0,26.0,0.0410958904109589,8564.999999999998,137325.5
28967599,Astoria Large single private room with balcony 2D,Queens,Astoria,40.768,-73.92242,598.0,5.0,4.0,0.07123287671232877,15548.0,137241.0
12891803,Getaway 2 Bed 1 Bath close to park,Manhattan,Upper East Side,40.77747,-73.95193,724.0,5.0,4.0,0.18082191780821918,47784.00000000001,137197.99999999997
57123853,Getaway 2 Bed 1 Bath close to park,Manhattan,Upper East Side,40.77747,-73.95193,724.0,5.0,4.0,0.18082191780821918,47784.00000000001,137197.99999999997
44463480,Getaway 2 Bed 1 Bath close to park,Manhattan,Upper East Side,40.77747,-73.95193,724.0,5.0,4.0,0.18082191780821918,47784.00000000001,137197.99999999997
51454493,Getaway 2 Bed 1 Bath close to park,Manhattan,Upper East Side,40.77747,-73.95193,724.0,5.0,4.0,0.18082191780821918,47784.00000000001,137197.99999999997
8656214,Interfaith Retreat Guest Rooms (Ganges),Manhattan,Chelsea,40.74751,-73.99483,1051.0,5.0,165.0,0.3424657534246575,131375.0,137155.5
39184597,"Lovely open concept loft near subway, restaurants.",Queens,Astoria,40.7681,-73.91982,876.0,5.0,14.0,0.27123287671232876,86724.0,137093.99999999997
25447239,"Cozy home, away from home. 15 mins from downtown.",Bronx,Concourse,40.83197,-73.9212,657.0,5.0,4.0,0.12876712328767123,30878.999999999996,136984.5
34824188,Private Room close to subway (1/2),Queens,Jackson Heights,40.75545,-73.8643,538.0,5.0,147.0,0.0027397260273972603,538.0,136921.0
54419792,Private 3A Room in 4BR/2BA APT in Hell's Kitchen,Manhattan,Hell's Kitchen,40.76187,-73.98984,967.0,5.0,54.0,0.31232876712328766,110238.00000000001,136830.5
19661896,Private 3A Room in 4BR/2BA APT in Hell's Kitchen,Manhattan,Hell's Kitchen,40.76187,-73.98984,967.0,5.0,54.0,0.31232876712328766,110238.00000000001,136830.5
37043882,Beautiful and spacious duplex Brooklyn,Brooklyn,Bushwick,40.69780382,-73.92211689,775.0,5.0,1.0,0.21643835616438356,61225.0,136787.5
9548731,"Charming, Sunny Room in Amazing LES",Manhattan,Lower East Side,40.7192,-73.98431,874.0,5.0,3.0,0.27123287671232876,86526.0,136780.99999999997
48111421,"Charming, Sunny Room in Amazing LES",Manhattan,Lower East Side,40.7192,-73.98431,874.0,5.0,3.0,0.27123287671232876,86526.0,136780.99999999997
4112442,"Spacious Bedroom, L.E.S.",Manhattan,Lower East Side,40.71273,-73.9882,821.0,5.0,56.0,0.24383561643835616,73069.0,136696.49999999997
38059009,Rosey’s place,Brooklyn,Crown Heights,40.67449,-73.9126,537.0,5.0,10.0,0.0027397260273972603,537.0,136666.5
40940358,Studio Apartment with King Bed,Brooklyn,Gowanus,40.67872,-73.98286,1080.0,5.0,171.0,0.35342465753424657,139320.0,136620.0
4541579,Unique 2 Bed/2 Bath Duplex Apt,Manhattan,Harlem,40.80382,-73.94476,884.0,5.0,41.0,0.27671232876712326,89283.99999999999,136578.0
36442979,Sunny one bedroom renovated apartment,Queens,Queens Village,40.72122,-73.75003,702.0,5.0,60.0,0.16712328767123288,42822.00000000001,136539.0
54193901,Luxury Bright Soho Loft,Manhattan,SoHo,40.72182,-74.00255,545.0,5.0,1.0,0.0136986301369863,2724.9999999999995,136522.5
19436005,Luxury Bright Soho Loft,Manhattan,SoHo,40.72182,-74.00255,545.0,5.0,1.0,0.0136986301369863,2724.9999999999995,136522.5
34945694,"Casita in Brooklyn 1BR apt near jfk , Bars & Mta.",Brooklyn,Cypress Hills,40.67988,-73.89298,534.0,5.0,27.0,0.0,0.0,136436.99999999997
29912584,*CoZy Private Williamsburg Home*,Brooklyn,Williamsburg,40.70976,-73.94767,828.0,5.0,147.0,0.2493150684931507,75348.0,136205.99999999997
29366359,I provide linens and a day bed with trundle.,Manhattan,Financial District,40.70503,-74.0081,818.0,5.0,4.0,0.24383561643835616,72802.0,136196.99999999997
21077993,Cozy 3-People Room Close to Subway,Brooklyn,Borough Park,40.63445,-74.00524,533.0,5.0,1.0,0.0,0.0,136181.5
55835889,Cozy 3-People Room Close to Subway,Brooklyn,Borough Park,40.63445,-74.00524,533.0,5.0,1.0,0.0,0.0,136181.5
33974198,1000 SQ FT Cobble Hill Übercharmer,Brooklyn,Cobble Hill,40.68803,-73.99541,864.0,5.0,225.0,0.2684931506849315,84672.0,136079.99999999997
3391138,Historic Bed-Stuy,Brooklyn,Bedford-Stuyvesant,40.6847,-73.91624,892.0,5.0,136.0,0.2821917808219178,91876.0,136030.0
6924754,Large Beautiful BedStuy Apartment,Brooklyn,Bedford-Stuyvesant,40.68178,-73.94179,941.0,5.0,1.0,0.3041095890410959,104451.0,135974.49999999997
32419474,Skyline Luxury - Essex House apt on Central Park,Manhattan,Midtown,40.76561,-73.97729,974.0,5.0,5.0,0.3178082191780822,112984.00000000001,135872.99999999994
8053102,One Bedroom in Washington Heights,Manhattan,Washington Heights,40.83358,-73.94113,960.0,5.0,2.0,0.31232876712328766,109440.0,135840.0
30279864,NYC Exotic Get-Away Hut -Near JFK/Casino/Transit,Queens,South Ozone Park,40.67774,-73.80478,691.0,5.0,4.0,0.16164383561643836,40769.0,135781.5
37714374,High Floor apt.near Columbus Circle,Manhattan,Hell's Kitchen,40.76731,-73.98437,748.0,5.0,130.0,0.20273972602739726,55351.99999999999,135762.0
35184840,Female Twin Stylish Room| Coliving |25 min to PACE,Brooklyn,Bedford-Stuyvesant,40.69379,-73.93261,594.0,5.0,2.0,0.07397260273972603,16038.000000000002,135728.99999999997
30693536,Maryhills Brownstone in Park Slope,Brooklyn,South Slope,40.66381,-73.9804,756.0,5.0,267.0,0.20821917808219179,57456.0,135701.99999999997
24694454,Large Parlor Apt Williamsburg Brooklyn NY House,Brooklyn,Williamsburg,40.71547,-73.95147,835.0,5.0,5.0,0.2547945205479452,77655.0,135687.5
42703300,Large Parlor Apt Williamsburg Brooklyn NY House,Brooklyn,Williamsburg,40.71547,-73.95147,835.0,5.0,5.0,0.2547945205479452,77655.0,135687.5
31359058,"COZY ROOM, PERFECT LOCATION",Queens,Ditmars Steinway,40.77356,-73.91639,531.0,5.0,2.0,0.0,0.0,135670.5
30785218,"Lovely, new 4bd duplex w/ private backyard",Brooklyn,Bedford-Stuyvesant,40.67691,-73.91689,731.0,5.0,16.0,0.1917808219178082,51170.0,135600.5
16556866,Beautiful bed bed room,Queens,Jamaica,40.6741,-73.79775,747.0,5.0,12.0,0.20273972602739726,55278.00000000001,135580.5
36130378,Beautiful and spacious room next to Subway station,Brooklyn,Flatbush,40.65027,-73.96445,632.0,5.0,29.0,0.11232876712328767,25911.999999999996,135564.0
24630939,Brand New 1BR prime UES~W/D the unit Best Value,Manhattan,Upper East Side,40.77039,-73.95812,629.0,5.0,1.0,0.1095890410958904,25160.0,135549.49999999997
42639785,Brand New 1BR prime UES~W/D the unit Best Value,Manhattan,Upper East Side,40.77039,-73.95812,629.0,5.0,1.0,0.1095890410958904,25160.0,135549.49999999997
30031881,Boutique Hotel Experience in heart of NYC,Manhattan,Midtown,40.76027,-73.97034,715.0,5.0,7.0,0.18082191780821918,47190.0,135492.49999999997
5326397,`AMAZING BROOKLYN HOME,Brooklyn,Cypress Hills,40.68085,-73.88895,659.0,5.0,91.0,0.136986301369863,32950.0,135424.49999999997
31065787,UPPER EAST SIDE STUDIO NEAR CENTRAL PARK.,Manhattan,Upper East Side,40.769524,-73.956451,957.0,5.0,7.0,0.31232876712328766,109098.0,135415.5
3464594,Fully Furnished Luk Room including Air Conditiner!,Manhattan,Washington Heights,40.83568,-73.94457,730.0,5.0,2.0,0.1917808219178082,51100.0,135414.99999999997
31276765,Rooftop private terrace-city views 1 br Greenpoint,Brooklyn,Greenpoint,40.73468,-73.95359,813.0,5.0,14.0,0.24383561643835616,72357.0,135364.49999999997
3554067,Private 3 Floor Whole Hse/Garden,Brooklyn,Carroll Gardens,40.68252,-73.99224,619.0,5.0,5.0,0.10136986301369863,22903.0,135251.49999999997
36230344,Luxury Private ROOM in Midtown,Manhattan,Hell's Kitchen,40.75762,-73.99359,531.0,5.0,1.0,0.0027397260273972603,531.0,135139.5
3905882,Art Boutique Stateroom at JFK Airport,Queens,St. Albans,40.7012,-73.75041,1075.0,5.0,11.0,0.3561643835616438,139750.0,134912.5
33139121,Private cozy room in E. Flatbush,Brooklyn,East Flatbush,40.65496,-73.93583,1009.0,5.0,21.0,0.33424657534246577,123098.0,134701.49999999997
5673794,Kid friendly 2 bedroom in Harlem,Manhattan,Harlem,40.80571,-73.95429,866.0,5.0,2.0,0.273972602739726,86600.0,134662.99999999997
45874054,NIce one bedroom in midtown Manhattan,Manhattan,Murray Hill,40.74843,-73.97715,527.0,5.0,1.0,0.0,0.0,134648.5
14302377,NIce one bedroom in midtown Manhattan,Manhattan,Murray Hill,40.74843,-73.97715,527.0,5.0,1.0,0.0,0.0,134648.5
4872407,Relaxing Brooklyn Oasis - Prime Location,Brooklyn,Crown Heights,40.67615,-73.95776,799.0,5.0,43.0,0.23835616438356164,69513.0,134631.49999999997
19799971,Brooklyn Sanctuary with Private Luxury Spa,Brooklyn,Sunset Park,40.64992,-74.01169,529.0,5.0,12.0,0.0027397260273972603,529.0,134630.49999999997
54557867,Brooklyn Sanctuary with Private Luxury Spa,Brooklyn,Sunset Park,40.64992,-74.01169,529.0,5.0,12.0,0.0027397260273972603,529.0,134630.49999999997
6417742,Light Filled Studio Apartment,Manhattan,Inwood,40.86464,-73.92768,562.0,5.0,7.0,0.043835616438356165,8992.0,134599.0
48102585,1 bedroom PRIVATE backyard in heart of Flatiron,Manhattan,Flatiron District,40.73922,-73.98886,1174.0,5.0,3.0,0.3863013698630137,165534.0,134423.0
9539894,1 bedroom PRIVATE backyard in heart of Flatiron,Manhattan,Flatiron District,40.73922,-73.98886,1174.0,5.0,3.0,0.3863013698630137,165534.0,134423.0
20895734,Newly Remodeled Room !!! downtown brooklyn,Brooklyn,Fort Greene,40.69439,-73.97319,930.0,5.0,90.0,0.3041095890410959,103230.00000000001,134385.0
55653630,Newly Remodeled Room !!! downtown brooklyn,Brooklyn,Fort Greene,40.69439,-73.97319,930.0,5.0,90.0,0.3041095890410959,103230.00000000001,134385.0
16527594,Tiny (but comfy!) Private room Manhattan,Manhattan,Washington Heights,40.84344,-73.93922,740.0,5.0,21.0,0.20273972602739726,54760.0,134310.0
18539070,Full apartment in Harlem,Manhattan,Harlem,40.81448,-73.94547,991.0,5.0,17.0,0.3287671232876712,118920.0,134280.49999999997
53296966,Full apartment in Harlem,Manhattan,Harlem,40.81448,-73.94547,991.0,5.0,17.0,0.3287671232876712,118920.0,134280.49999999997
35000372,Lovely Two Beds ROOM close to Vessel,Manhattan,Hell's Kitchen,40.75761,-73.99492,563.0,5.0,5.0,0.04657534246575343,9571.0,134275.5
32781783,Large Private Room Queens NY St. John’s University,Queens,Jamaica Estates,40.72003,-73.79824,857.0,5.0,10.0,0.27123287671232876,84843.0,134120.5
28618545,Beautiful Manhattan TOWNHOUSE APARTMENT w Deck,Manhattan,Washington Heights,40.8357,-73.94318,885.0,5.0,90.0,0.28493150684931506,92040.0,134077.5
30335646,Private Bedroom in shared apartment .,Manhattan,Harlem,40.8133,-73.94853,751.0,5.0,50.0,0.21095890410958903,57827.0,134053.49999999997
22478626,Time Square - DOUBLE DOUBLE ROOM,Manhattan,Hell's Kitchen,40.75472,-73.99713,597.0,5.0,17.0,0.08493150684931507,18507.0,134026.5
32342704,Shoreham Hotel - Touchless Hip Studio,Manhattan,Midtown,40.76327,-73.97557,605.0,5.0,8.0,0.09315068493150686,20570.0,134007.5
36893656,Comfy bedroom in apt share 20 mins to City!,Brooklyn,Bedford-Stuyvesant,40.68895,-73.92867,800.0,5.0,1.0,0.2410958904109589,70400.0,134000.0
25813414,Quiet & Peaceful Duplex Garden Apartment,Brooklyn,Crown Heights,40.67898,-73.95725,569.0,5.0,3.0,0.0547945205479452,11380.0,133999.49999999997
23319779,Luxury 4 BR Apartment-25 minutes from the city,Queens,Fresh Meadows,40.75085,-73.7854,537.0,5.0,7.0,0.01643835616438356,3222.0,133981.5
26130986,Spacious 3 br/2bath balcony views in heart of NYC,Manhattan,Murray Hill,40.7458,-73.97744,967.0,5.0,4.0,0.32054794520547947,113139.00000000001,133929.5
31664480,Brooklyn Brownstone apartment,Brooklyn,Bedford-Stuyvesant,40.68921,-73.95439,834.0,5.0,230.0,0.2602739726027397,79230.0,133856.99999999997
8943962,Mins away to Manhattan Suite Residence,Queens,Astoria,40.76626,-73.93054,1083.0,5.0,5.0,0.36164383561643837,142956.0,133750.49999999994
47506653,Mins away to Manhattan Suite Residence,Queens,Astoria,40.76626,-73.93054,1083.0,5.0,5.0,0.36164383561643837,142956.0,133750.49999999994
20348405,Unique Apartment in Park Slope,Brooklyn,Park Slope,40.6779,-73.97991,803.0,5.0,1.0,0.24383561643835616,71467.0,133699.49999999997
55106301,Unique Apartment in Park Slope,Brooklyn,Park Slope,40.6779,-73.97991,803.0,5.0,1.0,0.24383561643835616,71467.0,133699.49999999997
20348405,Unique Apartment in Park Slope,Brooklyn,Park Slope,40.6779,-73.97991,803.0,5.0,1.0,0.24383561643835616,71467.0,133699.49999999997
29038293,Small but Clean studio in Great location.,Brooklyn,Park Slope,40.67548,-73.9815,838.0,5.0,177.0,0.26301369863013696,80448.0,133660.99999999997
20060657,Sonder | 21 Chelsea | Sunny 1BR + Rooftop,Manhattan,Chelsea,40.743,-73.99521,924.0,5.0,3.0,0.3041095890410959,102564.00000000001,133517.99999999994
54818553,Sonder | 21 Chelsea | Sunny 1BR + Rooftop,Manhattan,Chelsea,40.743,-73.99521,924.0,5.0,3.0,0.3041095890410959,102564.00000000001,133517.99999999994
30327361,Cozy Home with separate office!!  Or 2nd bedroom!!,Manhattan,NoHo,40.7253,-73.99395,1108.0,5.0,7.0,0.3698630136986301,149580.0,133513.99999999994
43320219,Cozy Quiet Upgraded Prvt Rm in House in the Slope!,Brooklyn,South Slope,40.66565,-73.99172,712.0,5.0,30.0,0.1863013698630137,48416.0,133500.0
50311232,Cozy Quiet Upgraded Prvt Rm in House in the Slope!,Brooklyn,South Slope,40.66565,-73.99172,712.0,5.0,30.0,0.1863013698630137,48416.0,133500.0
11748542,Cozy Quiet Upgraded Prvt Rm in House in the Slope!,Brooklyn,South Slope,40.66565,-73.99172,712.0,5.0,30.0,0.1863013698630137,48416.0,133500.0
2397550,beautiful ROOM in a DREAM APARTMENT,Manhattan,Midtown,40.75728,-73.97152,637.0,5.0,49.0,0.12602739726027398,29302.000000000004,133451.5
22485806,"Prime private room,  on bedford ave in a 2Bd apt",Brooklyn,Williamsburg,40.71285,-73.96124,597.0,5.0,2.0,0.08767123287671233,19104.0,133429.5
32868494,The Mahogany Suite- The Solo Adventurer l,Brooklyn,East Flatbush,40.66112,-73.9342,968.0,5.0,30.0,0.3232876712328767,114224.0,133099.99999999997
3628627,"Sunny, spacious, 1BR in Willamsburg",Brooklyn,Williamsburg,40.71626,-73.95795,867.0,5.0,17.0,0.27945205479452057,88434.0,133084.5
5744488,Bright and Sunny 2 Bedroom,Brooklyn,Prospect-Lefferts Gardens,40.66058,-73.95825,587.0,5.0,2.0,0.07945205479452055,17023.0,132955.5
35168271,Midtown West Modern Charming 1BD Apt near Times Sq,Manhattan,Hell's Kitchen,40.76543,-73.98766,614.0,5.0,72.0,0.10684931506849316,23946.0,132930.99999999997
54168496,"1BR in Newly Renovated Apartment - Rm A, Bushwick!",Brooklyn,Williamsburg,40.70456,-73.9314,548.0,5.0,12.0,0.03561643835616438,7124.0,132890.0
19410600,"1BR in Newly Renovated Apartment - Rm A, Bushwick!",Brooklyn,Williamsburg,40.70456,-73.9314,548.0,5.0,12.0,0.03561643835616438,7124.0,132890.0
50735399,Stunning 1 BR with high end finishes,Manhattan,Kips Bay,40.74,-73.97936,571.0,5.0,9.0,0.06301369863013699,13133.0,132757.5
43744385,Stunning 1 BR with high end finishes,Manhattan,Kips Bay,40.74,-73.97936,571.0,5.0,9.0,0.06301369863013699,13133.0,132757.5
12172708,Stunning 1 BR with high end finishes,Manhattan,Kips Bay,40.74,-73.97936,571.0,5.0,9.0,0.06301369863013699,13133.0,132757.5
56404758,Stunning 1 BR with high end finishes,Manhattan,Kips Bay,40.74,-73.97936,571.0,5.0,9.0,0.06301369863013699,13133.0,132757.5
28798043,3blocks to 7 train-30mins to City Exploration,Queens,Jackson Heights,40.75308,-73.8764,552.0,5.0,99.0,0.0410958904109589,8280.0,132756.0
26343622,MODERN TOWN-HOME 8BR/5BA + TERRACE Williamsburg,Brooklyn,Williamsburg,40.71399,-73.94683,704.0,5.0,1.0,0.18356164383561643,47167.99999999999,132703.99999999997
55126184,"Large 1 bed, 1.5 bath on the Upper East Side",Manhattan,Upper East Side,40.76537,-73.9638,568.0,5.0,2.0,0.06027397260273973,12496.000000000002,132628.0
20368288,"Large 1 bed, 1.5 bath on the Upper East Side",Manhattan,Upper East Side,40.76537,-73.9638,568.0,5.0,2.0,0.06027397260273973,12496.000000000002,132628.0
20368288,"Large 1 bed, 1.5 bath on the Upper East Side",Manhattan,Upper East Side,40.76537,-73.9638,568.0,5.0,2.0,0.06027397260273973,12496.000000000002,132628.0
9397401,Luxury Wall St. Apartment Building,Manhattan,Financial District,40.70433,-74.00782,1032.0,5.0,2.0,0.34794520547945207,131064.00000000001,132612.0
47960091,Luxury Wall St. Apartment Building,Manhattan,Financial District,40.70433,-74.00782,1032.0,5.0,2.0,0.34794520547945207,131064.00000000001,132612.0
34368541,Nice new bedroom Near D train and Maimonides in BK,Brooklyn,Borough Park,40.64086,-73.99628,527.0,5.0,32.0,0.010958904109589041,2108.0,132540.5
21097876,SUMMER SPECIAL! Spacious Harlem Condo,Manhattan,Harlem,40.80756,-73.94855,1128.0,5.0,1.0,0.3780821917808219,155664.0,132539.99999999994
55855772,SUMMER SPECIAL! Spacious Harlem Condo,Manhattan,Harlem,40.80756,-73.94855,1128.0,5.0,1.0,0.3780821917808219,155664.0,132539.99999999994
35505726,For Heaven’s Cake 2,Queens,Springfield Gardens,40.6653,-73.77054,580.0,5.0,12.0,0.07397260273972603,15660.000000000002,132530.0
37021790,407 West 51-Furnished 2 bedroom 1 bathroom,Manhattan,Hell's Kitchen,40.76556,-73.98916,1178.0,5.0,2.0,0.3917808219178082,168454.0,132524.99999999994
35237861,"One of a Kind Tribeca Loft, Terrace, Water Views",Manhattan,Tribeca,40.71538,-74.00599,810.0,5.0,4.0,0.25205479452054796,74520.00000000001,132435.0
17559290,Affordable & Convenient,Manhattan,Washington Heights,40.84502,-73.94078,518.0,5.0,51.0,0.0,0.0,132349.0
52317186,Affordable & Convenient,Manhattan,Washington Heights,40.84502,-73.94078,518.0,5.0,51.0,0.0,0.0,132349.0
6605524,Newly Renovated Private Room,Brooklyn,Bedford-Stuyvesant,40.69454,-73.94495,1037.0,5.0,11.0,0.3506849315068493,132736.0,132217.5
3327071,Union Square spacious studio,Manhattan,East Village,40.73243,-73.98906,622.0,5.0,51.0,0.1178082191780822,26745.999999999996,132175.0
39745181,Cozy Room in Charming Brownstone,Brooklyn,Sunset Park,40.64902,-74.00897,766.0,5.0,43.0,0.2273972602739726,63578.00000000001,132134.99999999997
28085023,A homey home.,Brooklyn,Bay Ridge,40.62373,-74.02676,536.0,5.0,2.0,0.024657534246575342,4824.0,132124.0
32064345,PM ME FOR SMALL KICKBACK DEALS! FAMILY FRIENDLY!,Brooklyn,Bedford-Stuyvesant,40.68696,-73.94028,578.0,5.0,116.0,0.07397260273972603,15606.000000000002,132073.0
16812580,Large 2 bedroom Moroccan oasis in the East Village,Manhattan,East Village,40.72245,-73.98337,882.0,5.0,86.0,0.29041095890410956,93491.99999999999,131859.0
36363448,165 East 89-Studio,Manhattan,Upper East Side,40.78118,-73.95306,577.0,5.0,6.0,0.07397260273972603,15579.0,131844.5
48464341,Williamsburg True 1 Bedroom Apartment,Brooklyn,Williamsburg,40.70772,-73.95978,995.0,5.0,13.0,0.336986301369863,122385.0,131837.5
9901651,Williamsburg True 1 Bedroom Apartment,Brooklyn,Williamsburg,40.70772,-73.95978,995.0,5.0,13.0,0.336986301369863,122385.0,131837.5
31356296,Lovely Room to Stay in Astoria Next to Subway!,Queens,Ditmars Steinway,40.77409,-73.91686,517.0,5.0,2.0,0.0027397260273972603,517.0,131576.5
25218586,Stuyvesant Heights quiet private Apartment,Brooklyn,Bedford-Stuyvesant,40.68682,-73.93493,758.0,5.0,1.0,0.22465753424657534,62156.0,131513.0
41118199,Spacious park slope 2 bedroom,Brooklyn,Park Slope,40.67173,-73.98303,575.0,5.0,70.0,0.07397260273972603,15525.0,131387.5
5455083,"5 min from midtown, but peaceful.",Queens,Long Island City,40.74253,-73.9549,716.0,5.0,77.0,0.19726027397260273,51552.0,131386.0
19802180,"Shared Place by Times Square, Theaters District.",Manhattan,Hell's Kitchen,40.76405,-73.98695,1137.0,5.0,50.0,0.3835616438356164,159180.0,131323.5
54560076,"Shared Place by Times Square, Theaters District.",Manhattan,Hell's Kitchen,40.76405,-73.98695,1137.0,5.0,50.0,0.3835616438356164,159180.0,131323.5
45962974,Spacious and Modern is this 2 Bedroom Apartment,Brooklyn,Canarsie,40.63801,-73.89845,518.0,5.0,7.0,0.005479452054794521,1036.0,131313.0
33414166,Loft Suite,Brooklyn,Greenpoint,40.73756,-73.9535,962.0,5.0,31.0,0.32602739726027397,114477.99999999999,131313.0
14391297,Spacious and Modern is this 2 Bedroom Apartment,Brooklyn,Canarsie,40.63801,-73.89845,518.0,5.0,7.0,0.005479452054794521,1036.0,131313.0
4412893,1 bedroom apt 1 stop from Manhattan,Queens,Long Island City,40.74236,-73.95641,915.0,5.0,84.0,0.30684931506849317,102480.00000000001,131302.5
46694220,Feel at Home in this Lovely 1 Bedroom in Flushing,Queens,Flushing,40.75947,-73.82263,711.0,5.0,7.0,0.19452054794520549,50481.0,131179.5
15122542,Feel at Home in this Lovely 1 Bedroom in Flushing,Queens,Flushing,40.75947,-73.82263,711.0,5.0,7.0,0.19452054794520549,50481.0,131179.5
30732197,1718,Brooklyn,Sunset Park,40.6438,-74.00214,534.0,5.0,76.0,0.0273972602739726,5340.0,131096.99999999997
35213007,Gorgeous Bright 3BR Parlor Floor Thru,Brooklyn,Park Slope,40.67144,-73.97994,1155.0,5.0,11.0,0.38904109589041097,164010.0,131092.5
26774968,Cozy South Williamsburg Room- Best Location in BK,Brooklyn,Williamsburg,40.70929,-73.95523,871.0,5.0,2.0,0.2876712328767123,91455.0,131085.49999999997
22205790,HOLIDAY SEASON IN MIDTOWN NY LARGE & SUNNY STUDIO,Manhattan,Midtown,40.75421,-73.96834,513.0,5.0,1.0,0.0,0.0,131071.49999999999
36278946,2- West village Horatio st Studio,Manhattan,West Village,40.73747,-74.0051,513.0,5.0,2.0,0.0,0.0,131071.49999999999
34923050,15- 19th st Prime Chelsea One bedroom,Manhattan,Chelsea,40.74309,-73.99793,538.0,5.0,1.0,0.03287671232876712,6455.999999999999,131003.0
22518392,ENJOYABLE APT. FOR LONG STAY. 15 MIN. TO MANHATTAN,Queens,Sunnyside,40.73697,-73.92478,670.0,5.0,6.0,0.1643835616438356,40200.0,130984.99999999997
35010313,LRG RM PVT BATHROOM MIN WALK 2 TRAIN NEAR HOSPITAL,Staten Island,Grant City,40.5775,-74.11038,1185.0,5.0,4.0,0.3972602739726027,171824.99999999997,130942.50000000003
44334242,*New 4 bedrooms 2 Bath Home 15 mins to manhattan!,Brooklyn,Bushwick,40.69735,-73.9327,1027.0,5.0,84.0,0.3506849315068493,131456.0,130942.5
51325255,*New 4 bedrooms 2 Bath Home 15 mins to manhattan!,Brooklyn,Bushwick,40.69735,-73.9327,1027.0,5.0,84.0,0.3506849315068493,131456.0,130942.5
56994615,*New 4 bedrooms 2 Bath Home 15 mins to manhattan!,Brooklyn,Bushwick,40.69735,-73.9327,1027.0,5.0,84.0,0.3506849315068493,131456.0,130942.5
12762565,*New 4 bedrooms 2 Bath Home 15 mins to manhattan!,Brooklyn,Bushwick,40.69735,-73.9327,1027.0,5.0,84.0,0.3506849315068493,131456.0,130942.5
29702710,❤️Rare Hidden Gem 2BR Near LGA/JFK & Attractions❤️,Queens,Queens Village,40.70805,-73.73145,529.0,5.0,4.0,0.021917808219178082,4232.0,130927.49999999997
3561247,Chic Aptmnt close to Barclay Center,Brooklyn,Park Slope,40.67794,-73.97398,616.0,5.0,154.0,0.1178082191780822,26488.000000000004,130900.0
33057380,Cozy room in the heart of Brooklyn mins from city.,Brooklyn,East Flatbush,40.66166,-73.92155,616.0,5.0,15.0,0.1178082191780822,26488.000000000004,130900.0
12106984,King/Queen Hotel Room at Wyndham Midtown 45,Manhattan,Midtown,40.7524,-73.97153,512.0,5.0,1.0,0.0,0.0,130815.99999999999
56339035,King/Queen Hotel Room at Wyndham Midtown 45,Manhattan,Midtown,40.7524,-73.97153,512.0,5.0,1.0,0.0,0.0,130815.99999999999
50669675,King/Queen Hotel Room at Wyndham Midtown 45,Manhattan,Midtown,40.7524,-73.97153,512.0,5.0,1.0,0.0,0.0,130815.99999999999
33408643,Spacious Room in the Bronx,Bronx,Concourse Village,40.82054,-73.92538,512.0,5.0,3.0,0.0,0.0,130815.99999999999
43678662,King/Queen Hotel Room at Wyndham Midtown 45,Manhattan,Midtown,40.7524,-73.97153,512.0,5.0,1.0,0.0,0.0,130815.99999999999
32428863,Historic Park Slope Gem - 1br,Brooklyn,Park Slope,40.67441,-73.97295,810.0,5.0,39.0,0.25753424657534246,76140.0,130815.0
53136799,"43rd Street=TIME SQUARE
PRIVATE BEDROOM",Manhattan,Hell's Kitchen,40.7578,-73.99211,767.0,5.0,95.0,0.2328767123287671,65194.99999999999,130773.5
18378903,"43rd Street=TIME SQUARE
PRIVATE BEDROOM",Manhattan,Hell's Kitchen,40.7578,-73.99211,767.0,5.0,95.0,0.2328767123287671,65194.99999999999,130773.5
14944702,Sweet room with private bathroom.,Queens,Fresh Meadows,40.7385,-73.79241,649.0,5.0,100.0,0.14794520547945206,35046.0,130773.49999999997
46516379,Sweet room with private bathroom.,Queens,Fresh Meadows,40.7385,-73.79241,649.0,5.0,100.0,0.14794520547945206,35046.0,130773.49999999997
44369589,Victorian Sanctuary in a Historic Brownstone,Manhattan,Harlem,40.80769,-73.95505,1142.0,5.0,95.0,0.3863013698630137,161022.0,130759.0
51360602,Victorian Sanctuary in a Historic Brownstone,Manhattan,Harlem,40.80769,-73.95505,1142.0,5.0,95.0,0.3863013698630137,161022.0,130759.0
12797912,Victorian Sanctuary in a Historic Brownstone,Manhattan,Harlem,40.80769,-73.95505,1142.0,5.0,95.0,0.3863013698630137,161022.0,130759.0
57029962,Victorian Sanctuary in a Historic Brownstone,Manhattan,Harlem,40.80769,-73.95505,1142.0,5.0,95.0,0.3863013698630137,161022.0,130759.0
32756377,Midtown East NYC 1BR/1BA APARTMENT by Boomerang,Manhattan,Midtown,40.75244,-73.96595,965.0,5.0,4.0,0.3287671232876712,115799.99999999999,130757.50000000001
26450215,Cozy 2BDR on mulberry st  little italy/china town,Manhattan,Little Italy,40.71837,-73.99768,686.0,5.0,2.0,0.1780821917808219,44590.0,130683.0
51823982,Amazing Space For Your Chelsea Stay,Manhattan,Chelsea,40.74119,-74.0006,732.0,5.0,119.0,0.21095890410958903,56364.0,130662.0
44832969,Amazing Space For Your Chelsea Stay,Manhattan,Chelsea,40.74119,-74.0006,732.0,5.0,119.0,0.21095890410958903,56364.0,130662.0
13261291,Amazing Space For Your Chelsea Stay,Manhattan,Chelsea,40.74119,-74.0006,732.0,5.0,119.0,0.21095890410958903,56364.0,130662.0
37985553,"Spectacular UWS 2 Bed w/Gym, Laundry, Rooftop#6105",Manhattan,Upper West Side,40.7893,-73.97438,943.0,5.0,1.0,0.32054794520547947,110331.0,130605.49999999997
42626530,Stunning 3 bedroom in townhouse right on Union Sq,Manhattan,Gramercy,40.73683,-73.98816,757.0,5.0,11.0,0.2273972602739726,62831.00000000001,130582.5
40061649,Huge Sunny Apt Hip/Family Area,Brooklyn,Clinton Hill,40.68645,-73.96587,511.0,5.0,24.0,0.0,0.0,130560.5
31733517,Private Extra Large Room King Size Bed,Brooklyn,Canarsie,40.63761,-73.91589,511.0,5.0,1.0,0.0,0.0,130560.5
33469396,"Ground floor,Private garden Patio - sleeps 6 - UES",Manhattan,Upper East Side,40.77878,-73.94977,629.0,5.0,98.0,0.13150684931506848,30191.999999999996,130517.49999999997
31656748,Charming Apartment w Outdoor Space in Clinton Hill,Brooklyn,Bedford-Stuyvesant,40.68811,-73.957619,620.0,5.0,1.0,0.1232876712328767,27900.0,130510.0
2900143,"❤️ 2 Beds Option + Private Bath, Sunshine Bushwick",Brooklyn,Bushwick,40.6922,-73.92399,556.0,5.0,226.0,0.057534246575342465,11676.0,130382.0
32861314,Share in NYC's trendy East Village,Manhattan,East Village,40.73216,-73.98678,948.0,5.0,153.0,0.3232876712328767,111864.0,130349.99999999997
6025609,"Cozy and Spacious, 1 Bedroom, Astoria",Queens,Astoria,40.76194,-73.91881,802.0,5.0,8.0,0.2547945205479452,74586.0,130325.0
19957377,Huge bedroom in Harlem,Manhattan,Harlem,40.82958,-73.94184,512.0,5.0,1.0,0.0027397260273972603,512.0,130303.99999999999
54715273,Huge bedroom in Harlem,Manhattan,Harlem,40.82958,-73.94184,512.0,5.0,1.0,0.0027397260273972603,512.0,130303.99999999999
33914550,Best Location in NYC.,Manhattan,Midtown,40.7435,-73.98296,570.0,5.0,3.0,0.07397260273972603,15390.0,130245.0
26224325,Home away from Home.,Queens,Richmond Hill,40.68243,-73.82668,528.0,5.0,5.0,0.024657534246575342,4752.0,130152.0
51281623,"Comfortable, eclectic and private apartment",Brooklyn,Clinton Hill,40.68976,-73.96533,557.0,5.0,41.0,0.06027397260273973,12254.0,130059.5
56950983,"Comfortable, eclectic and private apartment",Brooklyn,Clinton Hill,40.68976,-73.96533,557.0,5.0,41.0,0.06027397260273973,12254.0,130059.5
12718933,"Comfortable, eclectic and private apartment",Brooklyn,Clinton Hill,40.68976,-73.96533,557.0,5.0,41.0,0.06027397260273973,12254.0,130059.5
44290610,"Comfortable, eclectic and private apartment",Brooklyn,Clinton Hill,40.68976,-73.96533,557.0,5.0,41.0,0.06027397260273973,12254.0,130059.5
39635826,Peaceful Garden Sanctuary best part of Brooklyn!,Brooklyn,Fort Greene,40.69075,-73.97192,679.0,5.0,154.0,0.17534246575342466,43456.0,130028.49999999997
31581082,"#1 Bedroom Convenient to JFK, casino/gym LGA 20min",Queens,Springfield Gardens,40.66823,-73.76329,519.0,5.0,11.0,0.0136986301369863,2595.0,130009.49999999997
31107209,Theater Time Private Queen Room Boutique Hotel NYC,Manhattan,Midtown,40.76141,-73.97726,538.0,5.0,2.0,0.038356164383561646,7532.000000000001,129927.0
9239995,Beautiful room in West Harlem,Manhattan,Harlem,40.83039,-73.94532,944.0,5.0,6.0,0.3232876712328767,111392.0,129799.99999999997
47802686,Beautiful room in West Harlem,Manhattan,Harlem,40.83039,-73.94532,944.0,5.0,6.0,0.3232876712328767,111392.0,129799.99999999997
46289936,Awesome Times Square 1 BR Loft in City Centre,Manhattan,Hell's Kitchen,40.76054,-73.99066,829.0,5.0,59.0,0.27123287671232876,82071.0,129738.49999999997
14718259,Awesome Times Square 1 BR Loft in City Centre,Manhattan,Hell's Kitchen,40.76054,-73.99066,829.0,5.0,59.0,0.27123287671232876,82071.0,129738.49999999997
38015377,Big room,Manhattan,Harlem,40.82055,-73.95465,553.0,5.0,3.0,0.057534246575342465,11613.0,129678.5
25035223,Cozy apartment by Central Park,Manhattan,Hell's Kitchen,40.76623,-73.99075,570.0,5.0,18.0,0.07671232876712329,15960.0,129675.0
39216078,Minimalistic Manhattan 1BDR.Near Central Park n metro!,Manhattan,East Harlem,40.79574,-73.94557,613.0,5.0,14.0,0.12054794520547946,26972.000000000004,129649.5
22328401,Shared male room of your dreams on Manhattan III,Manhattan,Lower East Side,40.71046,-73.98839,560.0,5.0,1.0,0.06575342465753424,13440.0,129640.0
8283412,Convenient & Spacious & Feel Good Apartment,Brooklyn,Brooklyn Heights,40.69261,-73.99252,839.0,5.0,2.0,0.27671232876712326,84738.99999999999,129625.49999999999
31002272,Brooklyn VIP Private Resort,Brooklyn,Flatlands,40.61638,-73.92514,507.0,5.0,17.0,0.0,0.0,129538.49999999999
55893881,Lovely Garden Apt,Brooklyn,East Flatbush,40.65073,-73.92738,507.0,5.0,9.0,0.0,0.0,129538.49999999999
25667606,Cozy private Studio Suite,Manhattan,Harlem,40.80497,-73.94592,507.0,5.0,1.0,0.0,0.0,129538.49999999999
21135985,Lovely Garden Apt,Brooklyn,East Flatbush,40.65073,-73.92738,507.0,5.0,9.0,0.0,0.0,129538.49999999999
34387871,Loft Suite,Brooklyn,Greenpoint,40.73778,-73.95366,949.0,5.0,49.0,0.32602739726027397,112930.99999999999,129538.49999999999
26994783,JAVITS Beautiful Stay for your NYC Vacation *****,Manhattan,Hell's Kitchen,40.75438,-73.99378,521.0,5.0,4.0,0.019178082191780823,3647.0,129468.5
2773114,Nice clean large Bedroom in Astoria,Queens,Astoria,40.76425,-73.90489,759.0,5.0,108.0,0.2328767123287671,64514.99999999999,129409.49999999997
34551904,Lovely Room close to Hells Kitchen,Manhattan,Hell's Kitchen,40.75723,-73.99331,729.0,5.0,12.0,0.2136986301369863,56862.00000000001,129397.49999999997
32656411,Charming safe Queens room w/ lots of SUN!,Queens,Sunnyside,40.73797,-73.92364,554.0,5.0,3.0,0.06027397260273973,12188.000000000002,129358.99999999997
37290760,Bronx zoo & Botanical Garden one walk away,Bronx,West Farms,40.84385,-73.88342,508.0,5.0,2.0,0.0027397260273972603,508.0,129285.99999999999
36704217,"Prospect Park 3 bdrm, Sleeps 8 (#2)",Brooklyn,Prospect-Lefferts Gardens,40.66113,-73.96229,506.0,5.0,148.0,0.0,0.0,129283.0
2710705,Brownstone Penthouse Apartment,Manhattan,Harlem,40.80964,-73.94098,888.0,5.0,35.0,0.3013698630136986,97680.0,129203.99999999997
7134075,SMALL AND COZY PARISIAN STYLE APT IN EAST HARLEM,Manhattan,East Harlem,40.79802,-73.94003,1138.0,5.0,162.0,0.38904109589041097,161596.0,129162.99999999994
30797369,💥Cozy Bklyn 1 bedroom suite relax & explore NYC💥,Brooklyn,East New York,40.6718,-73.88605,599.0,5.0,11.0,0.1095890410958904,23960.0,129084.49999999997
27373661,#4 Hotel-Like LOFT Private Room KING bed near JFK,Queens,Woodhaven,40.69311,-73.86526,744.0,5.0,4.0,0.22465753424657534,61008.0,129083.99999999997
52283496,Brand New Amazing 1 Bedroom Best Location,Manhattan,Upper West Side,40.7841,-73.97468,1168.0,5.0,5.0,0.3972602739726027,169360.0,129063.99999999994
17525600,Brand New Amazing 1 Bedroom Best Location,Manhattan,Upper West Side,40.7841,-73.97468,1168.0,5.0,5.0,0.3972602739726027,169360.0,129063.99999999994
23059093,Manhattan modern living by the Chelsea High Line,Manhattan,Chelsea,40.74382,-74.00463,1045.0,5.0,2.0,0.36164383561643837,137940.0,129057.5
2567107,Private: The Brass Room,Manhattan,Upper East Side,40.76142,-73.96086,804.0,5.0,19.0,0.2602739726027397,76380.0,129041.99999999997
32295759,Room 1 - Private small bedroom in shared apartment,Queens,Elmhurst,40.74776,-73.86869,505.0,5.0,6.0,0.0,0.0,129027.5
8823009,Kid's friendly two levels apartment with a yard,Manhattan,Harlem,40.81223,-73.94313,567.0,5.0,2.0,0.07671232876712329,15876.000000000002,128992.5
27038967,"BEST LOCATION IN WILLIAMSBURG, CLOSE TO SUBWAY",Brooklyn,Williamsburg,40.71243,-73.9604,646.0,5.0,3.0,0.15342465753424658,36176.0,128877.0
2948194,Gramercy Park Studio Apartment,Manhattan,Gramercy,40.73646,-73.98337,957.0,5.0,3.0,0.3315068493150685,115797.00000000001,128716.49999999999
41668290,Bushwick Oasis,Brooklyn,Bushwick,40.68965,-73.91648,713.0,5.0,30.0,0.2054794520547945,53474.99999999999,128696.5
17942586,Bushwick Oasis,Brooklyn,Bushwick,40.68965,-73.91648,713.0,5.0,30.0,0.2054794520547945,53474.99999999999,128696.5
52700482,Bushwick Oasis,Brooklyn,Bushwick,40.68965,-73.91648,713.0,5.0,30.0,0.2054794520547945,53474.99999999999,128696.5
11690550,Brklyn Hts Luxury - Garden Calm & Downtown Verve,Brooklyn,Brooklyn Heights,40.69183,-73.99202,1068.0,5.0,119.0,0.3698630136986301,144180.0,128693.99999999994
50253241,Brklyn Hts Luxury - Garden Calm & Downtown Verve,Brooklyn,Brooklyn Heights,40.69183,-73.99202,1068.0,5.0,119.0,0.3698630136986301,144180.0,128693.99999999994
43262227,Brklyn Hts Luxury - Garden Calm & Downtown Verve,Brooklyn,Brooklyn Heights,40.69183,-73.99202,1068.0,5.0,119.0,0.3698630136986301,144180.0,128693.99999999994
31903073,"UWS 3BR/2BTH Apt, 1 block from Central Park",Manhattan,Upper West Side,40.7924,-73.97028,672.0,5.0,15.0,0.17534246575342466,43008.0,128688.0
35121878,Classic Manhattan Loft Apartment w/ Outdoor Deck,Manhattan,Greenwich Village,40.72961,-73.99326,1154.0,5.0,36.0,0.39452054794520547,166176.0,128671.0
31341384,Center of the city for 3 people,Manhattan,Chelsea,40.74954,-73.99301,605.0,5.0,45.0,0.1178082191780822,26015.000000000004,128562.5
35495785,Beautiful luxuries apartment in Bed-stuy Brooklyn,Brooklyn,Bedford-Stuyvesant,40.6803,-73.94927,560.0,5.0,3.0,0.07123287671232877,14559.999999999998,128520.0
37312852,Starlit Luxury Home Movie Theater,Manhattan,Harlem,40.83009,-73.94089,503.0,5.0,1.0,0.0,0.0,128516.49999999999
44357438,90 Washington St. 1 BR furnished,Manhattan,Financial District,40.70829,-74.01405,557.0,5.0,1.0,0.0684931506849315,13924.999999999998,128388.5
57017811,90 Washington St. 1 BR furnished,Manhattan,Financial District,40.70829,-74.01405,557.0,5.0,1.0,0.0684931506849315,13924.999999999998,128388.5
51348452,90 Washington St. 1 BR furnished,Manhattan,Financial District,40.70829,-74.01405,557.0,5.0,1.0,0.0684931506849315,13924.999999999998,128388.5
12785761,90 Washington St. 1 BR furnished,Manhattan,Financial District,40.70829,-74.01405,557.0,5.0,1.0,0.0684931506849315,13924.999999999998,128388.5
4795637,Huge Brooklyn Oasis only 1 block from subway!,Brooklyn,Bushwick,40.70083,-73.91679,810.0,5.0,98.0,0.26575342465753427,78570.00000000001,128384.99999999999
26704826,COZY 2BR AT TIMES SQUARE  - IN HEART OF MANHATTAN,Manhattan,Hell's Kitchen,40.75949,-73.98825,1171.0,5.0,2.0,0.4,170966.0,128224.5
3877714,Perfect mid summer apart available,Manhattan,Harlem,40.80581,-73.95374,779.0,5.0,2.0,0.2493150684931507,70889.0,128145.49999999997
31816915,Brooklyn Kings County Finest - 2 Bedroom Haven,Brooklyn,East New York,40.67076,-73.87743,524.0,5.0,2.0,0.030136986301369864,5764.000000000001,128117.99999999997
20413576,Step back in time and see NYC as it was in the 80s,Staten Island,Stapleton,40.63782,-74.07732,526.0,5.0,2.0,0.03287671232876712,6311.999999999999,128081.0
55171472,Step back in time and see NYC as it was in the 80s,Staten Island,Stapleton,40.63782,-74.07732,526.0,5.0,2.0,0.03287671232876712,6311.999999999999,128081.0
35365442,"Luxury Flat with Outdoor, Office and City Views",Brooklyn,DUMBO,40.70448,-73.98541,594.0,5.0,182.0,0.1095890410958904,23760.0,128006.99999999997
33757144,Romantic one bedroom in Harlem USA,Manhattan,East Harlem,40.8022,-73.93881,594.0,5.0,105.0,0.1095890410958904,23760.0,128006.99999999997
8186759,GRAMERCY 1 BD APARTMENT - CENTRAL!!,Manhattan,Gramercy,40.73683,-73.97926,513.0,5.0,1.0,0.01643835616438356,3078.0,127993.49999999999
33082786,THE SUITE LIFE TOWNHOUSE,Brooklyn,Bedford-Stuyvesant,40.68844,-73.93717,555.0,5.0,2.0,0.0684931506849315,13875.0,127927.5
22481388,GOTHAM  - DOUBLE DOUBLE,Manhattan,Hell's Kitchen,40.75541,-73.99634,523.0,5.0,17.0,0.030136986301369864,5753.0,127873.5
26218249,Gramercy Park Studio Apartment (Max 2 people),Manhattan,Gramercy,40.73684,-73.9842,1035.0,5.0,3.0,0.36164383561643837,136620.0,127822.5
24018991,NEW! Modern 1BR Apartment in Heart of NYC!,Bronx,Throgs Neck,40.8149,-73.81545,500.0,5.0,1.0,0.0,0.0,127750.0
42027837,NEW! Modern 1BR Apartment in Heart of NYC!,Bronx,Throgs Neck,40.8149,-73.81545,500.0,5.0,1.0,0.0,0.0,127750.0
33241296,Comfortable Brown Stone apartment,Brooklyn,Crown Heights,40.6731,-73.94114,559.0,5.0,51.0,0.07397260273972603,15093.0,127731.49999999997
55428292,Cozy Comfortable Studio Suite,Brooklyn,Canarsie,40.63814,-73.90002,860.0,5.0,68.0,0.29315068493150687,92020.00000000001,127709.99999999999
20670396,Cozy Comfortable Studio Suite,Brooklyn,Canarsie,40.63814,-73.90002,860.0,5.0,68.0,0.29315068493150687,92020.00000000001,127709.99999999999
38195980,Spacious and cosy private room.,Queens,Ridgewood,40.70472,-73.91047,723.0,5.0,39.0,0.21643835616438356,57117.0,127609.5
36810811,"Times Square Penthouse, 24/7 Onsite Team",Manhattan,Theater District,40.75776,-73.98352,524.0,5.0,3.0,0.03287671232876712,6287.999999999999,127593.99999999997
35501308,"Double Room with shared bath, Room has wash basin.",Manhattan,Midtown,40.74479,-73.98302,557.0,5.0,3.0,0.07397260273972603,15039.0,127274.5
3547439,Large 1-bedroom in Brooklyn,Brooklyn,Clinton Hill,40.68331,-73.96568,651.0,5.0,6.0,0.1643835616438356,39060.0,127270.5
19297930,Brooklyn Oasis 20 Min to Manhattan,Brooklyn,Bushwick,40.69107,-73.90604,500.0,5.0,5.0,0.0027397260273972603,500.0,127250.0
54055826,Brooklyn Oasis 20 Min to Manhattan,Brooklyn,Bushwick,40.69107,-73.90604,500.0,5.0,5.0,0.0027397260273972603,500.0,127250.0
6443700,Bright & Stylish Studio in the LES,Manhattan,Lower East Side,40.71767,-73.99004,547.0,5.0,26.0,0.06301369863013699,12581.000000000002,127177.5
8757837,Cozy and Small bedroom in Astoria!!,Queens,Astoria,40.76061,-73.91767,549.0,5.0,1.0,0.06575342465753424,13175.999999999998,127093.49999999997
34476791,Prime west village ~Charming 1BR,Manhattan,West Village,40.73764,-74.0041,873.0,5.0,19.0,0.3013698630136986,96029.99999999999,127021.49999999999
30942071,Room in a lovely Penthouse in Brooklyn / Bushwick,Brooklyn,Bushwick,40.69417,-73.90673,606.0,5.0,8.0,0.12602739726027398,27876.000000000004,126957.0
13678830,"The Locals House // Best Location, Nicest Home",Queens,Rockaway Beach,40.5889,-73.81585,1108.0,5.0,31.0,0.3863013698630137,156228.0,126865.99999999994
45250507,"The Locals House // Best Location, Nicest Home",Queens,Rockaway Beach,40.5889,-73.81585,1108.0,5.0,31.0,0.3863013698630137,156228.0,126865.99999999994
19895519,1BEDROOM AT YANKEE STADUIM,Bronx,Concourse Village,40.82855,-73.91856,570.0,5.0,9.0,0.09041095890410959,18810.0,126825.0
54653415,1BEDROOM AT YANKEE STADUIM,Bronx,Concourse Village,40.82855,-73.91856,570.0,5.0,9.0,0.09041095890410959,18810.0,126825.0
36236419,Great Greenpoint Room,Brooklyn,Greenpoint,40.72163,-73.940231,555.0,5.0,3.0,0.07397260273972603,14985.0,126817.5
35205827,Cozy Greenpoint Room with backyard,Brooklyn,Greenpoint,40.72702,-73.94853,714.0,5.0,12.0,0.2136986301369863,55692.00000000001,126734.99999999997
49935116,Cozy Bed Stuy Getaway,Brooklyn,Bedford-Stuyvesant,40.68327,-73.92598,871.0,5.0,7.0,0.3013698630136986,95810.0,126730.49999999997
11372425,Cozy Bed Stuy Getaway,Brooklyn,Bedford-Stuyvesant,40.68327,-73.92598,871.0,5.0,7.0,0.3013698630136986,95810.0,126730.49999999997
42944103,Cozy Bed Stuy Getaway,Brooklyn,Bedford-Stuyvesant,40.68327,-73.92598,871.0,5.0,7.0,0.3013698630136986,95810.0,126730.49999999997
35050631,433 West 53-Studio in a Brand New Building,Manhattan,Hell's Kitchen,40.76526,-73.98867,1168.0,5.0,3.0,0.40273972602739727,171696.0,126727.99999999994
2573182,Private room with stunning view,Brooklyn,Williamsburg,40.72149,-73.96174,512.0,5.0,142.0,0.021917808219178082,4096.0,126719.99999999999
49649577,New York Masterpiece,Queens,Rego Park,40.73541,-73.85632,599.0,5.0,88.0,0.12054794520547946,26356.0,126688.49999999997
11086886,New York Masterpiece,Queens,Rego Park,40.73541,-73.85632,599.0,5.0,88.0,0.12054794520547946,26356.0,126688.49999999997
4362634,Prime Artist Loft &  Exposed Brick,Brooklyn,Williamsburg,40.71909,-73.95897,956.0,5.0,103.0,0.336986301369863,117588.0,126669.99999999997
37175881,Beautiful Park Slope apt w garden,Brooklyn,Park Slope,40.66946,-73.98515,765.0,5.0,47.0,0.2465753424657534,68850.0,126607.5
6864553,"Luxury, Cozy 1BD, walk to CentrPark",Manhattan,Upper East Side,40.78338,-73.95008,1188.0,5.0,126.0,0.40821917808219177,177012.0,126521.99999999994
20889659,Sun Filled Oasis,Brooklyn,Bedford-Stuyvesant,40.68987,-73.94484,587.0,5.0,1.0,0.1095890410958904,23479.999999999996,126498.5
55647555,Sun Filled Oasis,Brooklyn,Bedford-Stuyvesant,40.68987,-73.94484,587.0,5.0,1.0,0.1095890410958904,23479.999999999996,126498.5
24114539,Bed-study Deluxe,Brooklyn,Bedford-Stuyvesant,40.69278,-73.94372,671.0,5.0,33.0,0.18356164383561643,44957.0,126483.5
42123385,Bed-study Deluxe,Brooklyn,Bedford-Stuyvesant,40.69278,-73.94372,671.0,5.0,33.0,0.18356164383561643,44957.0,126483.5
22430024,Friendly Midtown East Studio w/ Great light + Gym by Blueground,Manhattan,Kips Bay,40.745,-73.97942,729.0,5.0,1.0,0.22465753424657534,59778.0,126481.49999999997
31426991,Sonder Duane Street | Queen Room,Manhattan,Tribeca,40.71513,-74.00808,551.0,5.0,5.0,0.07123287671232877,14326.000000000002,126454.5
29237121,West Herlem Jewel,Manhattan,Harlem,40.80045,-73.9538,551.0,5.0,29.0,0.07123287671232877,14326.000000000002,126454.5
35116355,A Historic Harlem Abode,Manhattan,East Harlem,40.801,-73.94598,969.0,5.0,122.0,0.3424657534246575,121124.99999999999,126454.49999999999
33246267,Sun drenched 1 bed.- mins from subway,Brooklyn,Bedford-Stuyvesant,40.68546,-73.95086,637.0,5.0,9.0,0.15616438356164383,36309.0,126444.5
35508488,"Cozy, clean Greenpoint room with yard access",Brooklyn,Greenpoint,40.72516,-73.95004,589.0,5.0,38.0,0.11232876712328767,24148.999999999996,126340.49999999997
35508488,"Cozy, clean Greenpoint room with yard access",Brooklyn,Greenpoint,40.72516,-73.95004,589.0,5.0,38.0,0.11232876712328767,24148.999999999996,126340.49999999997
33310334,Comfortable Room in East Williamsburg,Brooklyn,Bushwick,40.70505,-73.92731,633.0,5.0,36.0,0.15342465753424658,35448.0,126283.5
22330057,Unbelievable male room& best price on Manhattan II,Manhattan,Lower East Side,40.70981,-73.98702,594.0,5.0,8.0,0.1178082191780822,25542.000000000004,126224.99999999997
37538190,Riverside Charm with Fire Place,Manhattan,Upper West Side,40.78073,-73.98564,736.0,5.0,61.0,0.23013698630136986,61824.0,126223.99999999997
5963199,Spacious Midtown Retreat!,Manhattan,Kips Bay,40.74508,-73.97854,1163.0,5.0,6.0,0.40273972602739727,170961.0,126185.49999999994
23064616,Upper West Manhattan Luxurious Master Bedroom 5C,Manhattan,Harlem,40.82343,-73.95469,989.0,5.0,4.0,0.3506849315068493,126592.0,126097.49999999997
14472485,Private Room for 1 with Balcony! (004),Staten Island,Concord,40.60732,-74.08709,714.0,5.0,36.0,0.21643835616438356,56406.0,126020.99999999997
46044163,Private Room for 1 with Balcony! (004),Staten Island,Concord,40.60732,-74.08709,714.0,5.0,36.0,0.21643835616438356,56406.0,126020.99999999997
56135788,Boerum Hill Charming Studio,Brooklyn,Boerum Hill,40.68898,-73.98751,785.0,5.0,127.0,0.2602739726027397,74575.0,125992.5
43475415,Boerum Hill Charming Studio,Brooklyn,Boerum Hill,40.68898,-73.98751,785.0,5.0,127.0,0.2602739726027397,74575.0,125992.5
11903738,Boerum Hill Charming Studio,Brooklyn,Boerum Hill,40.68898,-73.98751,785.0,5.0,127.0,0.2602739726027397,74575.0,125992.5
50466429,Boerum Hill Charming Studio,Brooklyn,Boerum Hill,40.68898,-73.98751,785.0,5.0,127.0,0.2602739726027397,74575.0,125992.5
4502918,Flatbush Gardens II,Brooklyn,Flatbush,40.65039,-73.96393,831.0,5.0,37.0,0.28493150684931506,86424.0,125896.49999999997
13077376,"2BR/2BATH,CENTRALPARK,COLUMBIA,JACUZZI,FIREPLACE",Manhattan,Harlem,40.80063,-73.95223,578.0,5.0,3.0,0.10410958904109589,21964.0,125715.0
44649053,"2BR/2BATH,CENTRALPARK,COLUMBIA,JACUZZI,FIREPLACE",Manhattan,Harlem,40.80063,-73.95223,578.0,5.0,3.0,0.10410958904109589,21964.0,125715.0
51640066,"2BR/2BATH,CENTRALPARK,COLUMBIA,JACUZZI,FIREPLACE",Manhattan,Harlem,40.80063,-73.95223,578.0,5.0,3.0,0.10410958904109589,21964.0,125715.0
57309426,"2BR/2BATH,CENTRALPARK,COLUMBIA,JACUZZI,FIREPLACE",Manhattan,Harlem,40.80063,-73.95223,578.0,5.0,3.0,0.10410958904109589,21964.0,125715.0
37715479,Private Bedroom 1,Brooklyn,Clinton Hill,40.68578,-73.96458,492.0,5.0,58.0,0.0,0.0,125705.99999999999
5397092,Beautiful HUGE Studio.. 52ST 3AVE.,Manhattan,Midtown,40.75621,-73.96802,901.0,5.0,4.0,0.3178082191780822,104516.00000000001,125689.49999999996
5910178,Bright spacious 1BR on the park,Brooklyn,Prospect-Lefferts Gardens,40.66233,-73.9615,700.0,5.0,1.0,0.20821917808219179,53200.0,125649.99999999997
6210630,BROOKLYN HEIGHTS Luxury Harbor View,Brooklyn,Brooklyn Heights,40.6947,-73.99304,516.0,5.0,11.0,0.03287671232876712,6192.0,125646.0
27282532,Stylish and Comfortable 3 Bedrooms in Williamsburg,Brooklyn,Williamsburg,40.71115,-73.94371,869.0,5.0,1.0,0.3041095890410959,96459.00000000001,125570.49999999996
36358477,MESSAGE FOR BEST RATES | Stellar City Studio in Marriott Vacation Club Pulse New York City,Manhattan,Midtown,40.751297,-73.984818,501.0,5.0,1.0,0.0136986301369863,2505.0,125500.5
25436745,Emergency sleeping for backpacking or Couchsurfer,Manhattan,East Harlem,40.80084,-73.94514,505.0,5.0,9.0,0.019178082191780823,3535.0,125492.5
30990674,"Close to everything, transportation",Queens,Jamaica,40.69912,-73.78687,495.0,5.0,179.0,0.005479452054794521,990.0000000000001,125482.5
16829702,5 ★★★★★ Gorgeous suite only 1 block from subway!,Bronx,Williamsbridge,40.8785,-73.86347,579.0,5.0,90.0,0.10684931506849316,22581.0,125353.49999999997
31021603,Studio Deluxe,Brooklyn,Greenpoint,40.73263,-73.95918,838.0,5.0,16.0,0.29041095890410956,88828.0,125280.99999999997
52727545,TheBlueHouse. EntireHome. BabyGrand. FreeParking.,Brooklyn,Cypress Hills,40.68012,-73.89338,496.0,5.0,3.0,0.00821917808219178,1487.9999999999998,125240.0
17969649,TheBlueHouse. EntireHome. BabyGrand. FreeParking.,Brooklyn,Cypress Hills,40.68012,-73.89338,496.0,5.0,3.0,0.00821917808219178,1487.9999999999998,125240.0
41695352,TheBlueHouse. EntireHome. BabyGrand. FreeParking.,Brooklyn,Cypress Hills,40.68012,-73.89338,496.0,5.0,3.0,0.00821917808219178,1487.9999999999998,125240.0
30704582,Master bedroom in large apt minutes from Manhattan,Brooklyn,Bedford-Stuyvesant,40.6821,-73.91245,891.0,5.0,227.0,0.3150684931506849,102465.0,125185.49999999997
35815014,Holiday in Manhattan!  Great Views!,Manhattan,Inwood,40.86541,-73.92738,974.0,5.0,10.0,0.34794520547945207,123698.0,125158.99999999997
48022501,Queen bed w/ attached bathroom,Brooklyn,Bushwick,40.69177,-73.92509,657.0,5.0,2.0,0.1780821917808219,42705.0,125158.5
9459811,Queen bed w/ attached bathroom,Brooklyn,Bushwick,40.69177,-73.92509,657.0,5.0,2.0,0.1780821917808219,42705.0,125158.5
49524757,Nice Spot in Bushwick,Brooklyn,Bushwick,40.70318,-73.92609,650.0,5.0,64.0,0.1726027397260274,40950.0,125124.99999999997
10962067,Nice Spot in Bushwick,Brooklyn,Bushwick,40.70318,-73.92609,650.0,5.0,64.0,0.1726027397260274,40950.0,125124.99999999997
10148529,Lovely large bedroom in Brownstone (garden),Brooklyn,Bedford-Stuyvesant,40.68909,-73.94636,923.0,5.0,9.0,0.3287671232876712,110759.99999999999,125066.49999999999
48711219,Lovely large bedroom in Brownstone (garden),Brooklyn,Bedford-Stuyvesant,40.68909,-73.94636,923.0,5.0,9.0,0.3287671232876712,110759.99999999999,125066.49999999999
36825171,"Charming & Cozy Queen Private Bedroom, quiet sleep",Brooklyn,Cypress Hills,40.68446,-73.88134,630.0,5.0,4.0,0.15616438356164383,35910.0,125055.0
29541439,Charming Studio in a Great location,Manhattan,Chelsea,40.75398,-73.99982,1092.0,5.0,219.0,0.3863013698630137,153972.0,125034.0
2236279,Sunny+Cozy Double bedroom in BKLYN!,Brooklyn,East Flatbush,40.64851,-73.94667,501.0,5.0,356.0,0.01643835616438356,3006.0,124999.5
29135498,"Cozy, Cute apartment waiting for Nice Guest!",Brooklyn,Fort Hamilton,40.61466,-74.03348,533.0,5.0,77.0,0.057534246575342465,11193.0,124988.5
36100553,“Rustic Urban Cocktail Retreat”: Bright Air Cozy,Brooklyn,Bedford-Stuyvesant,40.68322,-73.95626,491.0,5.0,1.0,0.0027397260273972603,490.99999999999994,124959.5
9982286,Garden level studio w/backyard,Brooklyn,Flatlands,40.61529,-73.92567,511.0,5.0,125.0,0.030136986301369864,5621.0,124939.5
48544977,Garden level studio w/backyard,Brooklyn,Flatlands,40.61529,-73.92567,511.0,5.0,125.0,0.030136986301369864,5621.0,124939.5
27072105,WOODSIDE COMFORTABLE ROOM 15 MINUTES FROM THE CITY,Queens,Woodside,40.74833,-73.90827,489.0,5.0,1.0,0.0,0.0,124939.49999999999
29939095,15 min to NYC from a comfy and clean house.,Queens,Woodside,40.74456,-73.90574,564.0,5.0,62.0,0.09315068493150686,19176.0,124925.99999999997
34317177,Architectural Digest Featured Home with PARK VIEWS,Manhattan,Flatiron District,40.7419,-73.98887,1090.0,5.0,2.0,0.3863013698630137,153690.0,124805.0
55925914,ROOM Astoria 8 min to NWR train nice Neighborhood,Queens,Astoria,40.76538,-73.91168,500.0,5.0,2.0,0.01643835616438356,2999.9999999999995,124750.0
21168018,ROOM Astoria 8 min to NWR train nice Neighborhood,Queens,Astoria,40.76538,-73.91168,500.0,5.0,2.0,0.01643835616438356,2999.9999999999995,124750.0
6789992,Studio Apartment with King Bed,Brooklyn,Gowanus,40.67872,-73.98286,1080.0,5.0,171.0,0.3835616438356164,151200.0,124740.0
33336292,"Great New York Escape! Near Empire State Building, Dining Lounge, Soho Shopping!",Manhattan,Midtown,40.75187,-73.98424,492.0,5.0,1.0,0.005479452054794521,984.0,124721.99999999999
14122879,Luxury 2bedroom with loft/ 2 bath,Queens,Bayside,40.76143,-73.76937,1182.0,5.0,27.0,0.410958904109589,177299.99999999997,124701.00000000003
45694557,Luxury 2bedroom with loft/ 2 bath,Queens,Bayside,40.76143,-73.76937,1182.0,5.0,27.0,0.410958904109589,177299.99999999997,124701.00000000003
16609886,"Spacious, Bright 1 BR in Prime Midtown West",Manhattan,Chelsea,40.75172,-73.99784,845.0,5.0,38.0,0.2958904109589041,91260.0,124637.5
9899441,Greenwich village 1 bedroom - spacious!,Manhattan,SoHo,40.72625,-74.00199,1001.0,5.0,40.0,0.3589041095890411,131131.0,124624.49999999997
48462132,Greenwich village 1 bedroom - spacious!,Manhattan,SoHo,40.72625,-74.00199,1001.0,5.0,40.0,0.3589041095890411,131131.0,124624.49999999997
31959408,"Lga, Citi Field TV WiFi Office desk) rm A",Queens,East Elmhurst,40.76469,-73.87781,550.0,5.0,14.0,0.07945205479452055,15950.0,124575.0
25143474,Stunning Private Bedroom in Prime NYC/by Columbia!,Manhattan,Upper West Side,40.7999,-73.95962,609.0,5.0,1.0,0.13972602739726028,31059.000000000004,124540.49999999997
32518888,".Safe, cozy & minutes to NYC",Queens,Ditmars Steinway,40.77727,-73.91761,531.0,5.0,136.0,0.057534246575342465,11151.0,124519.5
8075194,PRIVATE STUDIO Central Park West,Manhattan,Upper West Side,40.78818,-73.96928,1042.0,5.0,30.0,0.3726027397260274,141712.0,124519.0
3636912,Fabulous Family Getaway,Brooklyn,Crown Heights,40.66911,-73.94824,912.0,5.0,153.0,0.32602739726027397,108528.0,124488.0
35658161,Luxury (Sky blue)  3 BED Apartment,Queens,Ozone Park,40.68435,-73.85178,489.0,5.0,8.0,0.0027397260273972603,489.0,124450.49999999999
47320528,Roomy bedroom in Spacious Chelsea Loft!,Manhattan,Chelsea,40.74337,-73.99362,756.0,5.0,19.0,0.2493150684931507,68796.0,124361.99999999997
15748851,Roomy bedroom in Spacious Chelsea Loft!,Manhattan,Chelsea,40.74337,-73.99362,756.0,5.0,19.0,0.2493150684931507,68796.0,124361.99999999997
39857298,Astoria awesome balcony apartment PARKING AVAILABL,Queens,Astoria,40.76295,-73.92652,649.0,5.0,58.0,0.17534246575342466,41536.0,124283.49999999997
34900405,Deluxe Queen Suite,Manhattan,Hell's Kitchen,40.7622,-73.98668,804.0,5.0,1.0,0.27671232876712326,81203.99999999999,124217.99999999999
36732937,Rhonda's bed and breakfast,Brooklyn,Bedford-Stuyvesant,40.69054,-73.94501,755.0,5.0,26.0,0.2493150684931507,68705.0,124197.5
47271373,Nice NYC Apartment 20 minutes' away from Manhattan,Queens,Sunnyside,40.74351,-73.92577,510.0,5.0,1.0,0.03287671232876712,6120.0,124185.0
15699696,Nice NYC Apartment 20 minutes' away from Manhattan,Queens,Sunnyside,40.74351,-73.92577,510.0,5.0,1.0,0.03287671232876712,6120.0,124185.0
31671660,One station from Manhattan Bedford,Brooklyn,Williamsburg,40.71609,-73.96133,645.0,5.0,62.0,0.1726027397260274,40635.0,124162.49999999997
49225411,Sunny room in Williamsburg with view of Manhattan,Brooklyn,Williamsburg,40.70854,-73.96242,836.0,5.0,122.0,0.29315068493150687,89452.0,124145.99999999997
10662720,Sunny room in Williamsburg with view of Manhattan,Brooklyn,Williamsburg,40.70854,-73.96242,836.0,5.0,122.0,0.29315068493150687,89452.0,124145.99999999997
33429631,Bright Brooklyn garden apartment!,Brooklyn,Bedford-Stuyvesant,40.68413,-73.94266,966.0,5.0,247.0,0.34794520547945207,122682.00000000001,124130.99999999996
22123497,Designer Downtown Loft,Manhattan,East Village,40.73298,-73.98768,1030.0,5.0,6.0,0.3698630136986301,139050.0,124115.0
29567397,4mins to Manhattan Bound 7train; 10mins to LGA,Queens,Jackson Heights,40.75141,-73.87479,499.0,5.0,60.0,0.019178082191780823,3493.0000000000005,124001.49999999999
32063793,Comfy New Bedroom near D line Fort Hamilton PKWY,Brooklyn,Borough Park,40.64289,-73.99591,723.0,5.0,37.0,0.23013698630136986,60732.0,123994.5
52050425,"Private room in Queens, Ny # 1",Queens,Glendale,40.70099,-73.89034,1164.0,5.0,101.0,0.40821917808219177,173436.0,123966.0
17292529,"Private room in Queens, Ny # 1",Queens,Glendale,40.70099,-73.89034,1164.0,5.0,101.0,0.40821917808219177,173436.0,123966.0
32070973,DSB 9. DOUBLE SHARED BATHROOM.,Manhattan,Gramercy,40.73415,-73.98355,594.0,5.0,3.0,0.12876712328767123,27917.999999999996,123848.99999999997
23009386,2 Bedrooms with Harbor View,Staten Island,Stapleton,40.63448,-74.07837,633.0,5.0,26.0,0.1643835616438356,37980.0,123751.5
19663001,Private 3D Room in 4BR/2BA APT in Hell's Kitchen,Manhattan,Hell's Kitchen,40.75955,-73.99022,941.0,5.0,67.0,0.33972602739726027,116684.00000000001,123741.49999999996
54420897,Private 3D Room in 4BR/2BA APT in Hell's Kitchen,Manhattan,Hell's Kitchen,40.75955,-73.99022,941.0,5.0,67.0,0.33972602739726027,116684.00000000001,123741.49999999996
26882114,"1 bedroom, shared apartment/living.",Bronx,Van Nest,40.8455,-73.86217,532.0,5.0,1.0,0.06301369863013699,12236.0,123690.0
34337059,Authentic NYC Living 2,Brooklyn,Bedford-Stuyvesant,40.68392,-73.92733,756.0,5.0,104.0,0.25205479452054796,69552.0,123605.99999999997
34362465,Cozy & Modern Studio | Central Park,Manhattan,Upper East Side,40.77073,-73.95683,867.0,5.0,18.0,0.3095890410958904,97971.0,123547.5
40822718,Cozy artsy space in Brooklyn,Brooklyn,Crown Heights,40.67082,-73.9278,613.0,5.0,39.0,0.14794520547945206,33102.0,123519.5
33802433,Close  to everywhere  in NYC !,Queens,Astoria,40.75601,-73.91337,520.0,5.0,77.0,0.049315068493150684,9360.0,123500.0
30880766,Cute Studio in Central of Midtown,Manhattan,Midtown,40.74772,-73.98682,648.0,5.0,89.0,0.1780821917808219,42119.99999999999,123444.0
30996197,Large & Unique multi Rooms Loft close to all,Brooklyn,Prospect Heights,40.67883,-73.96814,860.0,5.0,83.0,0.30684931506849317,96320.0,123410.0
34609343,Cozy & Relaxing LLC,Brooklyn,East New York,40.66852,-73.87476,483.0,5.0,2.0,0.0,0.0,123406.49999999999
26534717,"Closed to any kind of restaurant, mall",Queens,Rego Park,40.73213,-73.85717,483.0,5.0,1.0,0.0,0.0,123406.49999999999
19101312,"Charming Neighborhood, Charming Studio to Share",Manhattan,Upper West Side,40.78099,-73.97933,557.0,5.0,13.0,0.09315068493150686,18938.0,123375.5
53859208,"Charming Neighborhood, Charming Studio to Share",Manhattan,Upper West Side,40.78099,-73.97933,557.0,5.0,13.0,0.09315068493150686,18938.0,123375.5
31182874,Sweet Historic Greenpoint Duplex,Brooklyn,Greenpoint,40.72741,-73.95466,732.0,5.0,302.0,0.23835616438356164,63684.0,123342.0
5893057,Family getaway with amazing roof.,Brooklyn,Greenpoint,40.72278,-73.94478,1015.0,5.0,8.0,0.36712328767123287,136010.0,123322.5
36541289,"Hotel 48 Lex, Premier King Salon",Manhattan,Midtown,40.75123,-73.96914,609.0,5.0,9.0,0.14520547945205478,32276.999999999996,123322.49999999997
37999913,Shared Triple Room in Serviced Coliving,Brooklyn,Bedford-Stuyvesant,40.68187,-73.94411,687.0,5.0,1.0,0.20821917808219179,52212.0,123316.5
22198610,The Lover´s Apartment in Midtown Manhattan,Manhattan,Midtown,40.74779,-73.98859,603.0,5.0,9.0,0.13972602739726028,30753.0,123313.5
25126352,Private 2A Room in 4BR/2BA APT in Hell's Kitchen,Manhattan,Hell's Kitchen,40.76037,-73.99171,768.0,5.0,10.0,0.2602739726027397,72960.0,123263.99999999997
2133551,IDEAL AREA!Reviews! LARGE btfl room,Brooklyn,Prospect Heights,40.67852,-73.97008,808.0,5.0,73.0,0.2821917808219178,83224.0,123219.99999999997
22472551,Bed in a shared male room,Brooklyn,Bedford-Stuyvesant,40.69218,-73.9439,1076.0,5.0,14.0,0.3863013698630137,151716.0,123202.0
21871096,Private Apt Manhattan Upper East 12min CentralPark,Manhattan,East Harlem,40.79074,-73.94276,758.0,5.0,31.0,0.2547945205479452,70494.0,123175.0
8153069,"Beautiful , Peaceful , Paradise",Brooklyn,Bedford-Stuyvesant,40.68777,-73.94793,909.0,5.0,35.0,0.3287671232876712,109079.99999999999,123169.49999999999
11717613,Cozy room in Sunnyside Gardens (near Manhattan),Queens,Sunnyside,40.74693,-73.91896,482.0,5.0,9.0,0.0,0.0,123150.99999999999
43289290,Cozy room in Sunnyside Gardens (near Manhattan),Queens,Sunnyside,40.74693,-73.91896,482.0,5.0,9.0,0.0,0.0,123150.99999999999
50280304,Cozy room in Sunnyside Gardens (near Manhattan),Queens,Sunnyside,40.74693,-73.91896,482.0,5.0,9.0,0.0,0.0,123150.99999999999
4078752,Cozy Chic Uptown Home,Manhattan,Harlem,40.8242,-73.93789,1005.0,5.0,1.0,0.3643835616438356,133665.0,123112.5
46146338,Great location-Close to metro in cool neighborhood,Brooklyn,Bushwick,40.70152,-73.91148,527.0,5.0,16.0,0.06027397260273973,11594.0,123054.5
14574661,Great location-Close to metro in cool neighborhood,Brooklyn,Bushwick,40.70152,-73.91148,527.0,5.0,16.0,0.06027397260273973,11594.0,123054.5
56544490,AWESOME CHARMING ROOM C WITH ROOF DECK ACCESS :),Brooklyn,Clinton Hill,40.69307,-73.96183,553.0,5.0,13.0,0.09041095890410959,18249.0,123042.5
12312440,AWESOME CHARMING ROOM C WITH ROOF DECK ACCESS :),Brooklyn,Clinton Hill,40.69307,-73.96183,553.0,5.0,13.0,0.09041095890410959,18249.0,123042.5
50875131,AWESOME CHARMING ROOM C WITH ROOF DECK ACCESS :),Brooklyn,Clinton Hill,40.69307,-73.96183,553.0,5.0,13.0,0.09041095890410959,18249.0,123042.5
43884117,AWESOME CHARMING ROOM C WITH ROOF DECK ACCESS :),Brooklyn,Clinton Hill,40.69307,-73.96183,553.0,5.0,13.0,0.09041095890410959,18249.0,123042.5
4437194,Cozy One Bedroom in Williamsburg!,Brooklyn,Williamsburg,40.71901,-73.95618,495.0,5.0,3.0,0.019178082191780823,3465.0,123007.5
30425671,JFK Private Bedroom/Bathroom Room #2,Queens,Jamaica,40.66862,-73.78285,495.0,5.0,222.0,0.019178082191780823,3465.0,123007.5
28825658,"Family-friendly, Beautiful Private Space",Brooklyn,Flatbush,40.63067,-73.95662,674.0,5.0,14.0,0.2,49202.00000000001,123004.99999999997
54435809,Gourgeous room in Brooklyn,Brooklyn,Clinton Hill,40.6853,-73.96385,481.0,5.0,31.0,0.0,0.0,122895.5
19677913,Gourgeous room in Brooklyn,Brooklyn,Clinton Hill,40.6853,-73.96385,481.0,5.0,31.0,0.0,0.0,122895.5
46872613,SUPER LUXURY FOR 2 IN FINANCIAL DISTRICT,Manhattan,Financial District,40.70866,-74.01385,565.0,5.0,1.0,0.10410958904109589,21470.0,122887.5
15300935,SUPER LUXURY FOR 2 IN FINANCIAL DISTRICT,Manhattan,Financial District,40.70866,-74.01385,565.0,5.0,1.0,0.10410958904109589,21470.0,122887.5
33841094,Historic Brownstone Garden Studio Room,Brooklyn,Bedford-Stuyvesant,40.6845,-73.94385,528.0,5.0,32.0,0.06301369863013699,12144.000000000002,122760.0
33525731,Two Bedrooms Tonhouse,Manhattan,Harlem,40.80663,-73.94609,521.0,5.0,86.0,0.0547945205479452,10420.0,122695.5
38657702,Garden Apartment on Prettiest Street in NYC,Manhattan,Washington Heights,40.83495,-73.94018,769.0,5.0,70.0,0.26301369863013696,73823.99999999999,122655.49999999999
16188481,Great shared apartm in the heart of Bushwick,Brooklyn,Bushwick,40.69168,-73.9132,715.0,5.0,5.0,0.23013698630136986,60060.00000000001,122622.49999999997
27376975,Private Bedroom en-suite Bathroom - Manhattan,Manhattan,Harlem,40.81561,-73.94823,837.0,5.0,1.0,0.29863013698630136,91233.0,122620.5
35934863,"Staypineapple New York, Celebrity King",Manhattan,Hell's Kitchen,40.75436,-73.99391,501.0,5.0,32.0,0.030136986301369864,5511.0,122494.5
2084949,Large Room in Garden Duplex,Brooklyn,Park Slope,40.67422,-73.98097,548.0,5.0,11.0,0.08767123287671233,17536.0,122478.0
36199967,Cozy and modern 2BR in Murray Hill,Manhattan,Murray Hill,40.74456,-73.97186,483.0,5.0,1.0,0.005479452054794521,966.0,122440.49999999999
48132961,Ft Green Sunlit 1 Bedroom Apartment,Brooklyn,Fort Greene,40.68521,-73.97131,1060.0,5.0,68.0,0.3835616438356164,148400.0,122430.0
9570271,Ft Green Sunlit 1 Bedroom Apartment,Brooklyn,Fort Greene,40.68521,-73.97131,1060.0,5.0,68.0,0.3835616438356164,148400.0,122430.0
24519927,A Sweet Garden Suite  in a Brooklyn Mansion,Brooklyn,Crown Heights,40.67387,-73.9424,871.0,5.0,5.0,0.3150684931506849,100164.99999999999,122375.49999999999
42528773,A Sweet Garden Suite  in a Brooklyn Mansion,Brooklyn,Crown Heights,40.67387,-73.9424,871.0,5.0,5.0,0.3150684931506849,100164.99999999999,122375.49999999999
35146731,Stunning 1Bed in prime location in Chelsea.Balcony,Manhattan,Chelsea,40.7426,-73.99759,813.0,5.0,2.0,0.2876712328767123,85364.99999999999,122356.49999999999
34745209,Tranquility On Riverside,Manhattan,Harlem,40.82338,-73.95462,533.0,5.0,18.0,0.07123287671232877,13858.0,122323.5
36223164,BIG ROOM ON THE UPPER WEST SIDE,Manhattan,Upper West Side,40.79933,-73.97017,515.0,5.0,6.0,0.049315068493150684,9270.0,122312.5
36054712,Top floor 1 bedroom soho/nolita,Manhattan,SoHo,40.72169,-73.99741,635.0,5.0,81.0,0.1726027397260274,40005.00000000001,122237.5
29714308,Large luxury private room in Williamsburg!,Brooklyn,Williamsburg,40.71297391,-73.94773542,508.0,5.0,2.0,0.0410958904109589,7620.0,122173.99999999999
28584855,Garden level studio w/backyard,Brooklyn,Flatlands,40.61521,-73.92352,603.0,5.0,177.0,0.14520547945205478,31959.0,122107.5
45685720,"Spacious APT in Brooklyn, 12 Min to Manhattan",Brooklyn,Bushwick,40.70376,-73.92104,875.0,5.0,22.0,0.3178082191780822,101500.0,122062.5
14114043,"Spacious APT in Brooklyn, 12 Min to Manhattan",Brooklyn,Bushwick,40.70376,-73.92104,875.0,5.0,22.0,0.3178082191780822,101500.0,122062.5
11519337,Guest bedroom off of 30th ave,Queens,Astoria,40.7656,-73.92293,551.0,5.0,43.0,0.09315068493150686,18734.0,122046.5
43091014,Guest bedroom off of 30th ave,Queens,Astoria,40.7656,-73.92293,551.0,5.0,43.0,0.09315068493150686,18734.0,122046.5
50082028,Guest bedroom off of 30th ave,Queens,Astoria,40.7656,-73.92293,551.0,5.0,43.0,0.09315068493150686,18734.0,122046.5
4652039,"Private Studio On Roof, Private bath + Deck",Brooklyn,Bushwick,40.69437,-73.92607,751.0,5.0,107.0,0.2547945205479452,69843.0,122037.49999999997
45540465,cool three bedroom on 111th street,Manhattan,East Harlem,40.79475,-73.94247,921.0,5.0,67.0,0.336986301369863,113283.0,122032.49999999997
13968788,cool three bedroom on 111th street,Manhattan,East Harlem,40.79475,-73.94247,921.0,5.0,67.0,0.336986301369863,113283.0,122032.49999999997
30794607,Lovely one bedroom condo in Queens,Queens,Astoria,40.76866,-73.92491,548.0,5.0,14.0,0.09041095890410959,18084.0,121930.0
8598223,Spacious 2 Bedroom Lower East Side,Manhattan,Chinatown,40.71288,-73.9974,927.0,5.0,167.0,0.33972602739726027,114948.0,121900.5
16488933,house on the hill with free parking in NYC!,Staten Island,St. George,40.64537,-74.08381,538.0,5.0,77.0,0.07945205479452055,15602.000000000002,121857.0
7668149,Great Big Room near Prospect Park,Brooklyn,Prospect-Lefferts Gardens,40.65822,-73.95439,740.0,5.0,14.0,0.2493150684931507,67340.0,121730.0
32179223,Modern Studio | Upscale | Kitchen + W/D | Midtown,Manhattan,Hell's Kitchen,40.76057,-73.99892,508.0,5.0,3.0,0.043835616438356165,8128.0,121665.99999999999
7800149,Apartment in Stuy Town,Manhattan,Stuyvesant Town,40.73288,-73.97984,1153.0,5.0,1.0,0.410958904109589,172949.99999999997,121641.49999999997
29862325,LOVELY 2 BEDROOMS IN THE HEART OF NEW YORK CITY!,Manhattan,Hell's Kitchen,40.765121,-73.994194,918.0,5.0,9.0,0.336986301369863,112914.00000000001,121634.99999999996
5033678,Private room in 2/bed doorman condo,Queens,Corona,40.73886,-73.85147,969.0,5.0,69.0,0.3561643835616438,125969.99999999999,121609.49999999999
15904599,L.A.J Laughter & Joy Rest  Spot. Room # 3,Brooklyn,Prospect-Lefferts Gardens,40.66066,-73.94409,489.0,5.0,24.0,0.019178082191780823,3423.0000000000005,121516.49999999999
11629245,Wyndham Studio Condo with Kitchen SPECIAL TODAY!,Manhattan,Midtown,40.75175,-73.97218,475.0,5.0,8.0,0.0,0.0,121362.5
50191936,Wyndham Studio Condo with Kitchen SPECIAL TODAY!,Manhattan,Midtown,40.75175,-73.97218,475.0,5.0,8.0,0.0,0.0,121362.5
43200922,Wyndham Studio Condo with Kitchen SPECIAL TODAY!,Manhattan,Midtown,40.75175,-73.97218,475.0,5.0,8.0,0.0,0.0,121362.5
30456047,Sonder Flatiron | Queen Room+,Manhattan,Flatiron District,40.74295,-73.99012,496.0,5.0,13.0,0.030136986301369864,5456.0,121272.0
32221198,Brooklyn's Best- Sunny & Spacious Brownstone Apt,Brooklyn,Fort Greene,40.68916,-73.97762,687.0,5.0,14.0,0.21643835616438356,54273.0,121255.5
32128412,HALSEY HAVEN,Brooklyn,Bedford-Stuyvesant,40.68442,-73.92329,765.0,5.0,74.0,0.26575342465753427,74205.0,121252.5
34755151,"Cozy Room near RUMC (2nd floor, Room 3)",Staten Island,Randall Manor,40.63491,-74.11408,519.0,5.0,1.0,0.06027397260273973,11418.0,121186.49999999997
3300561,Bright spacious 3bd; near subways and bus,Manhattan,Washington Heights,40.84203,-73.93985,528.0,5.0,24.0,0.07123287671232877,13728.0,121176.0
38763744,Nice  room midtown Manhattan 6rs,Manhattan,Hell's Kitchen,40.76506,-73.98567,1049.0,5.0,6.0,0.3835616438356164,146860.0,121159.5
15723997,"Room with lots of light, washer/dryer, free yoga",Brooklyn,East New York,40.66756,-73.88704,542.0,5.0,6.0,0.08767123287671233,17344.0,121137.0
47295674,"Room with lots of light, washer/dryer, free yoga",Brooklyn,East New York,40.66756,-73.88704,542.0,5.0,6.0,0.08767123287671233,17344.0,121137.0
42239920,"Newest,sunny,room with separate entrance & balcony",Brooklyn,Brighton Beach,40.57921,-73.96419,1076.0,5.0,18.0,0.3917808219178082,153868.0,121050.0
24231074,"Newest,sunny,room with separate entrance & balcony",Brooklyn,Brighton Beach,40.57921,-73.96419,1076.0,5.0,18.0,0.3917808219178082,153868.0,121050.0
54260177,Twin suites of Prospect Lefferts Garden- Brooklyn,Brooklyn,Prospect-Lefferts Gardens,40.66113,-73.95231,768.0,5.0,6.0,0.2684931506849315,75264.0,120959.99999999997
19502281,Twin suites of Prospect Lefferts Garden- Brooklyn,Brooklyn,Prospect-Lefferts Gardens,40.66113,-73.95231,768.0,5.0,6.0,0.2684931506849315,75264.0,120959.99999999997
3529765,Bright & Sunny FULLY FURNISHED Room,Queens,Forest Hills,40.73381,-73.85366,847.0,5.0,2.0,0.3095890410958904,95711.0,120697.5
29360836,"Beautiful,  quite residential 3 bedroom house.",Queens,Queens Village,40.7058,-73.73557,540.0,5.0,2.0,0.08767123287671233,17280.0,120690.0
25879137,NEW Sunny Light filled 1BR Apartment in Brooklyn!,Brooklyn,Bedford-Stuyvesant,40.69241,-73.95793,761.0,5.0,3.0,0.26575342465753427,73817.00000000001,120618.49999999996
3760075,Gorgeous Bedroom by the Park,Brooklyn,Prospect-Lefferts Gardens,40.65598,-73.95512,679.0,5.0,12.0,0.2136986301369863,52962.0,120522.49999999997
41113780,Couples' Nest.,Brooklyn,Cypress Hills,40.68537,-73.8775,821.0,5.0,160.0,0.29863013698630136,89489.0,120276.49999999997
32994970,"Bright, beautiful 1 bed apt near the waterfront!",Brooklyn,Williamsburg,40.71686,-73.96165,670.0,5.0,4.0,0.20821917808219179,50920.00000000001,120264.99999999997
1542590,Designer studio in Luxury Building,Manhattan,Financial District,40.70621,-74.01525,504.0,5.0,27.0,0.04657534246575343,8568.0,120203.99999999999
4038986,Located at the heart of Manhattan,Manhattan,Roosevelt Island,40.75592,-73.95515,735.0,5.0,31.0,0.25205479452054796,67620.00000000001,120172.49999999999
2289852,ART HOUSE BIGGIE SMALL,Brooklyn,Bedford-Stuyvesant,40.68312,-73.94082,616.0,5.0,66.0,0.16712328767123288,37576.0,119812.0
21776653,"TIME SQUARE” 43rd street
Private room on 1st floor",Manhattan,Hell's Kitchen,40.75938,-73.98986,690.0,5.0,61.0,0.22465753424657534,56580.0,119714.99999999997
3444711,Old World Garden Apartment,Brooklyn,East Flatbush,40.65262,-73.94867,1063.0,5.0,43.0,0.3917808219178082,152009.0,119587.49999999994
22858056,61st and 2nd ave apt C Manhattan clean safe,Manhattan,Midtown,40.75158,-73.97151,468.0,5.0,2.0,0.0,0.0,119573.99999999999
30689118,"Studio Space, 10 minutes to Central Park and river",Manhattan,Upper West Side,40.79055552,-73.980857,599.0,5.0,81.0,0.15342465753424658,33544.0,119500.49999999997
9976763,1 Bedroom in Quiet Hamilton Heights Neighborhood.,Manhattan,Harlem,40.82828,-73.94264,709.0,5.0,3.0,0.23835616438356164,61683.0,119466.49999999997
48539454,1 Bedroom in Quiet Hamilton Heights Neighborhood.,Manhattan,Harlem,40.82828,-73.94264,709.0,5.0,3.0,0.23835616438356164,61683.0,119466.49999999997
3945647,West Village apt - 2 Bedroom,Manhattan,West Village,40.73123,-74.00428,843.0,5.0,1.0,0.31232876712328766,96102.0,119284.49999999997
33744994,Loft Suite,Brooklyn,Greenpoint,40.73756,-73.9535,893.0,5.0,43.0,0.33424657534246577,108946.00000000001,119215.49999999996
6613256,"Home 4 Medical Professionals - The ""Noxious""",Brooklyn,Bushwick,40.70619,-73.9191,538.0,5.0,3.0,0.09315068493150686,18292.0,119167.0
2357233,SUNNY AND COZY BEDROOM IN BROOKLYN!,Brooklyn,Crown Heights,40.67322,-73.95847,489.0,5.0,1.0,0.03287671232876712,5868.0,119071.49999999999
4718867,1BR apartment in the heart of SoHo,Manhattan,Greenwich Village,40.72812,-73.99983,495.0,5.0,11.0,0.0410958904109589,7424.999999999999,119047.5
49651786,Charming Private Astoria Apt. 15 Min To Manhattan!,Queens,Astoria,40.75868,-73.92615,818.0,5.0,128.0,0.3013698630136986,89980.0,119018.99999999997
11089096,Charming Private Astoria Apt. 15 Min To Manhattan!,Queens,Astoria,40.75868,-73.92615,818.0,5.0,128.0,0.3013698630136986,89980.0,119018.99999999997
34502197,XL 3 Bedroom NYC Apartment PRIME Location,Manhattan,Hell's Kitchen,40.75539,-73.99676,1057.0,5.0,2.0,0.3917808219178082,151151.0,118912.5
33465530,Missy Room,Brooklyn,Clinton Hill,40.69448,-73.96404,520.0,5.0,66.0,0.07397260273972603,14040.0,118820.0
19941360,Wicked Chill Artist Space!,Manhattan,Washington Heights,40.85045,-73.93493,480.0,5.0,20.0,0.021917808219178082,3840.0,118800.0
54699256,Wicked Chill Artist Space!,Manhattan,Washington Heights,40.85045,-73.93493,480.0,5.0,20.0,0.021917808219178082,3840.0,118800.0
29665706,Studio in Williamsburg⋆Kitchen⋆Private Garden,Brooklyn,Williamsburg,40.7117,-73.94262,731.0,5.0,80.0,0.2547945205479452,67983.0,118787.5
31643492,CHARMING PRIVATE ROOM- BY 3 METROS- WILLIAMSBURG,Brooklyn,Williamsburg,40.70973,-73.94221,513.0,5.0,34.0,0.06575342465753424,12312.0,118759.49999999999
20630078,Big and lovely apartment in Sunnyside NYC,Queens,Sunnyside,40.73707,-73.91867,910.0,5.0,14.0,0.3424657534246575,113750.0,118755.0
55387974,Big and lovely apartment in Sunnyside NYC,Queens,Sunnyside,40.73707,-73.91867,910.0,5.0,14.0,0.3424657534246575,113750.0,118755.0
36474460,Spacious 2 Bed on Park Avenue w/ W/D and Gym #6110,Manhattan,Murray Hill,40.74882,-73.98012,595.0,5.0,5.0,0.15342465753424658,33320.0,118702.5
7565422,Entire home-- Brownstone Brooklyn,Brooklyn,Carroll Gardens,40.68152,-73.99518,768.0,5.0,4.0,0.27671232876712326,77567.99999999999,118655.99999999999
18965446,"UPPER WEST SIDE,GREAT VALUE STUDIO APT",Manhattan,Upper West Side,40.78575,-73.97429,763.0,5.0,15.0,0.273972602739726,76300.0,118646.5
53723342,"UPPER WEST SIDE,GREAT VALUE STUDIO APT",Manhattan,Upper West Side,40.78575,-73.97429,763.0,5.0,15.0,0.273972602739726,76300.0,118646.5
36376703,"Serene, modern artist studio in East Williamsburg.",Brooklyn,Williamsburg,40.70758,-73.94086,821.0,5.0,1.0,0.3041095890410959,91131.00000000001,118634.49999999996
52889369,Experience Brownstone Living in Brooklyn!,Brooklyn,Bedford-Stuyvesant,40.68967,-73.9366,479.0,5.0,20.0,0.021917808219178082,3832.0,118552.49999999999
18131473,Experience Brownstone Living in Brooklyn!,Brooklyn,Bedford-Stuyvesant,40.68967,-73.9366,479.0,5.0,20.0,0.021917808219178082,3832.0,118552.49999999999
43427917,Wyndham Midtown Condo with Full Kitchen SPECIAL!,Manhattan,Midtown,40.75365,-73.97151,464.0,5.0,8.0,0.0,0.0,118551.99999999999
50418931,Wyndham Midtown Condo with Full Kitchen SPECIAL!,Manhattan,Midtown,40.75365,-73.97151,464.0,5.0,8.0,0.0,0.0,118551.99999999999
11856240,Wyndham Midtown Condo with Full Kitchen SPECIAL!,Manhattan,Midtown,40.75365,-73.97151,464.0,5.0,8.0,0.0,0.0,118551.99999999999
56088290,Wyndham Midtown Condo with Full Kitchen SPECIAL!,Manhattan,Midtown,40.75365,-73.97151,464.0,5.0,8.0,0.0,0.0,118551.99999999999
30963059,Lovely 3BR Loft Mins to PENN STN! Best Location!,Manhattan,Chelsea,40.74781,-73.99656,528.0,5.0,1.0,0.08493150684931507,16368.0,118536.0
15730625,Updated 1 Bedroom Best Location Modern Finishes,Manhattan,Upper East Side,40.7717,-73.96116,499.0,5.0,5.0,0.049315068493150684,8982.0,118512.49999999999
47302302,Updated 1 Bedroom Best Location Modern Finishes,Manhattan,Upper East Side,40.7717,-73.96116,499.0,5.0,5.0,0.049315068493150684,8982.0,118512.49999999999
7528417,Large Sunny Room in West Harlem,Manhattan,Harlem,40.82411,-73.94404,820.0,5.0,2.0,0.3041095890410959,91020.0,118490.0
21527566,Beautiful two bedrooms in front of the park,Brooklyn,Prospect-Lefferts Gardens,40.66108,-73.96153,1082.0,5.0,1.0,0.4,157972.0,118479.0
17282588,HUGE SOHO 3 BR LOFT★★★★★LES/FULL FLOOR ★★★★★,Manhattan,Lower East Side,40.72015,-73.98376,880.0,5.0,37.0,0.3315068493150685,106480.0,118360.0
52040484,HUGE SOHO 3 BR LOFT★★★★★LES/FULL FLOOR ★★★★★,Manhattan,Lower East Side,40.72015,-73.98376,880.0,5.0,37.0,0.3315068493150685,106480.0,118360.0
6052672,Sunny studio in the Upper East Side,Manhattan,Upper East Side,40.77138,-73.94809,492.0,5.0,2.0,0.0410958904109589,7379.999999999999,118325.99999999999
6052672,Sunny studio in the Upper East Side,Manhattan,Upper East Side,40.77138,-73.94809,492.0,5.0,2.0,0.0410958904109589,7379.999999999999,118325.99999999999
24479609,Sunny Bed-Stuy Apartment Next to Subway,Brooklyn,Bedford-Stuyvesant,40.68151,-73.94781,596.0,5.0,10.0,0.15616438356164383,33972.0,118306.0
42488455,Sunny Bed-Stuy Apartment Next to Subway,Brooklyn,Bedford-Stuyvesant,40.68151,-73.94781,596.0,5.0,10.0,0.15616438356164383,33972.0,118306.0
10205968,Charming apartment with parking in the heart of Qs,Queens,Kew Gardens Hills,40.73078,-73.82232,842.0,5.0,4.0,0.3150684931506849,96829.99999999999,118301.00000000001
48768658,Charming apartment with parking in the heart of Qs,Queens,Kew Gardens Hills,40.73078,-73.82232,842.0,5.0,4.0,0.3150684931506849,96829.99999999999,118301.00000000001
29195146,Steps from Forest Hills Tennis Stadium,Queens,Forest Hills,40.72,-73.85118,1132.0,5.0,34.0,0.4136986301369863,170932.0,118294.0
47827539,Spacious Harlem Brownstone apartment,Manhattan,Harlem,40.80678,-73.94976,476.0,5.0,130.0,0.019178082191780823,3332.0,118286.0
9264849,Spacious Harlem Brownstone apartment,Manhattan,Harlem,40.80678,-73.94976,476.0,5.0,130.0,0.019178082191780823,3332.0,118286.0
1943008,TIMES SQ/THEATRE DIST STUDIO,Manhattan,Hell's Kitchen,40.76078,-73.99076,608.0,5.0,276.0,0.16712328767123288,37088.0,118256.0
6206764,All Nations Home II-PVT br Queenbed,Brooklyn,Fort Hamilton,40.61985,-74.03255,770.0,5.0,56.0,0.27945205479452057,78540.00000000001,118194.99999999999
15982474,B) Comfy Full Bed Wifi near JFK Airport Subway,Queens,Jamaica,40.69938,-73.81304,989.0,5.0,119.0,0.3726027397260274,134504.0,118185.49999999997
7155615,Carroll Gardens Studio,Brooklyn,Carroll Gardens,40.6787,-73.99857,934.0,5.0,79.0,0.35342465753424657,120486.0,118150.99999999997
10383808,Cozy room near la Guardia airport.,Queens,Woodside,40.74428,-73.90898,972.0,5.0,18.0,0.36712328767123287,130248.0,118098.0
48946499,Cozy room near la Guardia airport.,Queens,Woodside,40.74428,-73.90898,972.0,5.0,18.0,0.36712328767123287,130248.0,118098.0
30309688,Bushwick 1 bedroom at a garden level near M and L,Brooklyn,Bushwick,40.6966,-73.91493,519.0,5.0,21.0,0.07671232876712329,14532.000000000002,118072.49999999997
32560310,New 1 Bedroom Apartment in Glendale Queens,Queens,Glendale,40.70438,-73.87307,558.0,5.0,23.0,0.12054794520547946,24552.0,118017.0
51971446,"Hamilton Heights Sunny Studio, Manhattan",Manhattan,Harlem,40.82788,-73.94441,918.0,5.0,111.0,0.34794520547945207,116586.0,117962.99999999997
17213550,"Hamilton Heights Sunny Studio, Manhattan",Manhattan,Harlem,40.82788,-73.94441,918.0,5.0,111.0,0.34794520547945207,116586.0,117962.99999999997
22779077,Beautiful Park Slope Designer Condo,Brooklyn,Park Slope,40.66519,-73.97793,833.0,5.0,1.0,0.31232876712328766,94961.99999999999,117869.49999999999
36027097,Large junior 1 bedroom  suite in Midtown Manhattan,Manhattan,Murray Hill,40.74926,-73.97643,463.0,5.0,3.0,0.0027397260273972603,463.0,117833.49999999999
6516052,FISHGRALA - Bedroom & Private Bathroom + Backyard,Brooklyn,Red Hook,40.67894,-74.0128,476.0,5.0,128.0,0.021917808219178082,3808.0,117810.0
34813694,Spacious rooms in heart of third avenue in bronx.,Bronx,Melrose,40.81838,-73.91584,461.0,5.0,1.0,0.0,0.0,117785.5
8278441,Walk to the American Museum of Natural History,Manhattan,Upper West Side,40.78469,-73.9738,1056.0,5.0,119.0,0.39452054794520547,152064.0,117744.0
16861735,New place near D line easy to get to Manhattan,Brooklyn,Borough Park,40.64212,-73.9973,593.0,5.0,27.0,0.15616438356164383,33801.0,117710.5
34694950,Whole apartment (home away from home),Manhattan,Kips Bay,40.74398,-73.97586,663.0,5.0,21.0,0.2136986301369863,51714.00000000001,117682.5
39483391,small private bedroom female only,Manhattan,Kips Bay,40.74166,-73.97811,564.0,5.0,39.0,0.12876712328767123,26508.0,117593.99999999997
35042899,"Astoria close to JFK,Laguardia airport, Manhattan",Queens,Astoria,40.76329,-73.90842,477.0,5.0,191.0,0.024657534246575342,4293.0,117580.49999999999
39193986,Exclusive Room @ Times SQ West 48th Boutique Hotel,Manhattan,Theater District,40.75946,-73.98518,462.0,5.0,1.0,0.0027397260273972603,461.99999999999994,117578.99999999999
46167325,Spacious Clean Studio  Apartment,Queens,Rosedale,40.65766,-73.72838,519.0,5.0,57.0,0.07945205479452055,15051.000000000002,117553.49999999997
14595648,Spacious Clean Studio  Apartment,Queens,Rosedale,40.65766,-73.72838,519.0,5.0,57.0,0.07945205479452055,15051.000000000002,117553.49999999997
33868709,Prospect park Apartment,Brooklyn,Prospect-Lefferts Gardens,40.65481,-73.96181,740.0,5.0,5.0,0.26575342465753427,71780.0,117290.0
4412341,BELLA CASA-Pvt Rm-2 beds-Sleeps 4. Near Columbia!!,Manhattan,Harlem,40.82014,-73.95433,927.0,5.0,146.0,0.35342465753424657,119583.0,117265.5
4685177,Private Room in Hell's Kitchen NYC,Manhattan,Hell's Kitchen,40.75511,-73.99247,949.0,5.0,188.0,0.36164383561643837,125268.0,117201.49999999997
34568473,1-bedroom Brooklyn apartment on 2nd floor,Brooklyn,Gravesend,40.59482,-73.99023,590.0,5.0,1.0,0.15616438356164383,33630.0,117115.0
36010528,Room avail in Bowery neighborhood,Manhattan,Chinatown,40.71602,-73.99499,614.0,5.0,86.0,0.1780821917808219,39910.0,116966.99999999997
3622552,A Dream! Luxury 3 Bedroom Apt+Pking,Brooklyn,Sheepshead Bay,40.58527,-73.93534,724.0,5.0,8.0,0.25753424657534246,68056.0,116925.99999999997
7842124,Luxury Suite in Theater District - Midtown NYC,Manhattan,Midtown,40.76374,-73.98089,617.0,5.0,2.0,0.18082191780821918,40722.0,116921.5
23655577,Lovely Historic Garden Level Apartment,Brooklyn,Bedford-Stuyvesant,40.68436,-73.93564,1118.0,5.0,17.0,0.4136986301369863,168818.0,116830.99999999994
37721002,LUXURY CONDO WITH THE BEST AMENITIES IN NYC,Manhattan,Hell's Kitchen,40.76587,-73.99203,766.0,5.0,15.0,0.2821917808219178,78898.0,116814.99999999997
2875842,"Boutique Hip Hotel Feel, WiFi, NetFlix, Private",Manhattan,Harlem,40.81728,-73.94583,560.0,5.0,72.0,0.12876712328767123,26320.0,116760.0
51112620,Private Bathroom and Cozy Bedroom in Brooklyn,Brooklyn,East Flatbush,40.64638,-73.95065,868.0,5.0,30.0,0.3315068493150685,105028.00000000001,116745.99999999996
44121606,Private Bathroom and Cozy Bedroom in Brooklyn,Brooklyn,East Flatbush,40.64638,-73.95065,868.0,5.0,30.0,0.3315068493150685,105028.00000000001,116745.99999999996
12549929,Private Bathroom and Cozy Bedroom in Brooklyn,Brooklyn,East Flatbush,40.64638,-73.95065,868.0,5.0,30.0,0.3315068493150685,105028.00000000001,116745.99999999996
56781979,Private Bathroom and Cozy Bedroom in Brooklyn,Brooklyn,East Flatbush,40.64638,-73.95065,868.0,5.0,30.0,0.3315068493150685,105028.00000000001,116745.99999999996
2854303,STAYING IN MANHATTAN,Manhattan,Morningside Heights,40.80446,-73.96366,515.0,5.0,9.0,0.07945205479452055,14935.0,116647.5
29587279,Bright and Stylish Atelier in New York City,Manhattan,Kips Bay,40.7402,-73.982,848.0,5.0,19.0,0.3232876712328767,100064.0,116599.99999999997
35364337,National at 888 Sixth Avenue - One Bedroom,Manhattan,Midtown,40.74906,-73.98767,1044.0,5.0,1.0,0.39452054794520547,150336.0,116406.0
4944758,Metro Retreat  - - Harlem,Manhattan,Harlem,40.82153,-73.94651,652.0,5.0,194.0,0.21095890410958903,50204.0,116382.0
51192151,"Beautiful urban sanctuary in Park Slope, Brooklyn",Brooklyn,Park Slope,40.68057,-73.97722,550.0,5.0,3.0,0.12054794520547946,24200.000000000004,116325.0
56861510,"Beautiful urban sanctuary in Park Slope, Brooklyn",Brooklyn,Park Slope,40.68057,-73.97722,550.0,5.0,3.0,0.12054794520547946,24200.000000000004,116325.0
12629460,"Beautiful urban sanctuary in Park Slope, Brooklyn",Brooklyn,Park Slope,40.68057,-73.97722,550.0,5.0,3.0,0.12054794520547946,24200.000000000004,116325.0
36128721,Beautiful & modern 1 BR apartment in the UES,Manhattan,Upper East Side,40.76903,-73.95146,912.0,5.0,1.0,0.3506849315068493,116736.0,116280.0
25574820,"Private, Cozy Escape! Near all!",Staten Island,Midland Beach,40.57568,-74.09522,957.0,5.0,2.0,0.36712328767123287,128238.0,116275.5
33191037,PEACEFUL RENOVATED STUDIO,Manhattan,Harlem,40.81563,-73.94315,620.0,5.0,13.0,0.1863013698630137,42160.00000000001,116250.0
22423396,"Chic Chelsea Studio w/ Balcony, Gym + Doorman by Blueground",Manhattan,Chelsea,40.73934,-73.99737,926.0,5.0,1.0,0.3561643835616438,120380.0,116212.99999999997
33228041,Unique private room 10min to Midtown with fire-pit,Queens,Long Island City,40.75387,-73.93364,1081.0,5.0,2.0,0.4054794520547945,159988.0,116207.5
31980395,Home Sweet Harlem,Manhattan,Harlem,40.81242,-73.95292,757.0,5.0,11.0,0.27945205479452057,77214.00000000001,116199.49999999999
47882769,East Village- The location,Manhattan,East Village,40.73273,-73.98667,1061.0,5.0,36.0,0.4,154906.0,116179.5
9320079,East Village- The location,Manhattan,East Village,40.73273,-73.98667,1061.0,5.0,36.0,0.4,154906.0,116179.5
41204358,Bedroom In Midtown East,Manhattan,Upper East Side,40.76301,-73.96734,481.0,5.0,60.0,0.038356164383561646,6734.000000000001,116161.5
1005202,BlissArtsSpace!,Brooklyn,Bedford-Stuyvesant,40.68688,-73.95596,1060.0,5.0,49.0,0.4,154760.0,116070.0
27432205,Very Clean Private Room Near Buses & Restaurants!!,Queens,Woodhaven,40.69405,-73.86693,456.0,5.0,2.0,0.0027397260273972603,456.0,116052.0
37390726,Hotel Room King Bed Times Square,Manhattan,Midtown,40.75534,-73.97968,723.0,5.0,7.0,0.2602739726027397,68685.0,116041.5
38158423,Pristine Park Slope Private Room,Brooklyn,Gowanus,40.67128,-73.98909,714.0,5.0,1.0,0.2547945205479452,66402.0,116024.99999999997
5692572,Art filled Brooklyn Hideaway with private bathroom,Brooklyn,Bedford-Stuyvesant,40.6832,-73.95455,1040.0,5.0,131.0,0.39452054794520547,149760.0,115960.0
29780032,Convenient 1 Bedroom Apartment near many Commute,Queens,Flushing,40.75619,-73.80487,484.0,5.0,25.0,0.043835616438356165,7744.000000000001,115917.99999999999
3361866,Spacious Studio Loft in Brooklyn,Brooklyn,Greenpoint,40.7254,-73.94136,1175.0,5.0,3.0,0.4301369863013699,184475.0,115737.5
41051923,Monty,Brooklyn,East Flatbush,40.66383,-73.92706,900.0,5.0,7.0,0.34794520547945207,114300.00000000001,115649.99999999999
4280893,Large Sunlight House,Brooklyn,Flatlands,40.62677,-73.9326,571.0,5.0,17.0,0.14520547945205478,30263.0,115627.5
30283177,Freehand New York - King room,Manhattan,Flatiron District,40.73971,-73.98522,456.0,5.0,1.0,0.005479452054794521,912.0,115596.0
29336535,♥Charming & Stylish Oasis | 5★ Location | Parking,Staten Island,Port Richmond,40.63006,-74.13708,597.0,5.0,13.0,0.16986301369863013,37014.0,115519.5
6533173,Room in the heart of Williamsburg,Brooklyn,Williamsburg,40.71608,-73.95967,805.0,5.0,1.0,0.30684931506849317,90160.0,115517.5
22371480,Cozy Central Chelsea Studio w/ Balcony + Doorman by Blueground,Manhattan,Chelsea,40.73918,-73.99616,677.0,5.0,1.0,0.2328767123287671,57544.99999999999,115428.5
32991657,Self contained studio full Bath & Kitchenette,Bronx,Wakefield,40.89814,-73.84928,516.0,5.0,11.0,0.08767123287671233,16512.0,115326.0
29641957,"Deluxe 3 Bedroom, Brownstone Duplex",Brooklyn,Bedford-Stuyvesant,40.67886,-73.94063,714.0,5.0,87.0,0.25753424657534246,67116.0,115310.99999999997
33003807,Lovely 1 bedroom in a 2 bedroom apartment,Brooklyn,Bushwick,40.68701,-73.91448,462.0,5.0,38.0,0.01643835616438356,2772.0,115268.99999999999
7170527,BAYRIDGE LOVELY ROOM.,Brooklyn,Bay Ridge,40.6328,-74.02748,897.0,5.0,20.0,0.34794520547945207,113919.00000000001,115264.49999999999
20957040,"BP DORM STYLE SHARED ROOM, BIG BEAUTIFUL HOME+WIFI",Brooklyn,Borough Park,40.64214,-73.99237,451.0,5.0,7.0,0.0,0.0,115230.5
55714936,"BP DORM STYLE SHARED ROOM, BIG BEAUTIFUL HOME+WIFI",Brooklyn,Borough Park,40.64214,-73.99237,451.0,5.0,7.0,0.0,0.0,115230.5
21087382,Gentleman's Quarters #2,Staten Island,Concord,40.59972,-74.07701,460.0,5.0,2.0,0.0136986301369863,2300.0,115230.0
55845278,Gentleman's Quarters #2,Staten Island,Concord,40.59972,-74.07701,460.0,5.0,2.0,0.0136986301369863,2300.0,115230.0
8836816,Master Bedroom - Bathroom en Suite,Brooklyn,Flatbush,40.65188,-73.96411,820.0,5.0,3.0,0.3150684931506849,94300.0,115210.0
30455495,138 Bowery-Bright Studio,Manhattan,Nolita,40.72021,-73.99543,876.0,5.0,3.0,0.33972602739726027,108623.99999999999,115193.99999999999
31172380,Luxury 2-bedroom and 2-bathroom No kitchen,Bronx,Williamsbridge,40.88366,-73.86164,513.0,5.0,2.0,0.08493150684931507,15903.0,115168.49999999999
4147237,Cozy little studio in Chelsea,Manhattan,Chelsea,40.74411,-74.00204,1169.0,5.0,33.0,0.4301369863013699,183533.0,115146.5
4397429,Upper West Side Studio doorman bld,Manhattan,Upper West Side,40.77998,-73.98462,563.0,5.0,17.0,0.13972602739726028,28713.0,115133.5
34028876,Furnished room with Lofted Bed/15 mins to city!,Brooklyn,Bedford-Stuyvesant,40.6989,-73.93892,831.0,5.0,2.0,0.32054794520547947,97227.0,115093.49999999997
45505118,Workspace Room 2,Brooklyn,Bushwick,40.68603,-73.91438,571.0,5.0,8.0,0.14794520547945206,30834.0,115056.5
13933441,Workspace Room 2,Brooklyn,Bushwick,40.68603,-73.91438,571.0,5.0,8.0,0.14794520547945206,30834.0,115056.5
9787324,"Amazing 1BR, heart of West Village",Manhattan,West Village,40.73361,-74.00218,1101.0,5.0,39.0,0.4136986301369863,166251.0,115054.5
48350015,"Amazing 1BR, heart of West Village",Manhattan,West Village,40.73361,-74.00218,1101.0,5.0,39.0,0.4136986301369863,166251.0,115054.5
28884202,Entire cozy 1 bedroom apartment,Manhattan,Chinatown,40.71643,-73.98967,888.0,5.0,33.0,0.3452054794520548,111888.0,114995.99999999997
30421252,Beyond Stay,Queens,Rosedale,40.65272,-73.72614,482.0,5.0,11.0,0.04657534246575343,8194.0,114956.99999999999
32701699,Superior @ The Box House Hotel,Brooklyn,Greenpoint,40.73876,-73.953,842.0,5.0,2.0,0.32602739726027397,100198.0,114933.0
26781595,Fabulous 3 bedroom apartment 10 Min from Manhattan,Queens,Astoria,40.76444,-73.9157,716.0,5.0,1.0,0.2602739726027397,68020.0,114918.0
10126989,Home away from home,Manhattan,Harlem,40.82963,-73.9495,1121.0,5.0,34.0,0.4191780821917808,171513.0,114902.5
48689680,Home away from home,Manhattan,Harlem,40.82963,-73.9495,1121.0,5.0,34.0,0.4191780821917808,171513.0,114902.5
4198048,Central One Bedroom Manhattan Apt,Manhattan,Harlem,40.81422,-73.94844,514.0,5.0,11.0,0.08767123287671233,16448.0,114878.99999999997
7944299,Mid Nolita Soho Lit. Italy Village,Manhattan,NoHo,40.72459,-73.99366,720.0,5.0,3.0,0.26301369863013696,69120.0,114839.99999999997
34540858,Chic & Spacious SoHa One Bedroom Apartment! #10334,Manhattan,Harlem,40.80651,-73.94965,643.0,5.0,7.0,0.21095890410958903,49511.0,114775.5
33282719,sunny apartment on the Ocean,Brooklyn,Brighton Beach,40.57809,-73.9626,477.0,5.0,28.0,0.0410958904109589,7155.0,114718.49999999999
14704451,RELAX & UNWIND - Classy Unique HOUSE for 9 People,Staten Island,Randall Manor,40.62967,-74.1285,469.0,5.0,21.0,0.030136986301369864,5159.0,114670.49999999999
46276129,RELAX & UNWIND - Classy Unique HOUSE for 9 People,Staten Island,Randall Manor,40.62967,-74.1285,469.0,5.0,21.0,0.030136986301369864,5159.0,114670.49999999999
1641452,Two Bridges District Chinatown NYC,Manhattan,Chinatown,40.71668,-73.99073,504.0,5.0,162.0,0.07671232876712329,14112.0,114659.99999999999
42587869,Essex House in front of Central Park!,Manhattan,Midtown,40.76582,-73.97958,592.0,5.0,3.0,0.16986301369863013,36704.0,114552.0
24579023,Essex House in front of Central Park!,Manhattan,Midtown,40.76582,-73.97958,592.0,5.0,3.0,0.16986301369863013,36704.0,114552.0
30854808,Cozy Brooklyn Oasis,Brooklyn,Bedford-Stuyvesant,40.6878,-73.9398,534.0,5.0,256.0,0.11232876712328767,21894.0,114542.99999999997
21908100,Upper West Side Apartment near Central Park,Manhattan,Upper West Side,40.78413,-73.97451,827.0,5.0,75.0,0.32054794520547947,96759.0,114539.5
35653743,Lovely Bedroom 2 Blocks from Subway,Brooklyn,Bath Beach,40.60689,-74.00317,833.0,5.0,4.0,0.3232876712328767,98294.00000000001,114537.49999999996
32444880,Private suite near JFK & LIRR,Queens,Rosedale,40.6662,-73.73507,457.0,5.0,39.0,0.0136986301369863,2285.0,114478.49999999999
47297884,Violet Dynasty,Brooklyn,Canarsie,40.63928,-73.91081,448.0,5.0,2.0,0.0,0.0,114463.99999999999
37596182,Special one bedroom in midtown Manhattan,Manhattan,Murray Hill,40.75037,-73.9775,448.0,5.0,4.0,0.0,0.0,114463.99999999999
15726206,Violet Dynasty,Brooklyn,Canarsie,40.63928,-73.91081,448.0,5.0,2.0,0.0,0.0,114463.99999999999
51863748,Beautiful & Comfortable Apartment in Brooklyn!,Brooklyn,Bensonhurst,40.61901,-74.00045,617.0,5.0,45.0,0.1917808219178082,43190.0,114453.5
13301057,Beautiful & Comfortable Apartment in Brooklyn!,Brooklyn,Bensonhurst,40.61901,-74.00045,617.0,5.0,45.0,0.1917808219178082,43190.0,114453.5
44872734,Beautiful & Comfortable Apartment in Brooklyn!,Brooklyn,Bensonhurst,40.61901,-74.00045,617.0,5.0,45.0,0.1917808219178082,43190.0,114453.5
37778993,New Luxury Harlem Condo 2 bedrooms with Garden,Manhattan,East Harlem,40.80227,-73.93573,926.0,5.0,50.0,0.36164383561643837,122232.0,114360.99999999997
2217501,Private Room w TV in East Village,Manhattan,East Village,40.72346,-73.97907,1034.0,5.0,35.0,0.3972602739726027,149930.0,114257.0
33940508,"Amazing one bed in Cobble Hill, Brooklyn",Brooklyn,Cobble Hill,40.685841,-73.994514,1053.0,5.0,7.0,0.40273972602739727,154791.0,114250.49999999994
22232300,Tiny Magic Room in Historic Park Slope Brownstone,Brooklyn,Park Slope,40.67947,-73.97806,813.0,5.0,1.0,0.3150684931506849,93494.99999999999,114226.49999999999
23639561,Peaceful room in cool area close to G/7/Ferry/JFK,Brooklyn,Greenpoint,40.7372,-73.95299,485.0,5.0,19.0,0.0547945205479452,9700.0,114217.5
5493192,Heavenly Hell's Kitchen private room in 2bdrm,Manhattan,Hell's Kitchen,40.75691,-73.9984,542.0,5.0,35.0,0.1232876712328767,24389.999999999996,114091.0
17367090,"REDESIGNED 2Bdrs in PARK SLOPE,BROOKLYN !",Brooklyn,South Slope,40.66064,-73.98564,784.0,5.0,67.0,0.3013698630136986,86240.0,114071.99999999997
52124986,"REDESIGNED 2Bdrs in PARK SLOPE,BROOKLYN !",Brooklyn,South Slope,40.66064,-73.98564,784.0,5.0,67.0,0.3013698630136986,86240.0,114071.99999999997
2873633,Art Boutique 2BR Suite at JFK Airport,Queens,St. Albans,40.70039,-73.75233,987.0,5.0,82.0,0.3835616438356164,138180.0,113998.5
4017999,"Warm, Spacious, Convenient and Cozy",Queens,Astoria,40.76957,-73.91502,653.0,5.0,16.0,0.2219178082191781,52893.0,113948.5
37815997,Single Room in  Luxuries Apt | GYM Rooftop,Brooklyn,Bedford-Stuyvesant,40.68151,-73.9454,492.0,5.0,1.0,0.06575342465753424,11808.0,113897.99999999999
13825190,Large Private Room in Heart of Diversity.,Bronx,Mount Eden,40.84473,-73.91175,705.0,5.0,112.0,0.25753424657534246,66270.0,113857.49999999997
45396867,Large Private Room in Heart of Diversity.,Bronx,Mount Eden,40.84473,-73.91175,705.0,5.0,112.0,0.25753424657534246,66270.0,113857.49999999997
35914981,"Tranquil & Economical Room, 10min Walk to Station!",Queens,Sunnyside,40.7365,-73.92049,498.0,5.0,10.0,0.07397260273972603,13446.0,113792.99999999999
33999604,Brooklyn Awesomely Huge Apartment - 2,Brooklyn,Bedford-Stuyvesant,40.68446,-73.91493,573.0,5.0,3.0,0.15616438356164383,32661.0,113740.5
4925428,True 1BR Apt in Greenwich Village,Manhattan,Greenwich Village,40.73253,-73.99826,630.0,5.0,15.0,0.2054794520547945,47249.99999999999,113715.0
31758371,Charming 2 bed in UWS  close to park,Manhattan,Upper West Side,40.79332,-73.96646,736.0,5.0,4.0,0.27671232876712326,74335.99999999999,113711.99999999999
53111946,Sweet Home Away From Home,Brooklyn,Sheepshead Bay,40.59143,-73.95548,493.0,5.0,52.0,0.0684931506849315,12325.0,113636.49999999999
18354050,Sweet Home Away From Home,Brooklyn,Sheepshead Bay,40.59143,-73.95548,493.0,5.0,52.0,0.0684931506849315,12325.0,113636.49999999999
30345587,"Cozy, single room as seasons change in Brooklyn",Brooklyn,Bedford-Stuyvesant,40.6834,-73.92498,740.0,5.0,22.0,0.27945205479452057,75480.0,113590.0
33743337,"Nomad/Chelsea Loft Studio, big work space, 2 desks",Manhattan,Chelsea,40.74589,-73.99082,832.0,5.0,71.0,0.32602739726027397,99008.0,113568.0
29261422,Historic 2 bedroom Bed- Stuy  Brownstone,Brooklyn,Bedford-Stuyvesant,40.68321,-73.94514,599.0,5.0,15.0,0.18082191780821918,39534.0,113510.49999999997
5933375,Hudson Luxury Suite - Water and Bridge Views,Manhattan,Washington Heights,40.8395,-73.9447,524.0,5.0,1.0,0.10684931506849316,20436.0,113445.99999999997
27090331,High Ceiling 5 BEDS up to 10 people in Times Sq.!,Manhattan,Hell's Kitchen,40.76164,-73.99218,1036.0,5.0,1.0,0.4,151256.0,113442.0
44469003,Yankee Stadium apartment in Bronx,Bronx,Concourse,40.83243,-73.92035,876.0,5.0,11.0,0.3452054794520548,110376.00000000001,113441.99999999996
57129376,Yankee Stadium apartment in Bronx,Bronx,Concourse,40.83243,-73.92035,876.0,5.0,11.0,0.3452054794520548,110376.00000000001,113441.99999999996
51460016,Yankee Stadium apartment in Bronx,Bronx,Concourse,40.83243,-73.92035,876.0,5.0,11.0,0.3452054794520548,110376.00000000001,113441.99999999996
12897326,Yankee Stadium apartment in Bronx,Bronx,Concourse,40.83243,-73.92035,876.0,5.0,11.0,0.3452054794520548,110376.00000000001,113441.99999999996
11146535,Sunny bedroom in historic Bed Stuy BK brownstone,Brooklyn,Bedford-Stuyvesant,40.68545,-73.93074,490.0,5.0,10.0,0.06575342465753424,11759.999999999998,113435.0
49709225,Sunny bedroom in historic Bed Stuy BK brownstone,Brooklyn,Bedford-Stuyvesant,40.68545,-73.93074,490.0,5.0,10.0,0.06575342465753424,11759.999999999998,113435.0
33357279,nice and affordable 2 bed bedroom,Bronx,Eastchester,40.88976,-73.82169,449.0,5.0,6.0,0.00821917808219178,1347.0,113372.49999999999
3320444,Carroll Gardens Brownstone,Brooklyn,Carroll Gardens,40.68322,-73.99248,1128.0,5.0,6.0,0.4246575342465753,174840.0,113363.99999999994
26265747,NEAR 5th AVE RENOVATED STUDIO IN BROOKLYN,Brooklyn,Bay Ridge,40.62061,-74.02331,779.0,5.0,2.0,0.3013698630136986,85689.99999999999,113344.49999999999
32654201,DOUBLE SHARED BATHROOM,Manhattan,Gramercy,40.73492,-73.98454,521.0,5.0,8.0,0.10410958904109589,19798.0,113317.5
49861660,"COZY KING SIZE BED, NEAR AIRPORTS",Queens,Richmond Hill,40.69621,-73.84532,498.0,5.0,8.0,0.07671232876712329,13944.0,113294.99999999999
42870647,"COZY KING SIZE BED, NEAR AIRPORTS",Queens,Richmond Hill,40.69621,-73.84532,498.0,5.0,8.0,0.07671232876712329,13944.0,113294.99999999999
11298970,"COZY KING SIZE BED, NEAR AIRPORTS",Queens,Richmond Hill,40.69621,-73.84532,498.0,5.0,8.0,0.07671232876712329,13944.0,113294.99999999999
2429032,Room2 in a Good Vibe Apartment,Brooklyn,Crown Heights,40.67275,-73.95144,989.0,5.0,14.0,0.3863013698630137,139449.0,113240.49999999997
49491067,Restful Superior Court,Brooklyn,Canarsie,40.63981,-73.90211,443.0,5.0,15.0,0.0,0.0,113186.49999999999
10928376,Restful Superior Court,Brooklyn,Canarsie,40.63981,-73.90211,443.0,5.0,15.0,0.0,0.0,113186.49999999999
5580455,"Gramercy Apt, Private Bedroom",Manhattan,Kips Bay,40.74025,-73.98323,1137.0,5.0,4.0,0.4273972602739726,177372.0,113131.5
47660192,Private studio apartment,Brooklyn,Bushwick,40.69549,-73.92249,652.0,5.0,97.0,0.22465753424657534,53464.0,113122.0
9097502,Private studio apartment,Brooklyn,Bushwick,40.69549,-73.92249,652.0,5.0,97.0,0.22465753424657534,53464.0,113122.0
5030917,Sunny Park Slope Bedroom,Brooklyn,South Slope,40.66305,-73.9886,527.0,5.0,199.0,0.11232876712328767,21607.0,113041.5
31863308,Upper east side townhouse apt 2,Manhattan,Upper East Side,40.76464,-73.96388,816.0,5.0,11.0,0.32054794520547947,95472.0,113015.99999999997
47559121,"Spacious, modern room in Bedstuy",Brooklyn,Bedford-Stuyvesant,40.68789,-73.9441,534.0,5.0,10.0,0.12054794520547946,23496.000000000004,112940.99999999997
8996431,"Spacious, modern room in Bedstuy",Brooklyn,Bedford-Stuyvesant,40.68789,-73.9441,534.0,5.0,10.0,0.12054794520547946,23496.000000000004,112940.99999999997
13861642,SOHO/NOLITA GEM (NYC's BEST LOCATION),Manhattan,Nolita,40.72184,-73.99471,827.0,5.0,44.0,0.32602739726027397,98413.0,112885.5
45433319,SOHO/NOLITA GEM (NYC's BEST LOCATION),Manhattan,Nolita,40.72184,-73.99471,827.0,5.0,44.0,0.32602739726027397,98413.0,112885.5
33121999,"Cozy, private bed & private bath",Brooklyn,Bedford-Stuyvesant,40.68473,-73.94568,1069.0,5.0,186.0,0.410958904109589,160350.0,112779.5
35077694,A Room near Public transportation,Brooklyn,Crown Heights,40.67687,-73.92518,681.0,5.0,6.0,0.2465753424657534,61290.0,112705.5
8369570,Modern & Upgraded in Midtown,Manhattan,Midtown,40.75221,-73.97157,993.0,5.0,1.0,0.38904109589041097,141006.0,112705.49999999997
16349753,"Loft w/ brick&beam, deep soak tub, rainfall shower",Brooklyn,Williamsburg,40.71989,-73.95837,446.0,5.0,5.0,0.00821917808219178,1338.0,112615.0
46543994,Mishay's Hut,Queens,St. Albans,40.69167,-73.75495,715.0,5.0,54.0,0.2684931506849315,70070.0,112612.49999999997
14972317,Mishay's Hut,Queens,St. Albans,40.69167,-73.75495,715.0,5.0,54.0,0.2684931506849315,70070.0,112612.49999999997
29223866,Fantastic and confortable room to rest nd be quiet,Bronx,Mount Hope,40.84772,-73.90845,588.0,5.0,20.0,0.17534246575342466,37632.0,112602.0
33789178,GSG Inn - A totally private historic landmark inn,Staten Island,St. George,40.64727,-74.08402,472.0,5.0,177.0,0.04657534246575343,8024.0,112571.99999999999
3296695,Clinton Hill BdRm in Artists' Home,Brooklyn,Clinton Hill,40.68274,-73.96487,758.0,5.0,74.0,0.29315068493150687,81106.0,112563.0
49686029,ENTIRE FLOR :) PRIVATE entrance&full bathroom! :DD,Brooklyn,Bushwick,40.69903,-73.93021,701.0,5.0,188.0,0.2602739726027397,66595.0,112510.5
11123338,ENTIRE FLOR :) PRIVATE entrance&full bathroom! :DD,Brooklyn,Bushwick,40.69903,-73.93021,701.0,5.0,188.0,0.2602739726027397,66595.0,112510.5
30633336,"Paper Factory, Superior Room w/ Double Beds",Queens,Long Island City,40.75403,-73.92812,442.0,5.0,5.0,0.0027397260273972603,441.99999999999994,112488.99999999999
25339540,"Homey, Friendly Apt Share Next To Subway",Brooklyn,Crown Heights,40.66977,-73.95725,824.0,5.0,2.0,0.32602739726027397,98055.99999999999,112475.99999999999
36276737,626 10th Avenue-Two Bedroom Apartment,Manhattan,Hell's Kitchen,40.76028,-73.99507,714.0,5.0,2.0,0.2684931506849315,69972.0,112454.99999999997
10692544,"Beautiful 1br, in heart of city",Manhattan,Kips Bay,40.74099,-73.98139,517.0,5.0,14.0,0.10410958904109589,19646.0,112447.5
49255235,"Beautiful 1br, in heart of city",Manhattan,Kips Bay,40.74099,-73.98139,517.0,5.0,14.0,0.10410958904109589,19646.0,112447.5
31806973,Mott Haven Dorm HH,Bronx,Port Morris,40.80849,-73.93189,875.0,5.0,11.0,0.34794520547945207,111125.0,112437.5
32904393,Spacious Studio | 2 Full Beds | Gym | Desk,Bronx,Mott Haven,40.811848,-73.929665,440.0,5.0,1.0,0.0,0.0,112420.0
7105908,Modern Room in Trendy LES,Manhattan,Lower East Side,40.72195,-73.98797,737.0,5.0,5.0,0.2821917808219178,75911.0,112392.5
4610617,"Amazing, classy, safe & convenient!",Manhattan,Morningside Heights,40.81615,-73.95921,1141.0,5.0,1.0,0.4301369863013699,179137.0,112388.5
54720243,Staten Island Home with a View,Staten Island,Tompkinsville,40.63513,-74.07929,612.0,5.0,65.0,0.19726027397260273,44064.0,112302.0
19962347,Staten Island Home with a View,Staten Island,Tompkinsville,40.63513,-74.07929,612.0,5.0,65.0,0.19726027397260273,44064.0,112302.0
34820322,SPACIOUS STUDIO-HIGH END FINISHES,Manhattan,Harlem,40.81469,-73.94324,549.0,5.0,126.0,0.13972602739726028,27999.000000000004,112270.49999999997
30038509,New comfy 2BR Apartment Lower East Side,Manhattan,Lower East Side,40.71889,-73.99085,916.0,5.0,25.0,0.3643835616438356,121828.00000000001,112209.99999999996
1538172,THERE'S NO PLACE LIKE HOME.........,Manhattan,Harlem,40.80151,-73.9522,677.0,5.0,70.0,0.2465753424657534,60930.0,112043.5
2364412,Cozy Huge Brownstone in Bedstuy,Brooklyn,Bedford-Stuyvesant,40.69324,-73.93217,698.0,5.0,153.0,0.2602739726027397,66310.0,112029.0
29245406,Charming one bedroom presidential suite in the central of New York city,Manhattan,Midtown,40.75163,-73.97249,553.0,5.0,4.0,0.14520547945205478,29308.999999999996,111982.5
1874522,"2 private BRs, private bath - Like your OWN APT",Brooklyn,Williamsburg,40.70985,-73.9452,501.0,5.0,8.0,0.08767123287671233,16032.0,111973.5
6327717,Spacious NOMAD 1 BR for 4,Manhattan,Midtown,40.74603,-73.98364,729.0,5.0,1.0,0.27945205479452057,74358.0,111901.49999999997
7078293,Spacious Master Bedroom in Bushwick,Brooklyn,Bushwick,40.70374,-73.93016,443.0,5.0,1.0,0.00821917808219178,1329.0,111857.49999999999
3874401,★ Convenience & Comfort Awaits!  ♥️ Your Stay! ★,Brooklyn,Crown Heights,40.67472,-73.93,819.0,5.0,82.0,0.32602739726027397,97461.0,111793.49999999997
56199855,2 Level Brownstone! Private room! Manhattan in 15!,Brooklyn,Bedford-Stuyvesant,40.69411,-73.94086,733.0,5.0,91.0,0.2821917808219178,75499.0,111782.5
43539482,2 Level Brownstone! Private room! Manhattan in 15!,Brooklyn,Bedford-Stuyvesant,40.69411,-73.94086,733.0,5.0,91.0,0.2821917808219178,75499.0,111782.5
11967805,2 Level Brownstone! Private room! Manhattan in 15!,Brooklyn,Bedford-Stuyvesant,40.69411,-73.94086,733.0,5.0,91.0,0.2821917808219178,75499.0,111782.5
50530495,2 Level Brownstone! Private room! Manhattan in 15!,Brooklyn,Bedford-Stuyvesant,40.69411,-73.94086,733.0,5.0,91.0,0.2821917808219178,75499.0,111782.5
4881244,Wake Up In The City That Never Sleeps,Manhattan,East Village,40.73273,-73.98969,728.0,5.0,14.0,0.27945205479452057,74256.0,111748.0
32519992,Bed-Stuy 1BR garden apt,Brooklyn,Bedford-Stuyvesant,40.68343,-73.92074,1069.0,5.0,7.0,0.4136986301369863,161419.0,111710.5
39739658,Heart of Williamsubrg 1 Bedroom,Brooklyn,Williamsburg,40.71373,-73.94958,437.0,5.0,31.0,0.0,0.0,111653.49999999999
25429013,Fully renovated 1 bedroom apartment,Queens,Ridgewood,40.70737,-73.91138,462.0,5.0,16.0,0.038356164383561646,6468.000000000001,111572.99999999999
39076898,Light & Quiet Chelsea One Bedroom,Manhattan,Chelsea,40.74587,-73.99889,1155.0,5.0,2.0,0.43561643835616437,183645.0,111457.5
22183146,"Smart Studio in Trendy Tribeca, Indoor pool + Gym by Blueground",Manhattan,Tribeca,40.71532,-74.00645,503.0,5.0,1.0,0.09315068493150686,17102.0,111414.49999999999
32356512,"5 minutes from JFK,one single cozy bedroom for one",Queens,Jamaica,40.68028,-73.78331,564.0,5.0,468.0,0.1589041095890411,32712.0,111389.99999999997
4707269,NYC Duplex + Terrace in East 60s,Manhattan,Upper East Side,40.76172,-73.96074,477.0,5.0,7.0,0.06027397260273973,10494.0,111379.49999999999
52382910,"WOW factor! Duplex 3br,2bath. Central Pk, Columbia",Manhattan,Upper West Side,40.79788,-73.96235,555.0,5.0,2.0,0.1506849315068493,30525.0,111277.5
17625014,"WOW factor! Duplex 3br,2bath. Central Pk, Columbia",Manhattan,Upper West Side,40.79788,-73.96235,555.0,5.0,2.0,0.1506849315068493,30525.0,111277.5
6967833,Spacious park slope 2 bedroom,Brooklyn,Park Slope,40.67173,-73.98303,575.0,5.0,70.0,0.16986301369863013,35650.0,111262.5
8527528,NYC Apartment near Central Park!,Manhattan,Upper East Side,40.77791,-73.95362,1118.0,5.0,22.0,0.4273972602739726,174408.0,111240.99999999994
21361876,Peaceful private sunny room in spacious apartment,Manhattan,Harlem,40.81954,-73.94713,908.0,5.0,22.0,0.3643835616438356,120764.0,111229.99999999997
36333624,Three bedroom upscale condo,Bronx,Spuyten Duyvil,40.88489,-73.91597,437.0,5.0,8.0,0.0027397260273972603,437.0,111216.49999999999
28691449,Cozy 2-bedroom apartment rental unit,Manhattan,Washington Heights,40.84354,-73.93594,852.0,5.0,7.0,0.3424657534246575,106500.0,111186.0
32191926,JFK area COMFORTABLE ROOM near metro SUBWAY,Queens,Woodhaven,40.68992,-73.85344,451.0,5.0,25.0,0.024657534246575342,4058.9999999999995,111171.5
30058391,"SPACIOUS 4 BR DUPLEX w/ KING  Bed, PVT Bkyd & More",Brooklyn,Bedford-Stuyvesant,40.694939,-73.948067,523.0,5.0,6.0,0.1178082191780822,22489.0,111137.5
5585978,Sublet in Furnished Master Bedroom,Brooklyn,Prospect-Lefferts Gardens,40.65628,-73.95753,930.0,5.0,1.0,0.3726027397260274,126480.00000000001,111134.99999999999
33714065,COMFY 2 bedroom Floor - Astoria,Queens,Ditmars Steinway,40.77824,-73.90727,655.0,5.0,5.0,0.2356164383561644,56330.0,111022.49999999997
31447426,"Charming 1-Bed Apt, Brooklyn",Brooklyn,Bay Ridge,40.6342,-74.02397,763.0,5.0,11.0,0.3013698630136986,83929.99999999999,111016.50000000001
22652048,WELCOME TRAVELERS AND NYC LOVERS!  R/2,Brooklyn,Bedford-Stuyvesant,40.6871,-73.95735,515.0,5.0,4.0,0.1095890410958904,20599.999999999996,110982.5
23383294,Quiet Apt on the Gramercy/East Village Border,Manhattan,Gramercy,40.73423,-73.98211,768.0,5.0,4.0,0.3041095890410959,85248.00000000001,110975.99999999996
6105140,Private Room in Gorgeous  Apartment In Manhattan,Manhattan,Harlem,40.8298,-73.94683,825.0,5.0,141.0,0.3315068493150685,99825.00000000001,110962.49999999999
32458135,Penthouse w/Terrace Williamsburg,Brooklyn,Greenpoint,40.72283,-73.93921,757.0,5.0,130.0,0.29863013698630136,82513.0,110900.5
36852234,Immaculate one bedroom in midtown Manhattan,Manhattan,Murray Hill,40.75029,-73.97694,434.0,5.0,5.0,0.0,0.0,110886.99999999999
44176836,Beige Room in Rego Park,Queens,Rego Park,40.72755,-73.86199,601.0,5.0,131.0,0.19452054794520549,42671.0,110884.5
12605159,Beige Room in Rego Park,Queens,Rego Park,40.72755,-73.86199,601.0,5.0,131.0,0.19452054794520549,42671.0,110884.5
51167850,Beige Room in Rego Park,Queens,Rego Park,40.72755,-73.86199,601.0,5.0,131.0,0.19452054794520549,42671.0,110884.5
56837209,Beige Room in Rego Park,Queens,Rego Park,40.72755,-73.86199,601.0,5.0,131.0,0.19452054794520549,42671.0,110884.5
28489307,Room for 1 or 2 in art-filled apt. Monthly for 1,Manhattan,Washington Heights,40.83767,-73.94203,621.0,5.0,163.0,0.21095890410958903,47817.0,110848.5
35453810,5 G free WiFi in room.,Manhattan,Midtown,40.74524,-73.98298,485.0,5.0,16.0,0.07397260273972603,13095.000000000002,110822.5
32483541,Studio in Queens PRIVATE near LGA $WINTER SPECIALS,Queens,Jackson Heights,40.75563,-73.88271,561.0,5.0,63.0,0.1589041095890411,32538.0,110797.5
21524252,Delightful Private Room X,Brooklyn,Bedford-Stuyvesant,40.69072,-73.95026,489.0,5.0,13.0,0.07945205479452055,14181.0,110758.49999999999
41998013,Large Private Bedroom Near Tons Of Transit!,Queens,Ridgewood,40.70896,-73.8956,1171.0,5.0,2.0,0.4410958904109589,188531.0,110659.5
23989167,Large Private Bedroom Near Tons Of Transit!,Queens,Ridgewood,40.70896,-73.8956,1171.0,5.0,2.0,0.4410958904109589,188531.0,110659.5
24857935,THE WHITE HOUSE BEDROOM 3,Bronx,Port Morris,40.80074,-73.91574,460.0,5.0,2.0,0.0410958904109589,6900.0,110630.0
34445863,Flushing downtown large single room 204,Queens,Flushing,40.74371,-73.83437,482.0,5.0,43.0,0.07123287671232877,12531.999999999998,110618.99999999999
25260561,"Centrally Located 2 Bedroom, 1 Bath",Manhattan,East Village,40.72391,-73.98409,720.0,5.0,8.0,0.27945205479452057,73440.00000000001,110519.99999999996
38374372,GARDEN OASIS CLINTON HILL BROWNSTONE,Brooklyn,Clinton Hill,40.68138,-73.96407,652.0,5.0,113.0,0.2356164383561644,56072.00000000001,110514.0
33025899,"Prívate room in Queens, NY",Queens,Corona,40.73957,-73.85553,1181.0,5.0,95.0,0.4438356164383562,191322.0,110423.5
30172717,"Hotel 32 32, Premier Suite",Manhattan,Midtown,40.74555,-73.98258,663.0,5.0,25.0,0.24383561643835616,59006.99999999999,110389.5
38211996,Shared Apartment In Midtown East 1,Manhattan,Midtown,40.75649,-73.97008,432.0,5.0,2.0,0.0,0.0,110375.99999999999
3972710,Kid friendly next to Prospect Park,Brooklyn,Prospect Heights,40.6742,-73.96639,1132.0,5.0,2.0,0.4328767123287671,178856.0,110370.0
40082636,Room2 in a Good Vibe Apartment,Brooklyn,Crown Heights,40.67275,-73.95144,989.0,5.0,14.0,0.39452054794520547,142416.0,110273.49999999997
6913708,"Quiet room in Greenpoint, Brooklyn",Brooklyn,Greenpoint,40.72784,-73.94937,687.0,5.0,1.0,0.2602739726027397,65264.99999999999,110263.5
32207943,DESIGNER DOWNTOWN 1 BEDROOM,Manhattan,East Village,40.72217,-73.98494,723.0,5.0,2.0,0.2821917808219178,74469.0,110257.5
34306683,*Luxury Duplex Loft* across from Flatiron Building,Manhattan,Flatiron District,40.74191,-73.99115,813.0,5.0,16.0,0.3287671232876712,97559.99999999999,110161.49999999999
25052344,"Hostal , full size bed ( bottom bunk) shared room",Queens,Forest Hills,40.71597,-73.83543,495.0,5.0,1.0,0.09041095890410959,16335.0,110137.5
34897092,Large room with garden and private access and bath,Brooklyn,Bedford-Stuyvesant,40.6869,-73.94944,454.0,5.0,23.0,0.03561643835616438,5902.0,110094.99999999999
25018654,New York City Luxury Bedroom!!,Manhattan,Harlem,40.81652,-73.94914,488.0,5.0,7.0,0.0821917808219178,14639.999999999998,110043.99999999999
3268528,GORGEOUS Newly-Renovated 2-BR Flat,Manhattan,Upper East Side,40.77278,-73.95753,731.0,5.0,1.0,0.2876712328767123,76755.0,110015.5
12920522,Wonderful Charming Apt- Columbia University Area,Manhattan,Washington Heights,40.83705,-73.94083,475.0,5.0,3.0,0.06575342465753424,11399.999999999998,109962.5
44492200,Wonderful Charming Apt- Columbia University Area,Manhattan,Washington Heights,40.83705,-73.94083,475.0,5.0,3.0,0.06575342465753424,11399.999999999998,109962.5
51483213,Wonderful Charming Apt- Columbia University Area,Manhattan,Washington Heights,40.83705,-73.94083,475.0,5.0,3.0,0.06575342465753424,11399.999999999998,109962.5
57152572,Wonderful Charming Apt- Columbia University Area,Manhattan,Washington Heights,40.83705,-73.94083,475.0,5.0,3.0,0.06575342465753424,11399.999999999998,109962.5
20012607,"private room in Redhook, Brooklyn",Brooklyn,Red Hook,40.67381,-74.00762,455.0,5.0,25.0,0.038356164383561646,6370.000000000001,109882.5
54770503,"private room in Redhook, Brooklyn",Brooklyn,Red Hook,40.67381,-74.00762,455.0,5.0,25.0,0.038356164383561646,6370.000000000001,109882.5
42673476,Sunset Park Retreat - 3 blocks from train station!,Brooklyn,Sunset Park,40.64997,-74.00626,702.0,5.0,9.0,0.27123287671232876,69498.0,109863.0
17464847,Great Studio at the Time Square/71C,Manhattan,Hell's Kitchen,40.76274,-73.99321,612.0,5.0,3.0,0.20821917808219179,46512.0,109854.0
52222743,Great Studio at the Time Square/71C,Manhattan,Hell's Kitchen,40.76274,-73.99321,612.0,5.0,3.0,0.20821917808219179,46512.0,109854.0
7649371,Fifth Ave. Modern Studio,Manhattan,Midtown,40.75103,-73.98349,559.0,5.0,10.0,0.16164383561643836,32981.0,109843.49999999997
31005034,Renovated 1BR Penthouse Oasis In Brownstone,Manhattan,Harlem,40.80565,-73.95129,874.0,5.0,131.0,0.3561643835616438,113619.99999999999,109686.99999999999
49989241,Newly renovated 1-bm apt with a wooden deck.,Queens,Astoria,40.76802,-73.91815,454.0,5.0,45.0,0.038356164383561646,6356.000000000001,109640.99999999999
42998228,Newly renovated 1-bm apt with a wooden deck.,Queens,Astoria,40.76802,-73.91815,454.0,5.0,45.0,0.038356164383561646,6356.000000000001,109640.99999999999
11426551,Newly renovated 1-bm apt with a wooden deck.,Queens,Astoria,40.76802,-73.91815,454.0,5.0,45.0,0.038356164383561646,6356.000000000001,109640.99999999999
48114183,Victorian Flatbush Family Friendly,Brooklyn,Flatbush,40.64933,-73.96478,1185.0,5.0,4.0,0.4465753424657534,193155.00000000003,109612.49999999997
9551492,Victorian Flatbush Family Friendly,Brooklyn,Flatbush,40.64933,-73.96478,1185.0,5.0,4.0,0.4465753424657534,193155.00000000003,109612.49999999997
5712455,Large Upper West Side 1 bedroom,Manhattan,Upper West Side,40.7791,-73.98565,486.0,5.0,4.0,0.0821917808219178,14579.999999999998,109593.0
2072798,"UES 1 br, 2 blocks from the Met ",Manhattan,Upper East Side,40.77815,-73.95902,549.0,5.0,8.0,0.15342465753424658,30744.0,109525.49999999997
5281661,Tiny Private Artist's Studio in NYC,Bronx,Williamsbridge,40.87765,-73.86318,1123.0,5.0,85.0,0.4328767123287671,177434.0,109492.49999999994
29263632,Beautiful 2-bedroom unit with free parking,Bronx,Eastchester,40.87697,-73.83578,475.0,5.0,16.0,0.0684931506849315,11875.0,109487.5
31752295,Charming  Two Bedroom Suite,Staten Island,Clifton,40.6209,-74.07516,430.0,5.0,10.0,0.0027397260273972603,430.0,109435.0
36768284,Modern 2 BR with high end Finishes,Manhattan,Kips Bay,40.7421,-73.98009,649.0,5.0,7.0,0.23835616438356164,56463.0,109356.49999999997
42259803,Private Bed and Essentials for NYC Solo Travelers,Manhattan,Theater District,40.75976,-73.98727,433.0,5.0,20.0,0.00821917808219178,1298.9999999999998,109332.49999999999
24250957,Private Bed and Essentials for NYC Solo Travelers,Manhattan,Theater District,40.75976,-73.98727,433.0,5.0,20.0,0.00821917808219178,1298.9999999999998,109332.49999999999
5567752,Lovely Lofted Room in UWS,Manhattan,Upper West Side,40.80066,-73.96941,487.0,5.0,1.0,0.08493150684931507,15097.000000000002,109331.49999999999
39721984,Lovely BR In The ❤ Of Flushing! Free Metro Card,Queens,Flushing,40.76014,-73.81146,599.0,5.0,39.0,0.2,43727.00000000001,109317.49999999997
48228509,CENTRAL PARK / COLUMBUS CIRCLE /1BR,Manhattan,Hell's Kitchen,40.76747,-73.98613,498.0,5.0,2.0,0.09863013698630137,17928.0,109310.99999999999
9665818,CENTRAL PARK / COLUMBUS CIRCLE /1BR,Manhattan,Hell's Kitchen,40.76747,-73.98613,498.0,5.0,2.0,0.09863013698630137,17928.0,109310.99999999999
28900218,Lovely Room in a PRIME AREA near Central Park,Manhattan,Harlem,40.80258,-73.95762,562.0,5.0,12.0,0.16712328767123288,34282.0,109309.0
32017952,Cozy home away from home,Staten Island,Tompkinsville,40.63383,-74.08373,537.0,5.0,37.0,0.14246575342465753,27924.0,109279.5
2814537,Stylish 1 BR Loft Apt Williamsburg,Brooklyn,Williamsburg,40.71688,-73.94584,648.0,5.0,88.0,0.23835616438356164,56376.0,109188.0
2501383,JFK Jupiter Suites w/ Parking,Queens,St. Albans,40.6891,-73.7733,573.0,5.0,190.0,0.1780821917808219,37245.0,109156.5
40220711,Private: The Brass Room,Manhattan,Upper East Side,40.76142,-73.96086,804.0,5.0,19.0,0.3287671232876712,96480.0,108941.99999999997
40928208,Master Suite w/ Private Bath in Financial District,Manhattan,Financial District,40.70726,-74.00593,798.0,5.0,128.0,0.32602739726027397,94961.99999999999,108926.99999999999
42571852,Very quite and convenient location.,Queens,Woodside,40.75563,-73.90493,714.0,5.0,1.0,0.2821917808219178,73542.0,108884.99999999997
25795740,Stunning Time Square NYC Home Manhattan!!,Manhattan,Hell's Kitchen,40.76326,-73.98612,1062.0,5.0,2.0,0.4191780821917808,162486.0,108855.0
34085763,Small room Harlem on 141st Manhattan NY 10030,Manhattan,Harlem,40.81805,-73.9404,426.0,5.0,46.0,0.0,0.0,108843.0
7228519,Voted #1 Location Quintessential 1BR W Village Apt,Manhattan,West Village,40.73631,-74.00611,934.0,5.0,51.0,0.38082191780821917,129826.0,108810.99999999997
21078546,Ultra Plush Large Private cozy cottage Bedroom,Brooklyn,Sheepshead Bay,40.59055,-73.9464,434.0,5.0,1.0,0.0136986301369863,2170.0,108716.99999999999
55836442,Ultra Plush Large Private cozy cottage Bedroom,Brooklyn,Sheepshead Bay,40.59055,-73.9464,434.0,5.0,1.0,0.0136986301369863,2170.0,108716.99999999999
7287062,Cozy room in the Heart of Astoria,Queens,Astoria,40.76628,-73.91761,887.0,5.0,94.0,0.3643835616438356,117971.0,108657.5
39778871,CHIC ROOM IN BROOKLYN BROWNSTONE,Brooklyn,Flatbush,40.64388,-73.95279,626.0,5.0,66.0,0.22465753424657534,51331.99999999999,108611.0
17177098,Homey Private Room in Bushwick!,Brooklyn,Bushwick,40.70071,-73.9158,637.0,5.0,1.0,0.2328767123287671,54145.0,108608.5
51934994,Homey Private Room in Bushwick!,Brooklyn,Bushwick,40.70071,-73.9158,637.0,5.0,1.0,0.2328767123287671,54145.0,108608.5
38984112,Sonder Duane Street | King Suite w/ Peloton,Manhattan,Tribeca,40.71511,-74.00651,531.0,5.0,1.0,0.13972602739726028,27081.000000000004,108589.5
28854377,Celebrity's Room #3 Queens Village,Queens,Queens Village,40.70605,-73.74494,473.0,5.0,12.0,0.07123287671232877,12297.999999999998,108553.49999999999
23671042,EMPIRE ST VIEW>Luxury 3BR 2BA BALCONY High fl>Gym,Manhattan,Midtown,40.74829,-73.98326,459.0,5.0,3.0,0.052054794520547946,8721.0,108553.49999999999
30648800,King Bed with memory foam mattress Extra comfort,Manhattan,Chelsea,40.74971,-74.00278,608.0,5.0,40.0,0.21095890410958903,46816.0,108528.0
33779236,Entire 3rd floor of Brownstone at Prospect Park!,Brooklyn,Park Slope,40.66796,-73.97577,956.0,5.0,51.0,0.38904109589041097,135752.0,108505.99999999997
36145842,Private Room in Duplex with Backyard,Manhattan,East Village,40.72623,-73.9778,424.0,5.0,39.0,0.0,0.0,108331.99999999999
32481331,The Residences at W New York - Downtown - Apt 29G,Manhattan,Financial District,40.71014,-74.01448,811.0,5.0,4.0,0.33424657534246577,98942.0,108268.49999999997
6573491,Sunny Air Conditioned Bedroom,Manhattan,Harlem,40.8127,-73.95004,507.0,5.0,1.0,0.11506849315068493,21294.0,108244.49999999999
28398730,Amazing King size Room at The Ridge,Manhattan,Lower East Side,40.72258,-73.99046,437.0,5.0,122.0,0.021917808219178082,3496.0,108157.49999999999
30118040,(4) Comfy Home Away From Home/Multiple Rooms,Brooklyn,Bedford-Stuyvesant,40.69018,-73.95357,435.0,5.0,121.0,0.019178082191780823,3045.0000000000005,108097.5
35295300,Lourve Hotel NYC Romantic King Room,Queens,Corona,40.73907,-73.85117,423.0,5.0,5.0,0.0,0.0,108076.49999999999
30740482,Amazing bright bedroom 15 min to Manhattan. by LGA,Queens,Astoria,40.76525,-73.92647,612.0,5.0,125.0,0.21643835616438356,48348.0,108018.0
48346701,Charming 1 BR in West Village,Manhattan,West Village,40.73064,-74.00351,889.0,5.0,5.0,0.36712328767123287,119125.99999999999,108013.49999999999
9784011,Charming 1 BR in West Village,Manhattan,West Village,40.73064,-74.00351,889.0,5.0,5.0,0.36712328767123287,119125.99999999999,108013.49999999999
34455804,"Artist studio, heart of Harlem, NYC at fingertips",Manhattan,Harlem,40.80445,-73.94869,995.0,5.0,7.0,0.40273972602739727,146265.0,107957.5
3407707,Light filled SoHo walk-up,Manhattan,SoHo,40.7241,-74.0042,840.0,5.0,18.0,0.34794520547945207,106680.0,107940.0
42606647,LUXURY 2BED 2 BATH/ LINCOLN CENTER,Manhattan,Upper West Side,40.77424,-73.98827,656.0,5.0,7.0,0.2493150684931507,59696.0,107912.0
24597801,LUXURY 2BED 2 BATH/ LINCOLN CENTER,Manhattan,Upper West Side,40.77424,-73.98827,656.0,5.0,7.0,0.2493150684931507,59696.0,107912.0
29724250,Cozy Garden  Apartment,Brooklyn,Flatbush,40.642292,-73.952827,1095.0,5.0,215.0,0.4301369863013699,171915.0,107857.5
7820032,Soho/Little Italy Privat Room for 2,Manhattan,Nolita,40.72132,-73.99708,762.0,5.0,3.0,0.31232876712328766,86868.0,107823.0
16423209,Lincoln Center Studio,Manhattan,Upper West Side,40.77562,-73.98756,422.0,5.0,2.0,0.0,0.0,107820.99999999999
33838333,"Studio in Norwood, 
FordhamUniv/Montefiore",Bronx,Norwood,40.87152,-73.87713,560.0,5.0,90.0,0.1726027397260274,35280.0,107800.0
48218568,Charming Sun-lit Two-Story Apartment,Manhattan,Harlem,40.8181,-73.94632,1060.0,5.0,30.0,0.42191780821917807,163240.0,107590.0
9655877,Charming Sun-lit Two-Story Apartment,Manhattan,Harlem,40.8181,-73.94632,1060.0,5.0,30.0,0.42191780821917807,163240.0,107590.0
10622954,Modern E. Village 2BR/2BA - Private Back yard!,Manhattan,East Village,40.72454,-73.97931,613.0,5.0,52.0,0.2191780821917808,49039.99999999999,107581.5
49185645,Modern E. Village 2BR/2BA - Private Back yard!,Manhattan,East Village,40.72454,-73.97931,613.0,5.0,52.0,0.2191780821917808,49039.99999999999,107581.5
17026321,Sunny room in Queens for couple,Queens,Maspeth,40.73449,-73.89227,511.0,5.0,12.0,0.1232876712328767,22995.0,107565.5
34039370,2 bedroom rental Unit,Brooklyn,East New York,40.67243,-73.88346,421.0,5.0,4.0,0.0,0.0,107565.5
26423153,Beautiful Spacious Apartment! Comfortable Place.,Manhattan,Harlem,40.82172,-73.95618,1081.0,5.0,4.0,0.4273972602739726,168636.00000000003,107559.49999999997
2278254,"Bright, Bohemian, Spacious Apt in Williamsburg",Brooklyn,Williamsburg,40.71353,-73.96216,973.0,5.0,16.0,0.3972602739726027,141084.99999999997,107516.5
4798951,Oasis in Prime LES,Manhattan,Lower East Side,40.71806,-73.98493,724.0,5.0,13.0,0.29315068493150687,77468.0,107513.99999999997
8655662,A cozy two bedroom apartment,Brooklyn,Sunset Park,40.64953,-74.00011,907.0,5.0,9.0,0.37534246575342467,124259.00000000001,107479.49999999999
29340401,New: Elegant Modern Designed Home -Clinton Hill,Brooklyn,Bedford-Stuyvesant,40.684483,-73.957741,793.0,5.0,7.0,0.3287671232876712,95159.99999999999,107451.49999999999
31511493,145 Mulberry-Spacious Alcove Studio,Manhattan,Little Italy,40.71899,-73.99773,541.0,5.0,9.0,0.15616438356164383,30836.999999999996,107388.5
37561387,Fantastic midtown apartment,Manhattan,Murray Hill,40.74981,-73.97524,420.0,5.0,1.0,0.0,0.0,107310.0
2762068,Time Square in 30 minutes. Front room.,Queens,Sunnyside,40.73673,-73.92526,572.0,5.0,70.0,0.1863013698630137,38896.0,107250.0
6124471,"Cozy Room, Heart of East Village",Manhattan,East Village,40.72382,-73.98171,988.0,5.0,3.0,0.40273972602739727,145236.0,107197.99999999997
30917770,[A] A Private Bed Room in 3 Beds Shared Apartment,Brooklyn,Crown Heights,40.6677,-73.95716,1056.0,5.0,13.0,0.42191780821917807,162624.0,107184.0
16733602,"Comfy Private Bedroom, Patio + 20min to Midtown",Manhattan,Harlem,40.82908,-73.94671,1056.0,5.0,19.0,0.42191780821917807,162624.0,107184.0
40093682,Gorgeous spacious. 2 subways close,Brooklyn,Bedford-Stuyvesant,40.6842,-73.9177,473.0,5.0,123.0,0.07945205479452055,13717.000000000002,107134.49999999999
33309229,Next to 3 Trains with Casper bed,Brooklyn,Bedford-Stuyvesant,40.68313,-73.91111,475.0,5.0,3.0,0.0821917808219178,14250.0,107112.5
7197590,Elegant Queen size bed room.,Queens,Ditmars Steinway,40.77114,-73.90968,680.0,5.0,2.0,0.2684931506849315,66640.0,107099.99999999997
9942521,"Spacious, kid-friendly apt. 15 mins from Manhattan",Queens,Sunnyside,40.7464,-73.91675,1076.0,5.0,3.0,0.4273972602739726,167856.00000000003,107061.99999999997
48505211,"Spacious, kid-friendly apt. 15 mins from Manhattan",Queens,Sunnyside,40.7464,-73.91675,1076.0,5.0,3.0,0.4273972602739726,167856.00000000003,107061.99999999997
41054684,Beautiful Apartment in Manhattan NYC,Manhattan,Washington Heights,40.84111,-73.93698,603.0,5.0,157.0,0.2136986301369863,47034.00000000001,107032.5
4140609,Private room overlooking yard in prime Bushwick,Brooklyn,Bushwick,40.70495,-73.9209,1132.0,5.0,202.0,0.4410958904109589,182252.0,106974.0
30821670,Beautiful bedroom Two Beds,Manhattan,Hell's Kitchen,40.7554,-73.99402,460.0,5.0,1.0,0.06301369863013699,10580.000000000002,106950.0
1586222,Classy 2.5 BR Brownstone w/ Garden,Manhattan,Upper West Side,40.78911,-73.97396,555.0,5.0,39.0,0.1726027397260274,34965.0,106837.5
23071244,Private Room With a Balcony In a Modern Loft,Brooklyn,Williamsburg,40.70877,-73.94171,709.0,5.0,8.0,0.2876712328767123,74445.0,106704.49999999997
42024523,fabulous & large bedroom - East Williamsburg,Brooklyn,Williamsburg,40.71235,-73.93963,453.0,5.0,9.0,0.0547945205479452,9060.0,106681.49999999999
24015677,fabulous & large bedroom - East Williamsburg,Brooklyn,Williamsburg,40.71235,-73.93963,453.0,5.0,9.0,0.0547945205479452,9060.0,106681.49999999999
55025113,Traditional NYC Oasis - Near Times Square,Manhattan,Hell's Kitchen,40.76384,-73.98822,830.0,5.0,31.0,0.34794520547945207,105410.00000000001,106654.99999999999
20267217,Traditional NYC Oasis - Near Times Square,Manhattan,Hell's Kitchen,40.76384,-73.98822,830.0,5.0,31.0,0.34794520547945207,105410.00000000001,106654.99999999999
7623965,Inviting & immaculate 1BR - 15 min to midtown,Manhattan,Harlem,40.80786,-73.94313,728.0,5.0,3.0,0.29863013698630136,79352.0,106652.0
34744657,Times Square room with private bath,Manhattan,Theater District,40.75882,-73.98362,900.0,5.0,153.0,0.37534246575342467,123300.0,106650.0
37791696,High comfort private room! New interior design!,Brooklyn,Williamsburg,40.7063,-73.94245,537.0,5.0,1.0,0.15616438356164383,30609.0,106594.5
16382339,*AWESOME PLACE*2 MIN SUBWAY!,Brooklyn,Bushwick,40.68235,-73.90381,445.0,5.0,58.0,0.043835616438356165,7120.0,106577.5
28551717,Spacious affordable room rental in Oceanhill,Brooklyn,Crown Heights,40.67315,-73.92039,434.0,5.0,4.0,0.0273972602739726,4340.0,106546.99999999999
50864085,Hotel Room King/Queen at Wyndham Midtown 45 Resort,Manhattan,Midtown,40.75198,-73.97266,417.0,5.0,3.0,0.0,0.0,106543.49999999999
43873071,Hotel Room King/Queen at Wyndham Midtown 45 Resort,Manhattan,Midtown,40.75198,-73.97266,417.0,5.0,3.0,0.0,0.0,106543.49999999999
12301394,Hotel Room King/Queen at Wyndham Midtown 45 Resort,Manhattan,Midtown,40.75198,-73.97266,417.0,5.0,3.0,0.0,0.0,106543.49999999999
46381618,"Comfy “sofa bed"" next to LGA AIRPORT and #7 train",Queens,Corona,40.74905,-73.86499,417.0,5.0,26.0,0.0,0.0,106543.49999999999
56533444,Hotel Room King/Queen at Wyndham Midtown 45 Resort,Manhattan,Midtown,40.75198,-73.97266,417.0,5.0,3.0,0.0,0.0,106543.49999999999
14809941,"Comfy “sofa bed"" next to LGA AIRPORT and #7 train",Queens,Corona,40.74905,-73.86499,417.0,5.0,26.0,0.0,0.0,106543.49999999999
36087850,Wonderful studio in the UES (30 days MIN),Manhattan,Upper East Side,40.7749,-73.95336,483.0,5.0,2.0,0.0958904109589041,16905.0,106501.49999999999
22489672,Clean apt for 5 close to the city & with free gym,Brooklyn,Bushwick,40.68238,-73.90641,458.0,5.0,3.0,0.06301369863013699,10534.0,106484.99999999999
32626586,Another Quaint Studio in Central Harlem near all,Manhattan,Harlem,40.80682,-73.94976,698.0,5.0,4.0,0.2821917808219178,71894.0,106445.0
22674693,Great unit in prime Williamsburg,Brooklyn,Williamsburg,40.71716,-73.95183,972.0,5.0,1.0,0.4,141912.0,106434.0
4960775,UES LRG 1BR SLEEPS 4~61ST~Gr8 value,Manhattan,Upper East Side,40.76201,-73.96084,945.0,5.0,5.0,0.3917808219178082,135135.0,106312.5
25553833,Empire state building neighbor,Manhattan,Midtown,40.74673,-73.98191,847.0,5.0,4.0,0.3561643835616438,110110.0,106298.5
36408184,Spacious Place in Brooklyn New York,Brooklyn,Bedford-Stuyvesant,40.67986,-73.91107,416.0,5.0,39.0,0.0,0.0,106288.0
4814415,PenthousPrivate room & bath w roof,Brooklyn,Bedford-Stuyvesant,40.69147,-73.94113,595.0,5.0,180.0,0.21095890410958903,45815.0,106207.5
31874906,Brand New Apt off Lexington Ave Best Location,Manhattan,Upper East Side,40.77934,-73.95668,535.0,5.0,21.0,0.15616438356164383,30495.0,106197.5
36539080,1+ Bedroom in Windsor Terrace near Prospect Park,Brooklyn,Windsor Terrace,40.65306,-73.97432,661.0,5.0,143.0,0.2602739726027397,62795.0,106090.5
8145337,Cozy private room in Bayridge Brooklyn New York,Brooklyn,Fort Hamilton,40.61634,-74.03378,641.0,5.0,9.0,0.2465753424657534,57690.0,106085.5
23046391,"Newly Renovated Stylish Luxury 2 bedroom, first fl",Bronx,West Farms,40.83942,-73.87518,529.0,5.0,4.0,0.1506849315068493,29094.999999999996,106064.49999999997
7175498,Charming Upper West Side Apartment,Manhattan,Upper West Side,40.78322,-73.97435,819.0,5.0,2.0,0.3452054794520548,103194.00000000001,106060.49999999996
26641311,Gorgeous Two Bedroom Apartment Columbias Campus,Manhattan,Morningside Heights,40.8127,-73.96163,415.0,5.0,1.0,0.0,0.0,106032.5
1732029,Beautiful Park Slope 2 bedroom,Brooklyn,Park Slope,40.66732,-73.98233,521.0,5.0,4.0,0.14246575342465753,27092.0,106023.5
43299784,Midtown East Stunner,Manhattan,Midtown,40.75592,-73.96891,456.0,5.0,8.0,0.06301369863013699,10488.0,106020.0
11728107,Midtown East Stunner,Manhattan,Midtown,40.75592,-73.96891,456.0,5.0,8.0,0.06301369863013699,10488.0,106020.0
50290797,Midtown East Stunner,Manhattan,Midtown,40.75592,-73.96891,456.0,5.0,8.0,0.06301369863013699,10488.0,106020.0
23293269,Sunny Spacious 2BR Apt in Heart of Bushwick,Brooklyn,Bushwick,40.70146,-73.92841,977.0,5.0,7.0,0.40273972602739727,143619.0,106004.5
38110373,Brand new studio apt at east Manhattan,Manhattan,Roosevelt Island,40.76281,-73.94896,618.0,5.0,1.0,0.23013698630136986,51912.0,105987.0
36162963,Cozy studio in the Lower East Side #9,Manhattan,Lower East Side,40.72287,-73.99165,1184.0,5.0,11.0,0.4547945205479452,196544.0,105968.0
4354902,Entire Amazing Chic Studio @ Lower East,Manhattan,Lower East Side,40.72169,-73.98773,1109.0,5.0,21.0,0.4383561643835616,177440.0,105909.5
6323851,My Spacious & Comfy Home Away,Brooklyn,Crown Heights,40.67647,-73.94813,976.0,5.0,23.0,0.40273972602739727,143472.0,105895.99999999997
6404487,Bedroom in Midtown Apartment,Manhattan,Midtown,40.75737,-73.96916,1144.0,5.0,1.0,0.4465753424657534,186472.0,105820.0
30861988,Spacious bedroom away from home,Manhattan,Washington Heights,40.83718,-73.94547,486.0,5.0,157.0,0.10410958904109589,18468.0,105705.0
10936661,Two bedroom apt in house with private entrance,Brooklyn,Crown Heights,40.67114,-73.93238,849.0,5.0,137.0,0.3589041095890411,111219.0,105700.49999999997
49499351,Two bedroom apt in house with private entrance,Brooklyn,Crown Heights,40.67114,-73.93238,849.0,5.0,137.0,0.3589041095890411,111219.0,105700.49999999997
2137969,Rare Spacious Quiet Prime Williamsburg Duplex Loft,Brooklyn,Williamsburg,40.71579,-73.9588,939.0,5.0,22.0,0.3917808219178082,134277.0,105637.49999999997
2241250,Private Brownstone,Manhattan,East Harlem,40.79417,-73.94376,1154.0,5.0,235.0,0.44931506849315067,189256.0,105591.0
31504865,Mid-Century Modern Garden Paradise,Brooklyn,Bedford-Stuyvesant,40.68217,-73.91003,1193.0,5.0,285.0,0.4575342465753425,199231.0,105580.49999999994
18059122,Cozy mezzanine bdrm in charming Bklyn neighborhood,Brooklyn,Sunset Park,40.66162,-73.99129,464.0,5.0,45.0,0.07671232876712329,12992.000000000002,105559.99999999999
41784825,Cozy mezzanine bdrm in charming Bklyn neighborhood,Brooklyn,Sunset Park,40.66162,-73.99129,464.0,5.0,45.0,0.07671232876712329,12992.000000000002,105559.99999999999
52817017,Cozy mezzanine bdrm in charming Bklyn neighborhood,Brooklyn,Sunset Park,40.66162,-73.99129,464.0,5.0,45.0,0.07671232876712329,12992.000000000002,105559.99999999999
33404225,Private bed+bath in luxury apartment!,Brooklyn,Fort Greene,40.69448,-73.97953,423.0,5.0,3.0,0.01643835616438356,2537.9999999999995,105538.49999999999
13935650,Entire One Bedroom Apt-Great Location In Manhattan,Manhattan,Midtown,40.75452,-73.96634,955.0,5.0,120.0,0.3972602739726027,138475.0,105527.5
45507327,Entire One Bedroom Apt-Great Location In Manhattan,Manhattan,Midtown,40.75452,-73.96634,955.0,5.0,120.0,0.3972602739726027,138475.0,105527.5
34857878,Lovely private room mins away from time square,Bronx,Melrose,40.81794,-73.92286,773.0,5.0,1.0,0.32602739726027397,91987.0,105514.49999999997
36834008,"@ Ferry Huge Private Space, 2Beds",Staten Island,St. George,40.64399,-74.08063,868.0,5.0,1.0,0.36712328767123287,116312.0,105461.99999999997
54844511,WeLive Wall Street -- Four Bedroom / Two Bath,Manhattan,Financial District,40.70448,-74.00615,1127.0,5.0,25.0,0.4438356164383562,182574.0,105374.5
20086615,WeLive Wall Street -- Four Bedroom / Two Bath,Manhattan,Financial District,40.70448,-74.00615,1127.0,5.0,25.0,0.4438356164383562,182574.0,105374.5
2659893,"Modern, Sunny Duplex PENTHOUSE  w/ BALCONY",Brooklyn,Bedford-Stuyvesant,40.69194,-73.95952,1059.0,5.0,78.0,0.4273972602739726,165204.0,105370.5
32942502,Private Bathroom Close To Everything - 27,Manhattan,Morningside Heights,40.80433,-73.965,1059.0,5.0,26.0,0.4273972602739726,165204.0,105370.5
48845428,Charming 3 BR in Midtown West,Manhattan,Hell's Kitchen,40.76327,-73.98937,1038.0,5.0,4.0,0.42191780821917807,159852.0,105356.99999999994
10282738,Charming 3 BR in Midtown West,Manhattan,Hell's Kitchen,40.76327,-73.98937,1038.0,5.0,4.0,0.42191780821917807,159852.0,105356.99999999994
32740360,Modern Brand New 3 Bedroom/2 Baths In Hip Brooklyn,Brooklyn,Bedford-Stuyvesant,40.68747,-73.94148,673.0,5.0,65.0,0.27123287671232876,66627.0,105324.5
30617871,"Cozy 2 Bedroom Apt, Close to airport and Manhattan",Queens,East Elmhurst,40.75667,-73.88904,1090.0,5.0,108.0,0.43561643835616437,173310.0,105185.0
8596013,student friendly and cozy in Brooklyn!,Brooklyn,Crown Heights,40.6765,-73.94277,460.0,5.0,6.0,0.07397260273972603,12420.0,105110.0
29884417,"Lovely, Spacious Studio near Prospect Heights!!!",Brooklyn,Crown Heights,40.67712,-73.95903,428.0,5.0,5.0,0.0273972602739726,4280.0,105073.99999999999
6570177,Perfect 2BR for a family!,Brooklyn,Boerum Hill,40.68658,-73.9891,448.0,5.0,17.0,0.057534246575342465,9408.0,105055.99999999999
34815351,High-end doorman bldg in the LES,Manhattan,East Village,40.72113,-73.98213,424.0,5.0,121.0,0.021917808219178082,3392.0000000000005,104939.99999999999
3509883,Private 1 bd Apt 1 blk off the J,Brooklyn,Bushwick,40.69465,-73.92675,924.0,5.0,10.0,0.38904109589041097,131208.0,104873.99999999997
46674889,Tiny Apt,Manhattan,SoHo,40.72443,-74.00141,463.0,5.0,32.0,0.07945205479452055,13427.000000000002,104869.49999999999
15103212,Tiny Apt,Manhattan,SoHo,40.72443,-74.00141,463.0,5.0,32.0,0.07945205479452055,13427.000000000002,104869.49999999999
29428217,Private Pod in the heart of Brooklyn,Brooklyn,Midwood,40.62742,-73.96114,994.0,5.0,7.0,0.410958904109589,149100.0,104866.99999999997
2583123,"Bushwick Biodome Loft, Fun & Unique, Great View!",Brooklyn,Williamsburg,40.70537,-73.92975,706.0,5.0,142.0,0.29315068493150687,75542.0,104841.0
3959455,Midtown NYC 2bdrm with patio! 2D,Manhattan,Midtown,40.7495,-73.98313,477.0,5.0,13.0,0.09863013698630137,17172.0,104701.49999999999
28443466,National at 888 Sixth Avenue - Studio,Manhattan,Midtown,40.7473,-73.98923,796.0,5.0,11.0,0.33972602739726027,98704.0,104673.99999999997
13720805,Large 1 Bedroom in Astoria/Long Island City!,Queens,Astoria,40.76843,-73.93257,466.0,5.0,17.0,0.08493150684931507,14446.0,104617.0
45292482,Large 1 Bedroom in Astoria/Long Island City!,Queens,Astoria,40.76843,-73.93257,466.0,5.0,17.0,0.08493150684931507,14446.0,104617.0
5384389,Location Angel Marlie ( only female),Queens,Jackson Heights,40.75181,-73.89064,1107.0,5.0,1.0,0.4410958904109589,178227.0,104611.5
26095087,Spacious Park Slope Apartment,Brooklyn,Sunset Park,40.66138,-73.99632,409.0,5.0,3.0,0.0,0.0,104499.49999999999
6121157,LARGE APARTMENT near TRAIN!!,Brooklyn,Bushwick,40.68774,-73.9155,478.0,5.0,103.0,0.10136986301369863,17686.0,104442.99999999999
52341487,Nice Room for ONE (1) Person,Brooklyn,Crown Heights,40.67544,-73.94023,455.0,5.0,21.0,0.07123287671232877,11830.000000000002,104422.5
17583591,Nice Room for ONE (1) Person,Brooklyn,Crown Heights,40.67544,-73.94023,455.0,5.0,21.0,0.07123287671232877,11830.000000000002,104422.5
37708299,New! Beautiful! Fun Home! Main St! Free Parking,Queens,Flushing,40.74451,-73.82444,459.0,5.0,9.0,0.07671232876712329,12852.0,104422.49999999999
30047345,"Private Townhouse XL, Steps from Empire State",Manhattan,Kips Bay,40.74522,-73.97765,1070.0,5.0,27.0,0.4328767123287671,169060.0,104325.0
6751884,Large room in Bushwick!,Brooklyn,Bushwick,40.70158,-73.92724,439.0,5.0,22.0,0.049315068493150684,7901.999999999999,104262.49999999999
37345990,One Bedroom & Artist Studio in West Harlem!,Manhattan,Harlem,40.8215,-73.95655,421.0,5.0,23.0,0.021917808219178082,3368.0,104197.5
32417817,Spacious RM with own Bathroom 20min > Manhattan,Queens,Woodside,40.7448,-73.90643,622.0,5.0,4.0,0.2410958904109589,54736.00000000001,104185.0
22204685,Dandy Room Close to Metro,Brooklyn,Bedford-Stuyvesant,40.68795,-73.95614,517.0,5.0,9.0,0.14794520547945206,27917.999999999996,104175.5
14651983,The City Farmhouse APT A **MONTHLY RENTALS**,Queens,Astoria,40.75829,-73.91298,757.0,5.0,10.0,0.3232876712328767,89326.0,104087.5
46223660,The City Farmhouse APT A **MONTHLY RENTALS**,Queens,Astoria,40.75829,-73.91298,757.0,5.0,10.0,0.3232876712328767,89326.0,104087.5
17523943,Cozy Private 3 Bedroom Garden Apt in Williamsburg,Brooklyn,Williamsburg,40.7117,-73.9624,614.0,5.0,40.0,0.2356164383561644,52804.0,104072.99999999997
52281839,Cozy Private 3 Bedroom Garden Apt in Williamsburg,Brooklyn,Williamsburg,40.7117,-73.9624,614.0,5.0,40.0,0.2356164383561644,52804.0,104072.99999999997
32274771,A Gem in Brooklyn,Brooklyn,East Flatbush,40.63761,-73.94399,705.0,5.0,47.0,0.2958904109589041,76140.0,103987.49999999997
25502469,Time Square South - Sunny Lux Twin Hotel Room,Manhattan,Chelsea,40.75029,-73.99492,418.0,5.0,3.0,0.019178082191780823,2926.0,103872.99999999999
42432121,Stylish Industrial Theater District Apartment,Manhattan,Theater District,40.76219,-73.98564,534.0,5.0,16.0,0.16712328767123288,32574.0,103862.99999999997
24423274,Stylish Industrial Theater District Apartment,Manhattan,Theater District,40.76219,-73.98564,534.0,5.0,16.0,0.16712328767123288,32574.0,103862.99999999997
47762920,Bright Room for Rent Close 2 Train!,Brooklyn,Bushwick,40.6913,-73.90998,620.0,5.0,17.0,0.2410958904109589,54560.00000000001,103850.0
9200230,Bright Room for Rent Close 2 Train!,Brooklyn,Bushwick,40.6913,-73.90998,620.0,5.0,17.0,0.2410958904109589,54560.00000000001,103850.0
1891644,Private Room Williamsburg(Ariel) 4p,Brooklyn,Williamsburg,40.71141,-73.95427,713.0,5.0,164.0,0.3013698630136986,78429.99999999999,103741.50000000001
44641321,Adorable one bedroom next to Central Park,Manhattan,Upper West Side,40.7979,-73.96024,974.0,5.0,2.0,0.40821917808219177,145126.0,103730.99999999997
51632334,Adorable one bedroom next to Central Park,Manhattan,Upper West Side,40.7979,-73.96024,974.0,5.0,2.0,0.40821917808219177,145126.0,103730.99999999997
57301693,Adorable one bedroom next to Central Park,Manhattan,Upper West Side,40.7979,-73.96024,974.0,5.0,2.0,0.40821917808219177,145126.0,103730.99999999997
13069643,Adorable one bedroom next to Central Park,Manhattan,Upper West Side,40.7979,-73.96024,974.0,5.0,2.0,0.40821917808219177,145126.0,103730.99999999997
15930557,Elegant Private Apartment in a Historic Brownstone,Manhattan,Harlem,40.80989,-73.9549,771.0,5.0,111.0,0.3315068493150685,93291.00000000001,103699.49999999996
4088693,Modern spacious flat in Manhattan,Manhattan,Inwood,40.87279,-73.91991,517.0,5.0,61.0,0.1506849315068493,28435.0,103658.5
31465099,Newly Reno studio Gramercy~ W/D in unit~Best Value,Manhattan,Kips Bay,40.73813,-73.98133,964.0,5.0,4.0,0.4054794520547945,142672.0,103629.99999999997
40032929,nice room in bedstuy H,Brooklyn,Bedford-Stuyvesant,40.6824,-73.95039,497.0,5.0,127.0,0.12876712328767123,23359.0,103624.49999999999
25732225,Double Room,Staten Island,Oakwood,40.55908,-74.11992,407.0,5.0,1.0,0.0027397260273972603,407.0,103581.49999999999
25194285,Beautiful 2BR Bed Stuy Apartment,Brooklyn,Bedford-Stuyvesant,40.67917,-73.94624,732.0,5.0,3.0,0.31232876712328766,83448.0,103578.0
33020376,Charming and Artsy LES 1-Bedroom,Manhattan,Lower East Side,40.71781,-73.98369,666.0,5.0,17.0,0.273972602739726,66600.0,103563.0
41107705,Big Sunny Room in Manhattan!!! (B6),Manhattan,Harlem,40.81959,-73.9379,447.0,5.0,17.0,0.06575342465753424,10727.999999999998,103480.49999999999
34286248,Family Friendly Brooklyn House,Brooklyn,Gowanus,40.66935,-73.9938,405.0,5.0,22.0,0.0,0.0,103477.5
28476604,Modern Apt - Vibrant Neighborhood!,Brooklyn,Prospect-Lefferts Gardens,40.65534,-73.95993,817.0,5.0,415.0,0.35342465753424657,105392.99999999999,103350.50000000001
11615437,~**GORGEOUS DOWNTOWN LOFTS**~ MULTIPLE SPACES,Manhattan,Chinatown,40.71745,-73.99409,406.0,5.0,23.0,0.0027397260273972603,406.00000000000006,103327.0
43187115,~**GORGEOUS DOWNTOWN LOFTS**~ MULTIPLE SPACES,Manhattan,Chinatown,40.71745,-73.99409,406.0,5.0,23.0,0.0027397260273972603,406.00000000000006,103327.0
50178128,~**GORGEOUS DOWNTOWN LOFTS**~ MULTIPLE SPACES,Manhattan,Chinatown,40.71745,-73.99409,406.0,5.0,23.0,0.0027397260273972603,406.00000000000006,103327.0
38230222,Private bedroom (15 min Manhattan).,Brooklyn,Bedford-Stuyvesant,40.69521,-73.9357,475.0,5.0,21.0,0.10410958904109589,18050.0,103312.5
23482708,1B  share Rm Bed1 Guesthouse in Manhattan,Manhattan,East Harlem,40.80745,-73.93955,404.0,5.0,2.0,0.0,0.0,103221.99999999999
55461982,Brand New 3-Bedroom in Trendy L.E.S. #10296,Manhattan,Lower East Side,40.71935,-73.98361,605.0,5.0,33.0,0.2328767123287671,51425.0,103152.5
20704086,Brand New 3-Bedroom in Trendy L.E.S. #10296,Manhattan,Lower East Side,40.71935,-73.98361,605.0,5.0,33.0,0.2328767123287671,51425.0,103152.5
38309753,LAKOU LAKAY- A HOME AWAY FROM HOME,Brooklyn,Flatbush,40.64052,-73.95351,408.0,5.0,129.0,0.00821917808219178,1223.9999999999998,103019.99999999999
31036515,Cozy one bedroom apartment with modern touch!,Brooklyn,East Flatbush,40.65666,-73.93776,884.0,5.0,119.0,0.38082191780821917,122875.99999999999,102985.99999999999
36139767,"Manhattan Furnished Room near Central Park, Subway",Manhattan,East Harlem,40.79295,-73.94503,967.0,5.0,2.0,0.40821917808219177,144083.0,102985.5
26739621,"2 Rooms in Brooklyn NY, 1 block from Subway!",Brooklyn,Bay Ridge,40.63066,-74.03136,409.0,5.0,5.0,0.010958904109589041,1636.0,102863.49999999999
15411948,Cozy Studio In Crown Heights,Brooklyn,Crown Heights,40.67785,-73.95086,633.0,5.0,85.0,0.2547945205479452,58869.0,102862.5
46983625,Cozy Studio In Crown Heights,Brooklyn,Crown Heights,40.67785,-73.95086,633.0,5.0,85.0,0.2547945205479452,58869.0,102862.5
7225757,An Exquisite Private Bedroom.,Brooklyn,Prospect-Lefferts Gardens,40.65973,-73.94826,975.0,5.0,5.0,0.410958904109589,146250.0,102862.5
44955027,HUGE PRISTINE VERSACE DUPLEX APT. IN BROOKLYN,Brooklyn,Bedford-Stuyvesant,40.69171,-73.9575,948.0,5.0,80.0,0.40273972602739727,139356.0,102857.99999999997
13383350,HUGE PRISTINE VERSACE DUPLEX APT. IN BROOKLYN,Brooklyn,Bedford-Stuyvesant,40.69171,-73.9575,948.0,5.0,80.0,0.40273972602739727,139356.0,102857.99999999997
36915196,Cute room close to M train,Queens,Ridgewood,40.7036,-73.90711,456.0,5.0,16.0,0.0821917808219178,13680.0,102828.0
10893581,"Two-Bedroom Apartment, 10 Minutes to Manhattan",Queens,Astoria,40.7626,-73.91341,1123.0,5.0,6.0,0.44931506849315067,184172.0,102754.49999999994
49456272,"Two-Bedroom Apartment, 10 Minutes to Manhattan",Queens,Astoria,40.7626,-73.91341,1123.0,5.0,6.0,0.44931506849315067,184172.0,102754.49999999994
15158442,Fabulous flat iron 2 bedroom 2 bathroom,Manhattan,Flatiron District,40.73969,-73.98962,440.0,5.0,43.0,0.06027397260273973,9680.0,102740.0
46730119,Fabulous flat iron 2 bedroom 2 bathroom,Manhattan,Flatiron District,40.73969,-73.98962,440.0,5.0,43.0,0.06027397260273973,9680.0,102740.0
3228762,Large newly renovated studio,Manhattan,Harlem,40.81472,-73.94291,520.0,5.0,124.0,0.1589041095890411,30160.000000000004,102700.0
3803706,"Cozy Brooklyn  studio, 30 min to Manhattan",Brooklyn,Prospect-Lefferts Gardens,40.6553,-73.95816,736.0,5.0,24.0,0.3178082191780822,85376.0,102671.99999999997
6054881,Charming UWS 1-bedroom w/loft,Manhattan,Upper West Side,40.77828,-73.9764,955.0,5.0,1.0,0.4054794520547945,141340.0,102662.5
6054881,Charming UWS 1-bedroom w/loft,Manhattan,Upper West Side,40.77828,-73.9764,955.0,5.0,1.0,0.4054794520547945,141340.0,102662.5
33666567,Lovely 2 bedroom unit w.free parking near property,Brooklyn,Brownsville,40.67231,-73.90383,451.0,5.0,8.0,0.07671232876712329,12628.0,102602.5
34799887,433 West 53-Cozy Studio in a Brand New Building,Manhattan,Hell's Kitchen,40.76737,-73.98787,798.0,5.0,2.0,0.34794520547945207,101346.0,102542.99999999997
30284834,"NEW LISTING!Cozy, beautiful 3BR Apt. in Queens NY",Brooklyn,Cypress Hills,40.69012,-73.86788,406.0,5.0,1.0,0.00821917808219178,1218.0,102515.0
47381281,Gorgeous private bedroom in the 2 bd apt,Manhattan,Financial District,40.70571,-74.01031,401.0,5.0,1.0,0.0,0.0,102455.5
15809604,Gorgeous private bedroom in the 2 bd apt,Manhattan,Financial District,40.70571,-74.01031,401.0,5.0,1.0,0.0,0.0,102455.5
2528446,Private room in 2 bedroom apartment,Brooklyn,Williamsburg,40.7057,-73.93836,663.0,5.0,31.0,0.27671232876712326,66963.0,102433.5
17917733,Spacious shared room in modern Bed-Stuy,Brooklyn,Bedford-Stuyvesant,40.69312,-73.94073,442.0,5.0,4.0,0.06575342465753424,10607.999999999998,102322.99999999999
41643436,Spacious shared room in modern Bed-Stuy,Brooklyn,Bedford-Stuyvesant,40.69312,-73.94073,442.0,5.0,4.0,0.06575342465753424,10607.999999999998,102322.99999999999
52675629,Spacious shared room in modern Bed-Stuy,Brooklyn,Bedford-Stuyvesant,40.69312,-73.94073,442.0,5.0,4.0,0.06575342465753424,10607.999999999998,102322.99999999999
16411611,"Cosy space,  30 min to Manhattan 15 Barclay Center",Brooklyn,East Flatbush,40.65532,-73.91793,402.0,5.0,1.0,0.0027397260273972603,401.99999999999994,102308.99999999999
31934554,COZY house - 30min from Manhattan - 2 bedroom.,Queens,Ditmars Steinway,40.78042,-73.90752,481.0,5.0,36.0,0.1178082191780822,20683.0,102212.5
6289056,Modern 1BR in Heart of Williamsburg,Brooklyn,Williamsburg,40.71969,-73.9562,545.0,5.0,1.0,0.1863013698630137,37060.00000000001,102187.5
28942745,Cozy Brooklyn Garden Level Apartment w/ Backyard!,Brooklyn,Bedford-Stuyvesant,40.69361,-73.93003,771.0,5.0,31.0,0.336986301369863,94833.0,102157.49999999997
32006906,Double Georgian Studio in the Heart of Chelsea,Manhattan,Chelsea,40.73841,-73.99353,443.0,5.0,29.0,0.0684931506849315,11074.999999999998,102111.49999999999
3980442,Bed & Bath in Park Slope Mansion,Brooklyn,Park Slope,40.67927,-73.97434,1047.0,5.0,117.0,0.4328767123287671,165426.0,102082.5
36727966,"Clean, spacious entire 1br in NYC!",Manhattan,Midtown,40.7643,-73.98098,636.0,5.0,47.0,0.2602739726027397,60419.99999999999,102078.0
40622786,Modern & Stylish HK Private Bedroom,Manhattan,Hell's Kitchen,40.76769,-73.99405,401.0,5.0,17.0,0.0027397260273972603,401.0,102054.5
29729221,"Private room, quiet 2 level Remodeled Brownstone!",Brooklyn,Bedford-Stuyvesant,40.69411,-73.94524,581.0,5.0,130.0,0.2191780821917808,46480.0,101965.5
35066648,Peaceful 2 Bedroom near Central Park,Manhattan,Upper West Side,40.7958,-73.96858,501.0,5.0,1.0,0.14246575342465753,26052.0,101953.5
44604869,Amazing Apartment | Skyline Views,Manhattan,Murray Hill,40.74526,-73.97679,399.0,5.0,1.0,0.0,0.0,101944.49999999999
13033192,Amazing Apartment | Skyline Views,Manhattan,Murray Hill,40.74526,-73.97679,399.0,5.0,1.0,0.0,0.0,101944.49999999999
51595882,Amazing Apartment | Skyline Views,Manhattan,Murray Hill,40.74526,-73.97679,399.0,5.0,1.0,0.0,0.0,101944.49999999999
57265242,Amazing Apartment | Skyline Views,Manhattan,Murray Hill,40.74526,-73.97679,399.0,5.0,1.0,0.0,0.0,101944.49999999999
32614436,Brand new 3BR~Prime UES~W/D in unit,Manhattan,Upper East Side,40.77011,-73.95687,571.0,5.0,3.0,0.21095890410958903,43967.0,101923.5
28394311,Williamsburg Urban Haven,Brooklyn,Williamsburg,40.71427,-73.95424,812.0,5.0,125.0,0.3561643835616438,105559.99999999999,101906.00000000001
16760664,Shared room with Bed Tent (Privacy Pop).,Queens,Corona,40.74061,-73.85651,429.0,5.0,8.0,0.049315068493150684,7721.999999999999,101887.49999999999
36286126,626 10th ave-2 Bed Apt.,Manhattan,Hell's Kitchen,40.76111,-73.99409,741.0,5.0,7.0,0.3232876712328767,87438.0,101887.49999999997
28722930,Renovated Private 2 Bedroom Apt in Chelsea (23/7),Manhattan,Chelsea,40.7458,-73.99857,845.0,5.0,201.0,0.3698630136986301,114074.99999999999,101822.50000000001
36063549,Centrally Located Chic Manhattan Apartment,Manhattan,Kips Bay,40.74471,-73.97706,947.0,5.0,2.0,0.4054794520547945,140156.0,101802.5
22818291,Updated Private Bedroom in Co-Living Space 2L-3,Brooklyn,Fort Greene,40.69758,-73.97432,505.0,5.0,1.0,0.14794520547945206,27270.000000000004,101757.5
30572583,Modern Private Room | Laundry/Gym,Manhattan,Hell's Kitchen,40.75677,-73.99568,667.0,5.0,1.0,0.2821917808219178,68701.0,101717.5
45286407,Adorable room in Astoria - 20 mins to Manhattan!,Queens,Astoria,40.76682,-73.90807,445.0,5.0,27.0,0.07397260273972603,12015.0,101682.5
13714730,Adorable room in Astoria - 20 mins to Manhattan!,Queens,Astoria,40.76682,-73.90807,445.0,5.0,27.0,0.07397260273972603,12015.0,101682.5
35190915,Cozy 3 bed 1 bath with Balcony near Central Park,Manhattan,Upper West Side,40.79515,-73.96679,603.0,5.0,2.0,0.23835616438356164,52461.0,101605.5
3243674,1 BR with private bath new building,Manhattan,Harlem,40.8127,-73.94367,446.0,5.0,23.0,0.07671232876712329,12488.0,101465.0
36698694,"Magnificent Place To Stay! 4 Modern Units, Restaurant, Bar, Close to Soho Shopping, Minutes to Empire State and Brooklyn Bridge Park!",Manhattan,Midtown,40.75124,-73.98598,400.0,5.0,1.0,0.005479452054794521,800.0,101400.0
52656298,One Bedroom Apartment beside Empire State #4,Manhattan,Midtown,40.7474,-73.98685,951.0,5.0,4.0,0.40821917808219177,141699.0,101281.49999999997
41624106,One Bedroom Apartment beside Empire State #4,Manhattan,Midtown,40.7474,-73.98685,951.0,5.0,4.0,0.40821917808219177,141699.0,101281.49999999997
17898402,One Bedroom Apartment beside Empire State #4,Manhattan,Midtown,40.7474,-73.98685,951.0,5.0,4.0,0.40821917808219177,141699.0,101281.49999999997
30512934,Sunny Room w/ Private Bath in Williamsburg!,Brooklyn,Williamsburg,40.71644,-73.96194,1083.0,5.0,112.0,0.4438356164383562,175446.0,101260.49999999994
28767666,"Cozy room for one JFK, LGA & subway to Manhattan",Queens,Jamaica,40.68655,-73.80434,451.0,5.0,100.0,0.08493150684931507,13981.0,101249.5
32240529,4th fl Large Private Room - Central Park & Rooftop,Manhattan,Upper East Side,40.77591,-73.95754,892.0,5.0,75.0,0.38904109589041097,126664.0,101242.0
12475921,Big Bright Room ☼ Lower East Side,Manhattan,Chinatown,40.71523,-73.99242,474.0,5.0,11.0,0.11506849315068493,19908.0,101198.99999999999
44047598,Big Bright Room ☼ Lower East Side,Manhattan,Chinatown,40.71523,-73.99242,474.0,5.0,11.0,0.11506849315068493,19908.0,101198.99999999999
56707971,Big Bright Room ☼ Lower East Side,Manhattan,Chinatown,40.71523,-73.99242,474.0,5.0,11.0,0.11506849315068493,19908.0,101198.99999999999
2290404,Elegant 2BR in Manhattan 15 mins to Midtown,Manhattan,Harlem,40.80745,-73.94279,426.0,5.0,19.0,0.049315068493150684,7668.0,101175.0
53093720,Sunny Apartment in Park Slope,Brooklyn,South Slope,40.66409,-73.9909,986.0,5.0,90.0,0.4191780821917808,150858.0,101064.99999999997
18335824,Sunny Apartment in Park Slope,Brooklyn,South Slope,40.66409,-73.9909,986.0,5.0,90.0,0.4191780821917808,150858.0,101064.99999999997
36972083,Brand NEW Room in Luxury  Apartment,Brooklyn,Bedford-Stuyvesant,40.68851,-73.94214,397.0,5.0,1.0,0.0027397260273972603,397.00000000000006,101036.49999999999
34506063,Comfy 2 Bedroom and 2 Bathroom apt,Manhattan,Lower East Side,40.71825,-73.99375,1069.0,5.0,9.0,0.4410958904109589,172109.0,101020.5
1926439,Perfect Midtown Apt E. 50th St,Manhattan,Midtown,40.75383,-73.96777,995.0,5.0,22.0,0.42191780821917807,153230.0,100992.5
33519103,Flushing downtown luxury suite 203,Queens,Flushing,40.74379,-73.83336,408.0,5.0,62.0,0.021917808219178082,3264.0,100979.99999999999
23395996,Cozy Apt in Kensington,Brooklyn,Kensington,40.64557,-73.98097,637.0,5.0,2.0,0.26575342465753427,61789.0,100964.5
3387824,Quiet & Central West Village Artist’s 2 Bedroom,Manhattan,West Village,40.72965,-74.00397,804.0,5.0,44.0,0.3561643835616438,104520.0,100901.99999999997
37243814,West Village Clubhouse Great for Shoots + Stays,Manhattan,West Village,40.73805,-74.00649,613.0,5.0,1.0,0.2493150684931507,55783.0,100838.5
36940049,Private Home Away From Home FREE WIFI-20min to JFK,Brooklyn,Flatlands,40.62927,-73.92178,628.0,5.0,3.0,0.2602739726027397,59659.99999999999,100794.0
33285480,Large Apartment in Brooklyn+ Balcony  (Water View),Brooklyn,Bergen Beach,40.62719,-73.91315,628.0,5.0,65.0,0.2602739726027397,59659.99999999999,100794.0
55623806,Sunnyside RM. Reasonable price. Great for commute!,Queens,Sunnyside,40.73998,-73.92143,1101.0,5.0,2.0,0.44931506849315067,180564.0,100741.5
20865910,Sunnyside RM. Reasonable price. Great for commute!,Queens,Sunnyside,40.73998,-73.92143,1101.0,5.0,2.0,0.44931506849315067,180564.0,100741.5
30632783,Stunning Apt Museum of Natural History,Manhattan,Upper West Side,40.78156,-73.97643,549.0,5.0,10.0,0.19726027397260273,39528.0,100741.49999999997
36243047,3BR~prime midtown~Brand new~Sleeps~best value,Manhattan,Hell's Kitchen,40.75733,-73.99266,407.0,5.0,2.0,0.021917808219178082,3256.0,100732.49999999999
55066535,Pleasant Place 5 mins away from JFK Airport,Queens,Springfield Gardens,40.66333,-73.7661,435.0,5.0,12.0,0.06575342465753424,10439.999999999998,100702.5
20308639,Pleasant Place 5 mins away from JFK Airport,Queens,Springfield Gardens,40.66333,-73.7661,435.0,5.0,12.0,0.06575342465753424,10439.999999999998,100702.5
20308639,Pleasant Place 5 mins away from JFK Airport,Queens,Springfield Gardens,40.66333,-73.7661,435.0,5.0,12.0,0.06575342465753424,10439.999999999998,100702.5
1830338,(B)  BARGAIN SPACE,Queens,Jamaica,40.67166,-73.76566,577.0,5.0,56.0,0.2219178082191781,46737.0,100686.5
36743431,New Studio~prime 20's~W/D~newly furnished,Manhattan,Kips Bay,40.73868,-73.97963,590.0,5.0,1.0,0.2328767123287671,50149.99999999999,100595.0
17757013,sleek and modern 600 sf studio/petite one bedroom,Manhattan,Upper East Side,40.78494,-73.94988,1011.0,5.0,8.0,0.4273972602739726,157716.00000000003,100594.49999999994
52514909,sleek and modern 600 sf studio/petite one bedroom,Manhattan,Upper East Side,40.78494,-73.94988,1011.0,5.0,8.0,0.4273972602739726,157716.00000000003,100594.49999999994
41482717,sleek and modern 600 sf studio/petite one bedroom,Manhattan,Upper East Side,40.78494,-73.94988,1011.0,5.0,8.0,0.4273972602739726,157716.00000000003,100594.49999999994
16327661,Romantic Getaway,Bronx,Pelham Bay,40.84607,-73.83842,420.0,5.0,1.0,0.043835616438356165,6720.0,100590.0
9844764,Peaceful room in a lovely Brooklyn duplex,Brooklyn,Windsor Terrace,40.65254,-73.98017,677.0,5.0,4.0,0.29315068493150687,72439.0,100534.5
48407454,Peaceful room in a lovely Brooklyn duplex,Brooklyn,Windsor Terrace,40.65254,-73.98017,677.0,5.0,4.0,0.29315068493150687,72439.0,100534.5
35409074,Private Room with Queen size bed,Manhattan,Hell's Kitchen,40.75985,-73.9956,970.0,5.0,75.0,0.41643835616438357,147440.0,100395.0
30088216,Cozy Entire Apartment near Times Square,Manhattan,Hell's Kitchen,40.76577,-73.98795,474.0,5.0,1.0,0.12054794520547946,20856.0,100250.99999999999
1242139,Astoria-Private Home NYC-,Queens,Astoria,40.75725,-73.91098,465.0,5.0,414.0,0.1095890410958904,18599.999999999996,100207.5
23796414,Top Luxury 3BR 2BA Balcony ->Gym City& River Views,Manhattan,Midtown,40.74838,-73.98444,429.0,5.0,2.0,0.06027397260273973,9438.0,100171.49999999999
7111431,Comfortable Private Apartment in Heart of Flatbush,Brooklyn,Midwood,40.62419,-73.96287,665.0,5.0,67.0,0.2876712328767123,69825.0,100082.49999999997
39582805,Gorgeous Duplex w Riverview Terrace,Manhattan,Upper West Side,40.78227,-73.9841,411.0,5.0,9.0,0.03287671232876712,4931.999999999999,100078.5
10180010,Single family BBQ - 15 min to midtown,Queens,Astoria,40.76026,-73.92235,436.0,5.0,4.0,0.07123287671232877,11336.0,100062.0
48742700,Single family BBQ - 15 min to midtown,Queens,Astoria,40.76026,-73.92235,436.0,5.0,4.0,0.07123287671232877,11336.0,100062.0
34841862,"Spacious, clean and stylish room close to all.",Bronx,Fieldston,40.88865,-73.90612,557.0,5.0,17.0,0.20821917808219179,42332.0,99981.5
23240800,Rose in Spanish Harlem,Manhattan,East Harlem,40.79132,-73.95083,873.0,5.0,15.0,0.3863013698630137,123093.0,99958.49999999997
27615016,SOHO One  bedroom Good vibes Perfect location,Manhattan,SoHo,40.72548,-74.0021,1069.0,5.0,1.0,0.4438356164383562,173178.0,99951.5
28630696,Street Art Brooklyn vibe * Sunny studio *,Brooklyn,Bushwick,40.698959,-73.922318,501.0,5.0,140.0,0.15342465753424658,28056.000000000004,99949.5
25743824,Super Spacious room in Brooklyn,Brooklyn,Bedford-Stuyvesant,40.6788,-73.92722,428.0,5.0,4.0,0.06027397260273973,9416.0,99937.99999999999
17376479,Howard Johnson JFK NYC,Queens,Jamaica,40.66745,-73.78156,391.0,5.0,4.0,0.0,0.0,99900.5
52134375,Howard Johnson JFK NYC,Queens,Jamaica,40.66745,-73.78156,391.0,5.0,4.0,0.0,0.0,99900.5
30044032,Shoreham Hotel - Chic Studio in the heart of Midtown Manhattan!,Manhattan,Midtown,40.76363,-73.9766,426.0,5.0,11.0,0.057534246575342465,8946.0,99897.0
46206539,Chic & Sleek Mid-Century Styled Apt,Brooklyn,Crown Heights,40.66589,-73.95103,711.0,5.0,6.0,0.3150684931506849,81765.0,99895.5
14634862,Chic & Sleek Mid-Century Styled Apt,Brooklyn,Crown Heights,40.66589,-73.95103,711.0,5.0,6.0,0.3150684931506849,81765.0,99895.5
33040811,Trendy Williamsburg! 1 block to subway (L).,Brooklyn,Williamsburg,40.71311,-73.94337,822.0,5.0,122.0,0.36712328767123287,110147.99999999999,99873.00000000001
4803922,"*OASIS* 2 BEDROOM, 2 BATH & Garden! Great UWS Area",Manhattan,Upper West Side,40.7813,-73.98319,748.0,5.0,20.0,0.33424657534246577,91256.0,99858.0
31953333,Hilltop in Manhattan,Manhattan,East Harlem,40.80735,-73.93825,433.0,5.0,8.0,0.0684931506849315,10825.0,99806.49999999999
18491020,Duplex STUDIO With Sunset View,Manhattan,Greenwich Village,40.72911,-74.00001,392.0,5.0,6.0,0.0027397260273972603,392.0,99763.99999999999
53248916,Duplex STUDIO With Sunset View,Manhattan,Greenwich Village,40.72911,-74.00001,392.0,5.0,6.0,0.0027397260273972603,392.0,99763.99999999999
35561509,"Private, quiet spacious room with tons of sun!",Queens,Astoria,40.75671,-73.92483,758.0,5.0,93.0,0.33972602739726027,93992.0,99677.0
35561509,"Private, quiet spacious room with tons of sun!",Queens,Astoria,40.75671,-73.92483,758.0,5.0,93.0,0.33972602739726027,93992.0,99677.0
36767179,Midtown East Modern Alcove Studio 5,Manhattan,Midtown,40.76021,-73.96595,1001.0,5.0,7.0,0.4273972602739726,156156.0,99599.49999999997
2983541,Williamsburg - country house in NYC,Brooklyn,Williamsburg,40.71473,-73.96495,653.0,5.0,52.0,0.2821917808219178,67259.0,99582.5
22871864,TIMES SQUARE 3BR FLAT APT,Manhattan,Hell's Kitchen,40.76291,-73.99179,1124.0,5.0,32.0,0.4575342465753425,187707.99999999997,99474.00000000003
6803248,"SPACIOUS APT, A/C, WIFI, SUBWAY!",Manhattan,Washington Heights,40.85296,-73.93527,907.0,5.0,27.0,0.4,132422.0,99316.5
21740753,Spacious 1BR BK Hideaway Steps from Prospect Pk,Brooklyn,Prospect-Lefferts Gardens,40.65581,-73.95732,647.0,5.0,12.0,0.27945205479452057,65994.0,99314.5
1737000,Charming Loft in the East Village,Manhattan,East Village,40.72304,-73.97923,398.0,5.0,5.0,0.01643835616438356,2387.9999999999995,99300.99999999999
29585623,Luxury room with balcony in  best part of Brooklyn,Brooklyn,Bedford-Stuyvesant,40.68524,-73.91553,1122.0,5.0,16.0,0.4575342465753425,187374.0,99297.0
28444571,"nice private room with balcony, WiFi, tv, a / c, microwave, refrigerator, desk, near the train station 7, E, F, R, M and buses that go to La Guardia airport a quiet place half a block from a grosery that is 24 hours, warm and friendly atmosphere",Queens,Woodside,40.74368,-73.89116,755.0,5.0,24.0,0.33972602739726027,93620.0,99282.5
35731065,New York - Queen Room,Manhattan,Hell's Kitchen,40.75535,-73.99563,406.0,5.0,5.0,0.030136986301369864,4466.0,99267.0
29245958,"NYC Entire Home Apt-Cozyhome/Near JFK,Casino &City",Queens,Ozone Park,40.67857,-73.83351,732.0,5.0,44.0,0.3287671232876712,87840.0,99186.0
32559758,Central Park Close By - 24,Manhattan,Upper West Side,40.80091,-73.9635,1132.0,5.0,21.0,0.4602739726027397,190176.0,99050.0
39198404,Huge Loft In South Williamsburg,Brooklyn,Williamsburg,40.71006,-73.96527,1094.0,5.0,254.0,0.4520547945205479,180510.0,99007.0
34554113,ECO GLAM APARTMENT UES,Manhattan,Upper East Side,40.7827,-73.95408,736.0,5.0,2.0,0.3315068493150685,89056.0,98991.99999999997
29911480,Entire 2 Bedroom in a smart new house,Queens,Middle Village,40.71865,-73.88238,624.0,5.0,136.0,0.26575342465753427,60528.0,98903.99999999997
47699958,Spacious 2bd Condo w/ Private Patio,Brooklyn,Prospect Heights,40.68112,-73.96492,657.0,5.0,15.0,0.2876712328767123,68985.0,98878.5
9137267,Spacious 2bd Condo w/ Private Patio,Brooklyn,Prospect Heights,40.68112,-73.96492,657.0,5.0,15.0,0.2876712328767123,68985.0,98878.5
37660249,NYC Home across from Ferry Point Golf Course,Bronx,Throgs Neck,40.81193,-73.8277,387.0,5.0,19.0,0.0,0.0,98878.49999999999
34793812,Scandinavian Serenity Loft,Brooklyn,Williamsburg,40.72045,-73.96012,547.0,5.0,15.0,0.2054794520547945,41024.99999999999,98733.5
47929162,Private bedroom 5 mins to ColumbiaU,Manhattan,Morningside Heights,40.8131,-73.96074,1141.0,5.0,5.0,0.46301369863013697,192829.0,98696.5
9366472,Private bedroom 5 mins to ColumbiaU,Manhattan,Morningside Heights,40.8131,-73.96074,1141.0,5.0,5.0,0.46301369863013697,192829.0,98696.5
16976061,(Room 102)法拉盛舒适轻奢套房,Queens,Flushing,40.76475,-73.83,468.0,5.0,14.0,0.1232876712328767,21059.999999999996,98513.99999999999
55582384,"2 Bdrm Central Park-Convenient, Clean, Near Metro",Manhattan,Upper West Side,40.80014,-73.96039,470.0,5.0,17.0,0.12602739726027398,21620.000000000004,98465.0
20824488,"2 Bdrm Central Park-Convenient, Clean, Near Metro",Manhattan,Upper West Side,40.80014,-73.96039,470.0,5.0,17.0,0.12602739726027398,21620.000000000004,98465.0
3116093,CLEAN LES HOME,Manhattan,Chinatown,40.71627,-73.99404,663.0,5.0,4.0,0.29315068493150687,70941.0,98455.5
33009883,Urban Sanctuary Prospect Park South Brooklyn,Brooklyn,Flatbush,40.64801,-73.96342,427.0,5.0,3.0,0.0684931506849315,10675.0,98423.49999999999
24239911,Enjoy great views of the City in our Deluxe Room!,Manhattan,Theater District,40.75918,-73.98801,519.0,5.0,156.0,0.18082191780821918,34254.0,98350.49999999997
42248757,Enjoy great views of the City in our Deluxe Room!,Manhattan,Theater District,40.75918,-73.98801,519.0,5.0,156.0,0.18082191780821918,34254.0,98350.49999999997
1490674,Harlem on the Range,Manhattan,Harlem,40.8076,-73.94433,488.0,5.0,25.0,0.14794520547945206,26352.0,98331.99999999999
18823505,Cozy|  PRIVATE STUDIO | TIMES SQAURE,Manhattan,Hell's Kitchen,40.76269,-73.98954,414.0,5.0,8.0,0.049315068493150684,7452.0,98324.99999999999
53581401,Cozy|  PRIVATE STUDIO | TIMES SQAURE,Manhattan,Hell's Kitchen,40.76269,-73.98954,414.0,5.0,8.0,0.049315068493150684,7452.0,98324.99999999999
28701943,Artsy Private Room in Brooklyn,Brooklyn,Bushwick,40.70085,-73.9292,460.0,5.0,2.0,0.11506849315068493,19320.0,98210.0
35376488,Private 1st level studio near NYC,Brooklyn,Borough Park,40.61797,-73.98026,939.0,5.0,76.0,0.4136986301369863,141789.0,98125.49999999997
28811298,"Bolgheri, 👩🏽‍💻 from home, quiet, Self Check-In",Brooklyn,East New York,40.67002,-73.87826,441.0,5.0,28.0,0.09041095890410959,14553.0,98122.5
7237908,Cozy Room in Willamsburg Loft,Brooklyn,Greenpoint,40.72604,-73.95536,821.0,5.0,9.0,0.3726027397260274,111656.0,98109.49999999997
40227891,Williamsburg 2BR 2BA Hotel Condo,Brooklyn,Williamsburg,40.72079,-73.95641,499.0,5.0,12.0,0.16164383561643836,29441.0,98053.49999999999
25941547,Surf-N-Sleep By the Sea Studio,Queens,Arverne,40.59269,-73.79635,411.0,5.0,6.0,0.04657534246575343,6987.000000000001,98023.5
36619715,Pet-Friendly UES One Bedroom,Manhattan,Upper East Side,40.775,-73.94999,514.0,5.0,1.0,0.1780821917808219,33410.0,97916.99999999997
36877087,Central Park/Broadway High Rise Executive Suite,Manhattan,Midtown,40.76386,-73.98007,383.0,5.0,1.0,0.0,0.0,97856.49999999999
39165266,RAM,Brooklyn,East Flatbush,40.66306,-73.93438,383.0,5.0,3.0,0.0,0.0,97856.49999999999
29893254,Shabby Chic Modern Chelsea Studio,Manhattan,Chelsea,40.74045,-73.99579,945.0,5.0,57.0,0.41643835616438357,143640.0,97807.5
35330095,Clean and quiet room A,Brooklyn,East Flatbush,40.63824,-73.93567,945.0,5.0,3.0,0.41643835616438357,143640.0,97807.5
40763622,"Home 4 Medical Professionals - The ""Noxious""",Brooklyn,Bushwick,40.70619,-73.9191,538.0,5.0,3.0,0.20273972602739726,39812.0,97647.0
26082384,Suit3,Queens,Flushing,40.76296,-73.80724,1001.0,5.0,7.0,0.4328767123287671,158158.0,97597.49999999997
2070037,Your own large 1BR apt in Manhattan,Manhattan,Inwood,40.86585,-73.92693,579.0,5.0,16.0,0.23835616438356164,50373.0,97561.49999999997
31384464,Hudson Yards 2BR Luxury (VIEWS),Manhattan,Chelsea,40.75329,-74.00192,459.0,5.0,13.0,0.1178082191780822,19737.0,97537.49999999999
19409495,Cute Room. Manhattan. 20 min train to Time Square!,Manhattan,Harlem,40.8131,-73.94459,1166.0,5.0,73.0,0.4712328767123288,200552.00000000003,97360.99999999997
54167391,Cute Room. Manhattan. 20 min train to Time Square!,Manhattan,Harlem,40.8131,-73.94459,1166.0,5.0,73.0,0.4712328767123288,200552.00000000003,97360.99999999997
44319330,Bright and Spacious East Village Loft,Manhattan,East Village,40.72977,-73.98841,988.0,5.0,85.0,0.4301369863013699,155116.0,97317.99999999997
56979703,Bright and Spacious East Village Loft,Manhattan,East Village,40.72977,-73.98841,988.0,5.0,85.0,0.4301369863013699,155116.0,97317.99999999997
12747652,Bright and Spacious East Village Loft,Manhattan,East Village,40.72977,-73.98841,988.0,5.0,85.0,0.4301369863013699,155116.0,97317.99999999997
51310343,Bright and Spacious East Village Loft,Manhattan,East Village,40.72977,-73.98841,988.0,5.0,85.0,0.4301369863013699,155116.0,97317.99999999997
40009733,Modern Williamsburg,Brooklyn,Williamsburg,40.71704,-73.95789,1112.0,5.0,27.0,0.4602739726027397,186816.0,97300.0
3783823,Sunny and Spacious Two Bedroom Duplex with Terrace,Brooklyn,South Slope,40.66748,-73.98971,757.0,5.0,6.0,0.34794520547945207,96139.0,97274.5
2602454,West Village townhouse private suite incl bath,Manhattan,West Village,40.73089,-74.00302,437.0,5.0,203.0,0.09041095890410959,14421.000000000002,97232.49999999999
29767329,RARE FIND! Large One Bedroom PRIME Hell’s Kitchen,Manhattan,Hell's Kitchen,40.76432,-73.99453,717.0,5.0,7.0,0.3287671232876712,86039.99999999999,97153.50000000001
33192694,Sunny Room in Bushwick Loft,Brooklyn,Bushwick,40.70262,-73.91975,425.0,5.0,8.0,0.07397260273972603,11475.0,97112.5
29306159,2-Bedroom Penthouse in Beautiful Victorian,Brooklyn,Flatbush,40.64189,-73.96811,1162.0,5.0,16.0,0.4712328767123288,199864.0,97027.0
16317720,Amazing Studio at the Time Square Area/52D,Manhattan,Hell's Kitchen,40.76173,-73.99325,612.0,5.0,4.0,0.26575342465753427,59364.00000000001,97002.0
25104260,West 57th Club by Hilton Club Studio Available,Manhattan,Midtown,40.76494,-73.97822,381.0,5.0,1.0,0.0027397260273972603,381.0,96964.5
40531656,NYC Lavish Studio Apartment Steps from SoHo!,Manhattan,Financial District,40.70862,-74.01408,381.0,5.0,3.0,0.0027397260273972603,381.0,96964.5
30270475,"Sun-soaked, 1 bedroom in the heart of Williamsburg",Brooklyn,Williamsburg,40.71807,-73.95908,955.0,5.0,7.0,0.42191780821917807,147070.0,96932.5
30350558,"Comfortable Private Room in Midwood area, Brooklyn",Brooklyn,Midwood,40.61446,-73.95445,704.0,5.0,14.0,0.3232876712328767,83072.0,96799.99999999997
30874138,Central Park Cozy Private Room w Rooftop Patio,Manhattan,Upper East Side,40.77703,-73.95106,462.0,5.0,182.0,0.12602739726027398,21252.000000000004,96788.99999999999
16089067,"Private bedroom 10 min to LGA, 15 min to Manhattan",Queens,Astoria,40.7674,-73.92656,404.0,5.0,129.0,0.043835616438356165,6464.000000000001,96757.99999999999
8520348,Cozy Room In Williamsburg Apartment,Brooklyn,Williamsburg,40.70352,-73.93798,510.0,5.0,1.0,0.18082191780821918,33660.0,96645.0
34010650,Sweet Home,Manhattan,Harlem,40.82114,-73.94141,378.0,5.0,13.0,0.0,0.0,96578.99999999999
49026583,Private Bed-Stuy Flat,Brooklyn,Bedford-Stuyvesant,40.69127,-73.95085,444.0,5.0,40.0,0.10410958904109589,16872.0,96569.99999999999
10463892,Private Bed-Stuy Flat,Brooklyn,Bedford-Stuyvesant,40.69127,-73.95085,444.0,5.0,40.0,0.10410958904109589,16872.0,96569.99999999999
8644616,3 Bedroom 1.5 Bath Duplex,Manhattan,SoHo,40.72768,-74.00233,1116.0,5.0,24.0,0.46301369863013697,188603.99999999997,96534.00000000003
32919305,Cozy & Bright Home Share for Young Professionals,Brooklyn,Bedford-Stuyvesant,40.68565,-73.95123,428.0,5.0,51.0,0.0821917808219178,12839.999999999998,96513.99999999999
9211276,"Luxury 4-storey, 3br with Media Den",Brooklyn,Cobble Hill,40.68706,-73.99893,1000.0,5.0,1.0,0.43561643835616437,159000.0,96500.0
47773966,"Luxury 4-storey, 3br with Media Den",Brooklyn,Cobble Hill,40.68706,-73.99893,1000.0,5.0,1.0,0.43561643835616437,159000.0,96500.0
8374541,Nice 1 Bedroom Apartment China town,Manhattan,Chinatown,40.71474,-73.99778,821.0,5.0,15.0,0.3780821917808219,113298.0,96467.49999999997
1954054,Spacious room in historic house,Bronx,Port Morris,40.80461,-73.92276,516.0,5.0,86.0,0.18904109589041096,35604.0,96234.0
31186188,Your Very Own Williamsburg Apt!,Brooklyn,Williamsburg,40.71949,-73.9404,819.0,5.0,40.0,0.3780821917808219,113022.0,96232.49999999997
47767891,Charming & Sunny 1BR @ East Village,Manhattan,East Village,40.72547,-73.98717,536.0,5.0,3.0,0.20821917808219179,40736.0,96212.0
9205200,Charming & Sunny 1BR @ East Village,Manhattan,East Village,40.72547,-73.98717,536.0,5.0,3.0,0.20821917808219179,40736.0,96212.0
35529475,Bright and modern 3 BR in Financial District,Manhattan,Financial District,40.70507,-74.00777,539.0,5.0,1.0,0.21095890410958903,41503.0,96211.49999999997
35529475,Bright and modern 3 BR in Financial District,Manhattan,Financial District,40.70507,-74.00777,539.0,5.0,1.0,0.21095890410958903,41503.0,96211.49999999997
46546203,"Cosy  25minutes  manhatan,15 min Barclays Center",Brooklyn,East Flatbush,40.65593,-73.91798,997.0,5.0,5.0,0.43561643835616437,158523.0,96210.5
14974526,"Cosy  25minutes  manhatan,15 min Barclays Center",Brooklyn,East Flatbush,40.65593,-73.91798,997.0,5.0,5.0,0.43561643835616437,158523.0,96210.5
1712146,Feels like home with park view,Manhattan,Inwood,40.86821,-73.92252,986.0,5.0,25.0,0.4328767123287671,155788.0,96134.99999999997
42377443,Habitación privada cerca aeropuerto la Guardia.,Queens,East Elmhurst,40.76091,-73.88686,521.0,5.0,11.0,0.19452054794520549,36991.0,96124.5
24368597,Habitación privada cerca aeropuerto la Guardia.,Queens,East Elmhurst,40.76091,-73.88686,521.0,5.0,11.0,0.19452054794520549,36991.0,96124.5
32410637,Coney Island  Amphitheat  MCU 1 br  Wifi Cable **,Brooklyn,Coney Island,40.576569,-73.985207,577.0,5.0,142.0,0.24383561643835616,51353.0,96070.5
18604794,Inexpensive Private Rm w/ NYC/SIUH/RUMC Access 3,Staten Island,Arrochar,40.59679,-74.08444,465.0,5.0,17.0,0.13424657534246576,22785.0,96022.5
53362690,Inexpensive Private Rm w/ NYC/SIUH/RUMC Access 3,Staten Island,Arrochar,40.59679,-74.08444,465.0,5.0,17.0,0.13424657534246576,22785.0,96022.5
55647003,20 mins from Manhattan. 10 mins frm S.I. ferry.,Staten Island,Rosebank,40.61088,-74.07327,713.0,5.0,8.0,0.3315068493150685,86273.0,95898.5
20889107,20 mins from Manhattan. 10 mins frm S.I. ferry.,Staten Island,Rosebank,40.61088,-74.07327,713.0,5.0,8.0,0.3315068493150685,86273.0,95898.5
22022426,Large room w private bath <10 mins to Main St!,Queens,Flushing,40.76068,-73.82233,473.0,5.0,19.0,0.14520547945205478,25068.999999999996,95782.49999999999
23488783,Broadway - Cozy Standard King,Manhattan,Hell's Kitchen,40.75636,-73.99675,379.0,5.0,5.0,0.00821917808219178,1137.0,95697.5
31188397,Perfectly Located UpperWest Futon,Manhattan,Upper West Side,40.7962,-73.96334,1119.0,5.0,197.0,0.4657534246575342,190230.0,95674.5
5448456,Spacious room in Williamsburg,Brooklyn,Williamsburg,40.71295,-73.93716,592.0,5.0,2.0,0.25753424657534246,55648.0,95608.0
33921730,Famous Manhattan Hamilton Heights Nice Room,Manhattan,Harlem,40.82291,-73.94939,374.0,5.0,10.0,0.0,0.0,95557.0
2207007,2BR 2Bath duplex w garden & terrace,Brooklyn,Clinton Hill,40.68771,-73.96186,700.0,5.0,5.0,0.32602739726027397,83300.0,95549.99999999997
28772637,Study zone near Columbia •,Manhattan,Upper West Side,40.79827,-73.96438,639.0,5.0,20.0,0.29041095890410956,67734.0,95530.49999999997
13162430,Private Room!,Manhattan,Upper East Side,40.76578,-73.95443,538.0,5.0,61.0,0.2136986301369863,41964.00000000001,95495.0
51725120,Private Room!,Manhattan,Upper East Side,40.76578,-73.95443,538.0,5.0,61.0,0.2136986301369863,41964.00000000001,95495.0
44734107,Private Room!,Manhattan,Upper East Side,40.76578,-73.95443,538.0,5.0,61.0,0.2136986301369863,41964.00000000001,95495.0
3906986,Cozy Private Bedroom,Bronx,Mott Haven,40.80772,-73.91791,598.0,5.0,321.0,0.26301369863013696,57407.99999999999,95381.0
20738329,STUDIO WITH OUTDOOR SPACE-CHELSEA MARKET-WEST 19TH,Manhattan,Chelsea,40.74138,-73.99729,410.0,5.0,1.0,0.06301369863013699,9430.0,95325.0
55496225,STUDIO WITH OUTDOOR SPACE-CHELSEA MARKET-WEST 19TH,Manhattan,Chelsea,40.74138,-73.99729,410.0,5.0,1.0,0.06301369863013699,9430.0,95325.0
32544846,Brand New Brooklyn Passive House Garden Level Apt,Brooklyn,Bedford-Stuyvesant,40.68092,-73.92078,921.0,5.0,34.0,0.41643835616438357,139992.0,95323.49999999997
42876722,"Madison Ave Palace  - Washer Dryer, Outdoor Deck",Manhattan,Upper East Side,40.78321,-73.95646,473.0,5.0,4.0,0.14794520547945206,25542.000000000004,95309.49999999999
49867735,"Madison Ave Palace  - Washer Dryer, Outdoor Deck",Manhattan,Upper East Side,40.78321,-73.95646,473.0,5.0,4.0,0.14794520547945206,25542.000000000004,95309.49999999999
11305045,"Madison Ave Palace  - Washer Dryer, Outdoor Deck",Manhattan,Upper East Side,40.78321,-73.95646,473.0,5.0,4.0,0.14794520547945206,25542.000000000004,95309.49999999999
35334513,Lovely bedroom UWS,Manhattan,Upper West Side,40.79593,-73.97008,373.0,5.0,1.0,0.0,0.0,95301.49999999999
15663796,Private Room w/ Queen Bed & Twin Bed,Bronx,Parkchester,40.83408,-73.87419,911.0,5.0,27.0,0.4136986301369863,137561.0,95199.49999999997
47235474,Private Room w/ Queen Bed & Twin Bed,Bronx,Parkchester,40.83408,-73.87419,911.0,5.0,27.0,0.4136986301369863,137561.0,95199.49999999997
25310821,Elegant Villa in the Heart of Manhattan!,Manhattan,Kips Bay,40.7431,-73.98137,505.0,5.0,4.0,0.18356164383561643,33835.0,95192.5
29357523,Private cozy bedroom with futon,Brooklyn,Crown Heights,40.66466,-73.94086,374.0,5.0,1.0,0.0027397260273972603,374.0,95183.0
20535635,Very large room near CUMC,Manhattan,Washington Heights,40.84519,-73.941,592.0,5.0,3.0,0.2602739726027397,56240.0,95016.0
55293531,Very large room near CUMC,Manhattan,Washington Heights,40.84519,-73.941,592.0,5.0,3.0,0.2602739726027397,56240.0,95016.0
49220992,Marabou,Brooklyn,Crown Heights,40.67431,-73.95399,554.0,5.0,19.0,0.23013698630136986,46536.0,95010.99999999997
10658302,Marabou,Brooklyn,Crown Heights,40.67431,-73.95399,554.0,5.0,19.0,0.23013698630136986,46536.0,95010.99999999997
39523156,Chic Victorian private apartment in townhouse,Brooklyn,Clinton Hill,40.68341,-73.9606,445.0,5.0,363.0,0.11506849315068493,18690.0,95007.5
9175928,Safe+Artsy+Clean Haven Near Manhattan/LGA!,Queens,Astoria,40.76207,-73.90852,836.0,5.0,50.0,0.38904109589041097,118712.0,94885.99999999997
47738619,Safe+Artsy+Clean Haven Near Manhattan/LGA!,Queens,Astoria,40.76207,-73.90852,836.0,5.0,50.0,0.38904109589041097,118712.0,94885.99999999997
22141171,Sam and Mala place is your home away from home,Queens,South Ozone Park,40.68048,-73.8125,457.0,5.0,26.0,0.13150684931506848,21935.999999999996,94827.49999999999
17431709,ROYAL NEST FOR LE$$   ( New York City),Brooklyn,Midwood,40.62427,-73.96194,820.0,5.0,64.0,0.3835616438356164,114800.0,94710.0
52189605,ROYAL NEST FOR LE$$   ( New York City),Brooklyn,Midwood,40.62427,-73.96194,820.0,5.0,64.0,0.3835616438356164,114800.0,94710.0
46462254,1 BEDROOM / HIGH FLOOR / BALCONY /COLUMBUS CIRCLE,Manhattan,Upper West Side,40.77104,-73.98522,1176.0,5.0,6.0,0.4794520547945205,205800.0,94668.0
14890576,1 BEDROOM / HIGH FLOOR / BALCONY /COLUMBUS CIRCLE,Manhattan,Upper West Side,40.77104,-73.98522,1176.0,5.0,6.0,0.4794520547945205,205800.0,94668.0
22936483,"Spacious bright 4 bedrm Manhattan home, elevator!",Manhattan,East Harlem,40.79611,-73.94906,678.0,5.0,5.0,0.3178082191780822,78648.0,94581.0
32681264,Brklyn Hts Luxury - Garden Calm & Downtown Verve,Brooklyn,Boerum Hill,40.68972,-73.99216,678.0,5.0,185.0,0.3178082191780822,78648.0,94581.0
6011249,The Sweet Spot!,Brooklyn,Boerum Hill,40.68564,-73.98408,1106.0,5.0,48.0,0.4657534246575342,188020.0,94563.0
52442006,Astoria 48 street and 30 ave ny,Queens,Astoria,40.76165,-73.90839,499.0,5.0,11.0,0.18082191780821918,32934.0,94560.49999999999
17684110,Astoria 48 street and 30 ave ny,Queens,Astoria,40.76165,-73.90839,499.0,5.0,11.0,0.18082191780821918,32934.0,94560.49999999999
41409813,Astoria 48 street and 30 ave ny,Queens,Astoria,40.76165,-73.90839,499.0,5.0,11.0,0.18082191780821918,32934.0,94560.49999999999
4199153,Special OFFER on Airbnb NYC Room!,Brooklyn,Bedford-Stuyvesant,40.69527,-73.94786,421.0,5.0,350.0,0.08493150684931507,13051.000000000002,94514.5
33409195,Manhattan. Cozy studio for 3 people,Manhattan,Midtown,40.74628,-73.98845,571.0,5.0,1.0,0.2465753424657534,51390.0,94500.5
39189567,The Dale II,Manhattan,Upper East Side,40.77334,-73.95688,535.0,5.0,4.0,0.21643835616438356,42265.0,94427.5
3949513,L,Manhattan,Upper West Side,40.78802,-73.97509,1055.0,5.0,12.0,0.4547945205479452,175130.0,94422.5
29102912,"Heart of Grand Street in Brooklyn, near L/G stop",Brooklyn,Williamsburg,40.71016,-73.95016,1104.0,5.0,167.0,0.4657534246575342,187679.99999999997,94392.00000000003
49496590,Studio | Heart of Greenwich Village,Manhattan,West Village,40.73598,-74.00736,432.0,5.0,3.0,0.10136986301369863,15984.000000000002,94391.99999999999
10933899,Studio | Heart of Greenwich Village,Manhattan,West Village,40.73598,-74.00736,432.0,5.0,3.0,0.10136986301369863,15984.000000000002,94391.99999999999
3811991,Sunny/Cozy 1BD,Brooklyn,Crown Heights,40.6737,-73.95335,862.0,5.0,99.0,0.4,125852.0,94389.0
26086802,Enjoy the view of Empire State Building!,Manhattan,Midtown,40.74677,-73.9866,595.0,5.0,13.0,0.26575342465753427,57715.00000000001,94307.5
8362390,Budget room in Downtown Brooklyn,Brooklyn,Gowanus,40.6824,-73.98824,369.0,5.0,112.0,0.0,0.0,94279.5
40902250,Large room in Bushwick!,Brooklyn,Bushwick,40.70158,-73.92724,439.0,5.0,22.0,0.11232876712328767,17999.0,94165.49999999999
6005726,"Chelsea Flat-Gorgeous, Bright, Safe",Manhattan,Chelsea,40.74682,-74.00417,406.0,5.0,1.0,0.06575342465753424,9744.0,93989.0
37633186,yahmanscrashpads,Queens,Jamaica,40.67595,-73.76463,561.0,5.0,480.0,0.2410958904109589,49368.00000000001,93967.5
22808902,Lofted East Village 2BR | Big & Safe,Manhattan,East Village,40.72217,-73.98139,399.0,5.0,13.0,0.0547945205479452,7980.0,93964.49999999999
28585407,"Private Garden Apt in Park Slope, Brooklyn, NYC",Brooklyn,Park Slope,40.66988,-73.98346,858.0,5.0,99.0,0.4,125268.00000000001,93950.99999999996
28908503,Cheerful 2-bedroom residential home in Brooklyn,Brooklyn,Cypress Hills,40.67817826,-73.86674857,375.0,5.0,1.0,0.0136986301369863,1874.9999999999998,93937.5
21944000,Cozy private bedroom,Queens,Far Rockaway,40.59894,-73.75629,372.0,5.0,2.0,0.00821917808219178,1116.0,93929.99999999999
33503639,Cozy & quiet living experience in a trending area,Brooklyn,Bedford-Stuyvesant,40.68225,-73.94457,369.0,5.0,16.0,0.0027397260273972603,369.0,93910.5
28871499,Large Studio Duplex ⋆ w/Workspace ⋆ Artsy Brooklyn,Brooklyn,Bushwick,40.70008,-73.92313,509.0,5.0,98.0,0.19452054794520549,36139.0,93910.49999999999
22162711,*NO GUEST SERVICE FEE* Beekman Tower Studio Suite  #7,Manhattan,Midtown,40.75381,-73.96724,820.0,5.0,2.0,0.3863013698630137,115620.00000000001,93889.99999999999
45857485,Private Room in Modern Loft in Williamsburg,Brooklyn,Williamsburg,40.71152,-73.93902,588.0,5.0,3.0,0.26301369863013696,56447.99999999999,93786.0
14285808,Private Room in Modern Loft in Williamsburg,Brooklyn,Williamsburg,40.71152,-73.93902,588.0,5.0,3.0,0.26301369863013696,56447.99999999999,93786.0
48599102,Artist's Room in Large Apartment,Brooklyn,Fort Greene,40.69497,-73.97209,805.0,5.0,2.0,0.38082191780821917,111895.0,93782.5
10036412,Artist's Room in Large Apartment,Brooklyn,Fort Greene,40.69497,-73.97209,805.0,5.0,2.0,0.38082191780821917,111895.0,93782.5
48736073,Large and Beautiful ELEVATOR 1 BR - Very Quiet,Manhattan,Upper East Side,40.77375,-73.94963,640.0,5.0,10.0,0.29863013698630136,69760.0,93760.0
10173382,Large and Beautiful ELEVATOR 1 BR - Very Quiet,Manhattan,Upper East Side,40.77375,-73.94963,640.0,5.0,10.0,0.29863013698630136,69760.0,93760.0
10192160,Cultural and Cozy in Crown Heights,Brooklyn,Crown Heights,40.67389,-73.93974,672.0,5.0,1.0,0.3178082191780822,77952.0,93744.0
48754851,Cultural and Cozy in Crown Heights,Brooklyn,Crown Heights,40.67389,-73.93974,672.0,5.0,1.0,0.3178082191780822,77952.0,93744.0
31908044,Private room in Jackson Heights 4 mins to 7 train 90 St,Queens,East Elmhurst,40.75829,-73.88161,410.0,5.0,2.0,0.07397260273972603,11070.0,93685.0
18298267,Stylish NYC Art Loft '3',Manhattan,East Harlem,40.79138,-73.9413,421.0,5.0,12.0,0.09041095890410959,13893.0,93672.5
53056163,Stylish NYC Art Loft '3',Manhattan,East Harlem,40.79138,-73.9413,421.0,5.0,12.0,0.09041095890410959,13893.0,93672.5
32022922,138 Bowery-Furnished Studio,Manhattan,Lower East Side,40.72025,-73.9938,635.0,5.0,3.0,0.2958904109589041,68580.0,93662.5
5979768,Home Sweet Harlem,Manhattan,Harlem,40.8122,-73.95246,810.0,5.0,8.0,0.3835616438356164,113400.0,93555.0
29810961,CLEAN! Executive Studio Suite. Entire apt w/pvt BR,Queens,Ozone Park,40.67589,-73.85781,561.0,5.0,190.0,0.24383561643835616,49928.99999999999,93406.5
27151636,International Shared Wiggle Room BEST for Groups,Queens,Sunnyside,40.73996,-73.92829,382.0,5.0,2.0,0.030136986301369864,4202.0,93398.99999999999
47199022,***Come Stay in Comfort while you Experience NYC**,Manhattan,Washington Heights,40.85117,-73.94344,660.0,5.0,66.0,0.31232876712328766,75240.0,93389.99999999997
15627345,***Come Stay in Comfort while you Experience NYC**,Manhattan,Washington Heights,40.85117,-73.94344,660.0,5.0,66.0,0.31232876712328766,75240.0,93389.99999999997
3308293,Beautiful Home by Central Park,Manhattan,Hell's Kitchen,40.7678,-73.9868,837.0,5.0,41.0,0.39452054794520547,120528.0,93325.5
2499726,Private Bedroom WITH a Living room!,Brooklyn,Crown Heights,40.67471,-73.94571,482.0,5.0,90.0,0.16986301369863013,29884.0,93266.99999999999
44360200,2 Bed 2 Bath Close To Park Pool in building,Manhattan,Upper East Side,40.77832,-73.94991,386.0,5.0,10.0,0.038356164383561646,5404.0,93219.0
51351213,2 Bed 2 Bath Close To Park Pool in building,Manhattan,Upper East Side,40.77832,-73.94991,386.0,5.0,10.0,0.038356164383561646,5404.0,93219.0
57020573,2 Bed 2 Bath Close To Park Pool in building,Manhattan,Upper East Side,40.77832,-73.94991,386.0,5.0,10.0,0.038356164383561646,5404.0,93219.0
12788523,2 Bed 2 Bath Close To Park Pool in building,Manhattan,Upper East Side,40.77832,-73.94991,386.0,5.0,10.0,0.038356164383561646,5404.0,93219.0
31931241,Bushwick room by the park -#131,Brooklyn,Bushwick,40.69324,-73.91139,875.0,5.0,1.0,0.40821917808219177,130375.0,93187.5
22659228,"Lovely, Convenient & Renovated Bushwick BK Room.",Brooklyn,Bushwick,40.69262,-73.91198,584.0,5.0,4.0,0.26301369863013696,56064.0,93147.99999999997
43462712,"Cozy 1 Bedroom in Brooklyn, near park and shops",Brooklyn,Crown Heights,40.67143,-73.92971,462.0,5.0,7.0,0.14794520547945206,24948.0,93092.99999999999
11891035,"Cozy 1 Bedroom in Brooklyn, near park and shops",Brooklyn,Crown Heights,40.67143,-73.92971,462.0,5.0,7.0,0.14794520547945206,24948.0,93092.99999999999
50453726,"Cozy 1 Bedroom in Brooklyn, near park and shops",Brooklyn,Crown Heights,40.67143,-73.92971,462.0,5.0,7.0,0.14794520547945206,24948.0,93092.99999999999
56123085,"Cozy 1 Bedroom in Brooklyn, near park and shops",Brooklyn,Crown Heights,40.67143,-73.92971,462.0,5.0,7.0,0.14794520547945206,24948.0,93092.99999999999
33775923,"Charming ,cozy private bedroom",Manhattan,Washington Heights,40.83932,-73.94554,580.0,5.0,139.0,0.2602739726027397,55100.0,93090.0
3798736,Cozy 1BD in the lower east side,Manhattan,Lower East Side,40.72138,-73.98371,510.0,5.0,1.0,0.2,37230.0,93075.0
51899095,Freehand New York- Queen Room,Manhattan,Flatiron District,40.74077,-73.98718,365.0,5.0,47.0,0.0027397260273972603,365.0,92892.49999999999
17141199,Freehand New York- Queen Room,Manhattan,Flatiron District,40.74077,-73.98718,365.0,5.0,47.0,0.0027397260273972603,365.0,92892.49999999999
33731186,Cozy private bedroom near Yankee Stadium.,Bronx,Highbridge,40.83738,-73.92374,365.0,5.0,3.0,0.0027397260273972603,365.0,92892.49999999999
6672905,Creative NoLita Apartment,Manhattan,Nolita,40.71987,-73.99436,396.0,5.0,9.0,0.057534246575342465,8316.0,92862.0
56122533,Huge room near Manhattan w/ balcony & free pickup!,Queens,Sunnyside,40.74481,-73.91671,363.0,5.0,3.0,0.0,0.0,92746.5
43462160,Huge room near Manhattan w/ balcony & free pickup!,Queens,Sunnyside,40.74481,-73.91671,363.0,5.0,3.0,0.0,0.0,92746.5
11890483,Huge room near Manhattan w/ balcony & free pickup!,Queens,Sunnyside,40.74481,-73.91671,363.0,5.0,3.0,0.0,0.0,92746.5
50453173,Huge room near Manhattan w/ balcony & free pickup!,Queens,Sunnyside,40.74481,-73.91671,363.0,5.0,3.0,0.0,0.0,92746.5
28413090,Cozy Flat in the Heart of the Upper West Side,Manhattan,Upper West Side,40.781326,-73.979836,932.0,5.0,104.0,0.4273972602739726,145392.0,92734.0
5690915,Unbelievable NYC Apt Avail Nov!,Manhattan,Midtown,40.75055,-73.98679,387.0,5.0,19.0,0.043835616438356165,6192.0,92686.49999999999
6790545,Spacious 1 Bedroom Apartment,Manhattan,Washington Heights,40.85563,-73.93509,588.0,5.0,3.0,0.2684931506849315,57624.00000000001,92610.0
4424491,Huge room wt bathroom + entrance,Brooklyn,Williamsburg,40.7113,-73.94938,603.0,5.0,4.0,0.27945205479452057,61506.0,92560.5
3820828,Brooklyn Brownstone,Brooklyn,Bay Ridge,40.62356,-74.024,969.0,5.0,137.0,0.4383561643835616,155040.0,92539.49999999997
29547514,Historic Townhouse Apartment,Manhattan,SoHo,40.72599,-74.0053,969.0,5.0,130.0,0.4383561643835616,155040.0,92539.49999999997
32914887,DANA - prime Williamsburg on the water Withbalcony,Brooklyn,Williamsburg,40.71843,-73.96476,1057.0,5.0,3.0,0.4602739726027397,177576.0,92487.5
1396783,Landmark 2 Bedroom West Village NYC,Manhattan,West Village,40.73312,-74.0042,640.0,5.0,153.0,0.3041095890410959,71040.0,92480.0
32235558,Large B&B Style rooms,Brooklyn,Bedford-Stuyvesant,40.68294,-73.95682,911.0,5.0,78.0,0.42191780821917807,140294.0,92466.49999999997
31575559,Comfy Retreat in the Heart of Brooklyn,Brooklyn,Prospect-Lefferts Gardens,40.66339,-73.95476,397.0,5.0,8.0,0.06301369863013699,9131.0,92302.49999999999
30433955,Queen Room near Flushing and Arthur Ashe Stadium- Breakfast Included,Queens,Bayside,40.76153,-73.75879,367.0,5.0,7.0,0.010958904109589041,1468.0,92300.49999999999
6216153,Spacious sunny room in Clinton Hill,Brooklyn,Clinton Hill,40.69158,-73.96699,432.0,5.0,6.0,0.11506849315068493,18144.0,92231.99999999999
32684026,Spacious comfortable master bedroom with nice view,Brooklyn,Bedford-Stuyvesant,40.6821,-73.91245,699.0,5.0,197.0,0.33972602739726027,86676.0,91918.49999999997
46008815,Habitación ubicada céntricamente en la ciudad.,Bronx,Fordham,40.86729,-73.89046,361.0,5.0,13.0,0.0027397260273972603,361.0,91874.5
34090734,Beautiful studio Apartment on Central Park West.,Manhattan,Upper West Side,40.79876,-73.9584,788.0,5.0,6.0,0.38082191780821917,109531.99999999999,91801.99999999999
46085033,Fully furnished one bedroom in midtown Manhattan,Manhattan,Murray Hill,40.74956,-73.97668,377.0,5.0,2.0,0.03287671232876712,4523.999999999999,91799.49999999999
14513356,Fully furnished one bedroom in midtown Manhattan,Manhattan,Murray Hill,40.74956,-73.97668,377.0,5.0,2.0,0.03287671232876712,4523.999999999999,91799.49999999999
33740575,cozy private bedroom #2,Brooklyn,Bay Ridge,40.62023,-74.02215,359.0,5.0,3.0,0.0,0.0,91724.5
42244339,Large Private Suite in the Heart of Midtown,Manhattan,Chelsea,40.74845,-73.99257,446.0,5.0,22.0,0.136986301369863,22300.0,91653.0
24235492,Large Private Suite in the Heart of Midtown,Manhattan,Chelsea,40.74845,-73.99257,446.0,5.0,22.0,0.136986301369863,22300.0,91653.0
6381290,NYC Lavish Studio Apartment Steps from SoHo!,Manhattan,Financial District,40.70862,-74.01408,381.0,5.0,3.0,0.0410958904109589,5715.0,91630.5
36542946,Superior King Corner with City View,Manhattan,Financial District,40.70462,-74.01027,360.0,5.0,1.0,0.0027397260273972603,360.0,91619.99999999999
26116074,"Cozy Studio in Manhattan, Upper East Side",Manhattan,Upper East Side,40.77064,-73.95606,1167.0,5.0,7.0,0.4849315068493151,206559.0,91609.5
5257912,Stunning Brooklyn brownstone 20 mins to Manhattan,Brooklyn,Park Slope,40.67681,-73.97535,431.0,5.0,12.0,0.1178082191780822,18533.0,91587.5
28994662,Luxury Spacious 2 BR Sleeps 6 - 3min to LGA,Queens,East Elmhurst,40.76478,-73.86205,379.0,5.0,1.0,0.038356164383561646,5306.0,91528.5
4073781,NYC-Great Cost x Benefit-Huge Room-Next to Subway.,Queens,Astoria,40.7653,-73.92661,1058.0,5.0,22.0,0.46301369863013697,178802.0,91516.99999999994
38405301,Sunny large private room in Park Slope,Brooklyn,Park Slope,40.67979,-73.97648,806.0,5.0,34.0,0.38904109589041097,114452.0,91480.99999999997
23693686,LUX 2 Bedroom Sleep 6 City Center Private Deck,Manhattan,Kips Bay,40.7436,-73.98165,546.0,5.0,12.0,0.2410958904109589,48048.0,91455.0
39509349,Peaceful double room in Brooklyn Brownstone,Brooklyn,Prospect Heights,40.67793,-73.96577,1165.0,5.0,190.0,0.4849315068493151,206205.0,91452.5
1869552,Chic Victorian private apartment in townhouse,Brooklyn,Clinton Hill,40.68341,-73.9606,445.0,5.0,363.0,0.136986301369863,22249.999999999996,91447.5
35113041,Lovely 2 bedroom in the heart of Brooklyn,Brooklyn,Crown Heights,40.6755,-73.93316,883.0,5.0,1.0,0.41643835616438357,134216.0,91390.49999999997
46601433,Home Sweet Home,Brooklyn,Bay Ridge,40.62493,-74.02837,451.0,5.0,92.0,0.14520547945205478,23902.999999999996,91327.5
15029756,Home Sweet Home,Brooklyn,Bay Ridge,40.62493,-74.02837,451.0,5.0,92.0,0.14520547945205478,23902.999999999996,91327.5
54802536,Best Gramercy one bedroom apartment,Manhattan,Kips Bay,40.73968,-73.98217,659.0,5.0,18.0,0.32054794520547947,77103.0,91271.49999999997
20044640,Best Gramercy one bedroom apartment,Manhattan,Kips Bay,40.73968,-73.98217,659.0,5.0,18.0,0.32054794520547947,77103.0,91271.49999999997
51599196,11 Minutes to Manhattan,Queens,Astoria,40.76101,-73.92464,558.0,5.0,73.0,0.25205479452054796,51336.0,91233.0
57268555,11 Minutes to Manhattan,Queens,Astoria,40.76101,-73.92464,558.0,5.0,73.0,0.25205479452054796,51336.0,91233.0
44608183,11 Minutes to Manhattan,Queens,Astoria,40.76101,-73.92464,558.0,5.0,73.0,0.25205479452054796,51336.0,91233.0
13036505,11 Minutes to Manhattan,Queens,Astoria,40.76101,-73.92464,558.0,5.0,73.0,0.25205479452054796,51336.0,91233.0
25612929,"COSY BEDROOM CLOSE TO MANHATTAN, Brooklyn",Brooklyn,Bedford-Stuyvesant,40.68449,-73.92881,384.0,5.0,22.0,0.049315068493150684,6912.0,91199.99999999999
3948961,"A bright, beautiful treehouse",Brooklyn,Crown Heights,40.6692,-73.94739,361.0,5.0,11.0,0.00821917808219178,1083.0,91152.5
32196897,Charming I Best Location I Balcony I Elevator I,Manhattan,Chelsea,40.742603,-73.997589,494.0,5.0,2.0,0.19452054794520549,35074.0,91142.99999999999
39116664,Amazing Central Park Garden Apartment !!!,Manhattan,Upper West Side,40.78202,-73.97593,358.0,5.0,13.0,0.0027397260273972603,358.0,91111.0
30808967,UWS 4A huge private Bedroom 5,Manhattan,Upper West Side,40.8017,-73.966,400.0,5.0,1.0,0.07671232876712329,11200.0,91000.0
6688921,NoMad One Bedroom on Park Ave,Manhattan,Midtown,40.74321,-73.98474,1143.0,5.0,1.0,0.4821917808219178,201168.00000000003,90868.49999999991
4288626,A private humble abode for you,Brooklyn,Canarsie,40.63969,-73.89548,718.0,5.0,112.0,0.35342465753424657,92622.0,90827.0
34524841,Lower East Side - Amazing location! #10,Manhattan,Lower East Side,40.72181,-73.99226,1157.0,5.0,7.0,0.4849315068493151,204788.99999999997,90824.50000000003
35792370,"Nesva Hotel, King City View",Queens,Long Island City,40.75331,-73.93501,364.0,5.0,23.0,0.01643835616438356,2184.0,90818.0
9425016,2Story4Bedroom 2Full Bath New York Palace,Queens,Rosedale,40.67112,-73.73529,423.0,5.0,15.0,0.11232876712328767,17343.0,90733.49999999999
47987706,2Story4Bedroom 2Full Bath New York Palace,Queens,Rosedale,40.67112,-73.73529,423.0,5.0,15.0,0.11232876712328767,17343.0,90733.49999999999
31416497,Artsy Guestroom in Harlem,Manhattan,Harlem,40.79896,-73.95373,1127.0,5.0,57.0,0.4794520547945205,197225.0,90723.5
38983559,Brand New Sunny Large Space near Museum & Park.,Brooklyn,Crown Heights,40.67162,-73.94528,397.0,5.0,19.0,0.07397260273972603,10719.0,90714.49999999999
32635975,Private room in lovely 2-bedroom appartement,Manhattan,Harlem,40.81243,-73.94383,734.0,5.0,7.0,0.36164383561643837,96888.0,90648.99999999997
54640712,"Cozy Bedroom in Elmhurst, NY
One block to subway",Queens,Elmhurst,40.74103,-73.88253,409.0,5.0,8.0,0.09315068493150686,13906.0,90593.49999999999
19882816,"Cozy Bedroom in Elmhurst, NY
One block to subway",Queens,Elmhurst,40.74103,-73.88253,409.0,5.0,8.0,0.09315068493150686,13906.0,90593.49999999999
2364965,Private Room In a Modern Loft,Brooklyn,Williamsburg,40.7084,-73.94153,443.0,5.0,148.0,0.13972602739726028,22593.0,90593.49999999999
6322194,Cozy Room in the LOWER EAST SIDE!,Manhattan,Lower East Side,40.71934,-73.98424,791.0,5.0,2.0,0.3863013698630137,111531.00000000001,90569.49999999996
4965193,Private modern BR & Bath in BK,Brooklyn,Prospect Heights,40.68093,-73.97182,910.0,5.0,79.0,0.4273972602739726,141960.0,90545.0
40132896,"Central, Peaceful Semi-Private Room",Brooklyn,Flatbush,40.63899,-73.95177,428.0,5.0,5.0,0.12054794520547946,18832.0,90521.99999999999
3950618,Amazing 1brm in the Best Location,Manhattan,Gramercy,40.73608,-73.9857,434.0,5.0,26.0,0.12876712328767123,20398.0,90488.99999999999
32324478,Spacious fully furnished 2 BR near Central Park,Manhattan,Upper East Side,40.7836,-73.95221,490.0,5.0,1.0,0.19452054794520549,34790.0,90405.0
16712614,Bed-Stuy modern private room near Williamsburg,Brooklyn,Bedford-Stuyvesant,40.69294,-73.9398,355.0,5.0,3.0,0.0027397260273972603,355.0,90347.49999999999
41195521,"Full Bedroom Avaliable, Astoria",Queens,Astoria,40.76615,-73.91325,423.0,5.0,6.0,0.11506849315068493,17766.0,90310.49999999999
41830666,#1  Spacious Private Room,Staten Island,Tompkinsville,40.63485,-74.08539,390.0,5.0,53.0,0.06575342465753424,9359.999999999998,90285.0
18104962,#1  Spacious Private Room,Staten Island,Tompkinsville,40.63485,-74.08539,390.0,5.0,53.0,0.06575342465753424,9359.999999999998,90285.0
52862858,#1  Spacious Private Room,Staten Island,Tompkinsville,40.63485,-74.08539,390.0,5.0,53.0,0.06575342465753424,9359.999999999998,90285.0
31694304,Urban Oasis: 2BR 2 BA Townhouse Apt w Giant Yard,Brooklyn,Williamsburg,40.70991,-73.94466,1121.0,5.0,3.0,0.4794520547945205,196174.99999999997,90240.50000000003
54712511,❤️Private Suite for Friends Getaway Close to NYC,Queens,Elmhurst,40.73088,-73.87488,439.0,5.0,47.0,0.136986301369863,21950.0,90214.49999999999
19954615,❤️Private Suite for Friends Getaway Close to NYC,Queens,Elmhurst,40.73088,-73.87488,439.0,5.0,47.0,0.136986301369863,21950.0,90214.49999999999
35277626,LARGE BRIGHT DUPLEX -  Balcony + Rooftop,Brooklyn,Bedford-Stuyvesant,40.69234,-73.94526,562.0,5.0,51.0,0.2602739726027397,53390.0,90201.0
4100844,1 BDR APARTMENT  7 MINS FROM JFK 5 STAR RATED,Queens,Springfield Gardens,40.67425,-73.75796,481.0,5.0,279.0,0.1863013698630137,32708.000000000004,90187.5
35871349,Centrally Located Bedroom with Private Garden,Brooklyn,Park Slope,40.67984,-73.97661,354.0,5.0,21.0,0.0027397260273972603,354.0,90093.0
30257219,Cozy one bedroom apt in the heart of Harlem,Manhattan,Harlem,40.8199,-73.94174,1066.0,5.0,9.0,0.4684931506849315,182286.0,90077.0
54723005,*NO GUEST SERVICE FEE* Beekman Tower Studio with Queen Bed & Free Wifi,Manhattan,Midtown,40.75425,-73.96648,953.0,5.0,4.0,0.4410958904109589,153433.00000000003,90058.49999999994
19965109,*NO GUEST SERVICE FEE* Beekman Tower Studio with Queen Bed & Free Wifi,Manhattan,Midtown,40.75425,-73.96648,953.0,5.0,4.0,0.4410958904109589,153433.00000000003,90058.49999999994
52339830,A cozy room in a newly renovated UWS  apartment,Manhattan,Upper West Side,40.79728,-73.97348,561.0,5.0,28.0,0.2602739726027397,53295.0,90040.5
17581934,A cozy room in a newly renovated UWS  apartment,Manhattan,Upper West Side,40.79728,-73.97348,561.0,5.0,28.0,0.2602739726027397,53295.0,90040.5
26835721,** Location~Location~Location in Time Square **,Manhattan,Hell's Kitchen,40.76125,-73.98848,963.0,5.0,2.0,0.4438356164383562,156006.0,90040.49999999997
26113865,Hidden gem!  Private home in heart of NY village,Manhattan,East Village,40.7281,-73.98354,436.0,5.0,7.0,0.13424657534246576,21364.0,90034.0
22409036,Handsome Tribeca Studio w/ Indoor pool + Gym by Blueground,Manhattan,Tribeca,40.71607,-74.00564,547.0,5.0,1.0,0.2493150684931507,49777.0,89981.5
24113434,Suite Donna Dina - free Street Parking+wifi,Manhattan,East Village,40.72956,-73.98113,952.0,5.0,18.0,0.4410958904109589,153272.0,89964.0
42122280,Suite Donna Dina - free Street Parking+wifi,Manhattan,East Village,40.72956,-73.98113,952.0,5.0,18.0,0.4410958904109589,153272.0,89964.0
41201044,Mint 2 bedroom w rooftop terrace!,Manhattan,Upper West Side,40.8037,-73.96803,1145.0,5.0,31.0,0.4849315068493151,202665.00000000003,89882.49999999997
16092381,"Great location,near nyc airports,subway &airtrain",Queens,Richmond Hill,40.69659,-73.81435,518.0,5.0,54.0,0.22465753424657534,42476.0,89873.0
33002150,Must ❤️ Plants,Brooklyn,Crown Heights,40.67667,-73.93934,369.0,5.0,5.0,0.03287671232876712,4428.0,89851.5
39726403,"UES 1 br, 2 blocks from the Met ",Manhattan,Upper East Side,40.77815,-73.95902,549.0,5.0,8.0,0.25205479452054796,50508.00000000001,89761.49999999997
5722949,NYC 2 Bedroom,Manhattan,Greenwich Village,40.72911,-73.99915,517.0,5.0,34.0,0.22465753424657534,42394.0,89699.5
32860762,Retreat in Williamsburg,Brooklyn,Williamsburg,40.71512,-73.95899,612.0,5.0,277.0,0.29863013698630136,66708.0,89658.0
30160015,Studio - Steps from Central Park and Times Square,Manhattan,Midtown,40.76487,-73.98119,379.0,5.0,139.0,0.052054794520547946,7201.0,89633.5
4666399,1 BR in loft / Bushwick,Brooklyn,Bushwick,40.69169,-73.92351,776.0,5.0,8.0,0.3835616438356164,108640.0,89627.99999999997
1355913,"BIG 1br, SLEEPS 4, dishwashr, TV",Brooklyn,Williamsburg,40.70832,-73.94157,1156.0,5.0,24.0,0.4876712328767123,205768.0,89590.0
32083675,Private bdr in 4 bdr unit: 2 min walk from Centra,Manhattan,Harlem,40.79789,-73.95349,392.0,5.0,3.0,0.07397260273972603,10584.0,89571.99999999999
54722452,*NO GUEST SERVICE FEE* Studio Suite with Free Continental Breakfast Daily,Manhattan,Midtown,40.75239,-73.96684,947.0,5.0,1.0,0.4410958904109589,152467.0,89491.5
19964557,*NO GUEST SERVICE FEE* Studio Suite with Free Continental Breakfast Daily,Manhattan,Midtown,40.75239,-73.96684,947.0,5.0,1.0,0.4410958904109589,152467.0,89491.5
6687817,Luxury Williamsburg Apt with Views,Brooklyn,Williamsburg,40.7167,-73.95272,615.0,5.0,2.0,0.3013698630136986,67650.0,89482.5
33720140,HUGE & LUXURY 3 Bed-Apt Queens NYC. A Hidden Gem,Queens,Maspeth,40.73932,-73.90725,363.0,5.0,5.0,0.024657534246575342,3267.0,89479.5
18275623,Sally's hideaway,Queens,Woodside,40.7466,-73.89176,423.0,5.0,27.0,0.12054794520547946,18612.0,89464.49999999999
53033519,Sally's hideaway,Queens,Woodside,40.7466,-73.89176,423.0,5.0,27.0,0.12054794520547946,18612.0,89464.49999999999
32916544,Lovely-Private Bedroom in Apartment,Bronx,Mott Haven,40.80589,-73.92094,350.0,5.0,1.0,0.0,0.0,89424.99999999999
10944945,Luxury New Private Duplex in Trendy Bed-Stuy,Brooklyn,Bedford-Stuyvesant,40.69034,-73.9444,802.0,5.0,99.0,0.39452054794520547,115488.0,89423.0
49507636,Luxury New Private Duplex in Trendy Bed-Stuy,Brooklyn,Bedford-Stuyvesant,40.69034,-73.9444,802.0,5.0,99.0,0.39452054794520547,115488.0,89423.0
5468338,"Marilyn's Home Stay 1, Brooklyn, NY",Brooklyn,Flatbush,40.64943,-73.96245,774.0,5.0,121.0,0.3835616438356164,108359.99999999999,89396.99999999999
35779115,Large 2 bedrooms in the lower east side,Manhattan,East Village,40.72402,-73.98151,349.0,5.0,2.0,0.0,0.0,89169.5
47439272,MANHATTAN Studio 10 SECONDS Walk to Subway,Manhattan,East Harlem,40.79736,-73.94203,478.0,5.0,149.0,0.18904109589041096,32982.0,89146.99999999999
8876582,MANHATTAN Studio 10 SECONDS Walk to Subway,Manhattan,East Harlem,40.79736,-73.94203,478.0,5.0,149.0,0.18904109589041096,32982.0,89146.99999999999
10086671,Astoria Room Fit for a Queen!,Queens,Ditmars Steinway,40.77481,-73.91562,360.0,5.0,9.0,0.021917808219178082,2880.0,89099.99999999999
48649362,Astoria Room Fit for a Queen!,Queens,Ditmars Steinway,40.77481,-73.91562,360.0,5.0,9.0,0.021917808219178082,2880.0,89099.99999999999
5533510,Cozy apt convenient to everything!,Manhattan,East Village,40.72526,-73.99201,538.0,5.0,10.0,0.2465753424657534,48419.99999999999,89039.0
30997301,Blueberry - 1 Bedroom Apt.  in Bedstuy Brownstone,Brooklyn,Bedford-Stuyvesant,40.68435,-73.94544,358.0,5.0,152.0,0.019178082191780823,2506.0,88963.0
35046765,Live Brooklyn II - 2 Bedroom Apt  5 Min to Subway!,Brooklyn,Bedford-Stuyvesant,40.69504,-73.94429,358.0,5.0,42.0,0.019178082191780823,2506.0,88963.0
2068380,Lovely BR In The ❤ Of Flushing! Free Metro Card,Queens,Flushing,40.76014,-73.81146,599.0,5.0,39.0,0.29315068493150687,64093.0,88951.49999999997
54781549,Bright and spacious room in Bushwick,Brooklyn,Bushwick,40.69629,-73.91351,1005.0,5.0,86.0,0.4575342465753425,167835.0,88942.5
20023653,Bright and spacious room in Bushwick,Brooklyn,Bushwick,40.69629,-73.91351,1005.0,5.0,86.0,0.4575342465753425,167835.0,88942.5
4916591,Stunning townhouse in Park Slope,Brooklyn,Park Slope,40.67034,-73.97512,972.0,5.0,43.0,0.44931506849315067,159408.0,88938.0
30079379,Williamsburg Spacious Private Bedroom & Bathroom,Brooklyn,Williamsburg,40.70834,-73.9467,432.0,5.0,2.0,0.136986301369863,21599.999999999996,88775.99999999999
26705930,Charming English Basement Studio,Manhattan,Upper East Side,40.77574,-73.95331,567.0,5.0,1.0,0.27123287671232876,56133.0,88735.5
35805073,LA COURONNE - Sophisticated Spacious 3 BDRM 2 BTHS,Brooklyn,Crown Heights,40.66473,-73.93974,736.0,5.0,125.0,0.3698630136986301,99360.0,88687.99999999997
23689268,Sweet  Private Room in the heart of Manhattan NYC,Manhattan,Hell's Kitchen,40.76295,-73.98866,1061.0,5.0,30.0,0.4712328767123288,182492.0,88593.5
22171547,*NO GUEST SERVICE FEE* Beekman Tower Studio Suite  #3,Manhattan,Midtown,40.75428,-73.96566,767.0,5.0,1.0,0.3835616438356164,107380.0,88588.5
38541167,The Hideaway,Manhattan,Harlem,40.81965,-73.95267,649.0,5.0,192.0,0.32602739726027397,77231.0,88588.49999999997
51924501,Private room in cozy apartment in east village,Manhattan,East Village,40.7232,-73.98152,809.0,5.0,8.0,0.4,118114.00000000001,88585.49999999996
17166605,Private room in cozy apartment in east village,Manhattan,East Village,40.7232,-73.98152,809.0,5.0,8.0,0.4,118114.00000000001,88585.49999999996
8026592,Bright and Cosy bedroom,Manhattan,Harlem,40.80857,-73.942,584.0,5.0,19.0,0.28493150684931506,60736.0,88475.99999999997
30655980,A cozy private room in a 3 bedroom apt   3rd floor,Bronx,Clason Point,40.813202,-73.860687,716.0,5.0,6.0,0.36164383561643837,94512.0,88426.0
2504144,Charming Prime Williamsburg 2 bedroom Entire home,Brooklyn,Williamsburg,40.71915,-73.94061,988.0,5.0,80.0,0.4547945205479452,164008.00000000003,88425.99999999994
37561939,Yankee stadium Single room overlooking Backyard,Bronx,Concourse Village,40.83178,-73.91817,1171.0,5.0,25.0,0.4931506849315068,210779.99999999997,88410.50000000003
34058148,Specious lovely Room,Queens,Elmhurst,40.73752,-73.88303,346.0,5.0,3.0,0.0,0.0,88403.0
38287661,BROOKLYN FAVORITE VACATION HOME 2,Brooklyn,Park Slope,40.68228,-73.97916,346.0,5.0,68.0,0.0,0.0,88403.0
23657787,"2 Bedroom modern apartment, trains nearby, a GEM!",Brooklyn,Bushwick,40.69549,-73.93006,591.0,5.0,12.0,0.29041095890410956,62645.99999999999,88354.5
40253849,Gorgeous NewModern_BestLocation!NYC,Manhattan,Hell's Kitchen,40.76544,-73.9882,372.0,5.0,7.0,0.049315068493150684,6696.0,88349.99999999999
49443017,Lovely and Cosy furnished 2 bedroom apartment,Manhattan,Upper East Side,40.76026,-73.96204,397.0,5.0,1.0,0.09041095890410959,13101.0,88332.49999999999
10880326,Lovely and Cosy furnished 2 bedroom apartment,Manhattan,Upper East Side,40.76026,-73.96204,397.0,5.0,1.0,0.09041095890410959,13101.0,88332.49999999999
6652470,Bright bedroom with private bathroom,Brooklyn,Crown Heights,40.66855,-73.92945,1111.0,5.0,12.0,0.4821917808219178,195536.00000000003,88324.49999999997
4576374,Skyline View Piano Room,Brooklyn,Greenpoint,40.73262,-73.95795,395.0,5.0,24.0,0.08767123287671233,12640.000000000002,88282.5
21169123,Modern Brooklyn Studio By The Beach,Brooklyn,Brighton Beach,40.58001,-73.96266,456.0,5.0,51.0,0.16986301369863013,28271.999999999996,88236.0
55927019,Modern Brooklyn Studio By The Beach,Brooklyn,Brighton Beach,40.58001,-73.96266,456.0,5.0,51.0,0.16986301369863013,28271.999999999996,88236.0
28591483,"Sunny, Clean, Nice bedroom available in Bushwick",Brooklyn,Bushwick,40.70746,-73.91928,451.0,5.0,164.0,0.1643835616438356,27060.0,88170.5
37000250,Private Room Studio Style in Manhattan Uptown,Manhattan,Washington Heights,40.84767,-73.93276,520.0,5.0,7.0,0.2356164383561644,44720.0,88140.0
5103268,Light and Airy with Hudson Views,Manhattan,Harlem,40.82056,-73.95661,379.0,5.0,9.0,0.06301369863013699,8717.0,88117.5
3388929,"Sunny, clean studio.",Manhattan,Kips Bay,40.74288,-73.9803,535.0,5.0,5.0,0.2493150684931507,48684.99999999999,88007.5
1796648,Gorgeous Modern Manhattan Apt,Manhattan,Midtown,40.74648,-73.98459,477.0,5.0,41.0,0.19452054794520549,33867.0,88006.49999999999
9405685,Gorgeous 2 Bedroom APT!,Queens,Ridgewood,40.70719,-73.91414,1093.0,5.0,29.0,0.4794520547945205,191275.0,87986.49999999994
47968376,Gorgeous 2 Bedroom APT!,Queens,Ridgewood,40.70719,-73.91414,1093.0,5.0,29.0,0.4794520547945205,191275.0,87986.49999999994
8979310,"Cute, cozy, hip Williamsburg nest",Brooklyn,Williamsburg,40.70969,-73.9592,388.0,5.0,10.0,0.07945205479452055,11252.000000000002,87881.99999999999
47542000,"Cute, cozy, hip Williamsburg nest",Brooklyn,Williamsburg,40.70969,-73.9592,388.0,5.0,10.0,0.07945205479452055,11252.000000000002,87881.99999999999
36980367,Adorable room/ lofted bed with desk close to City!,Brooklyn,Bushwick,40.70081,-73.94034,495.0,5.0,2.0,0.2136986301369863,38610.0,87862.5
18755020,Summer Rental in Historic Harlem Brownstone,Manhattan,Harlem,40.80371,-73.94991,970.0,5.0,3.0,0.4520547945205479,160050.0,87785.0
53512915,Summer Rental in Historic Harlem Brownstone,Manhattan,Harlem,40.80371,-73.94991,970.0,5.0,3.0,0.4520547945205479,160050.0,87785.0
45145570,Cozy one bed with balcony and pool,Manhattan,Upper East Side,40.77822,-73.95136,398.0,5.0,7.0,0.0958904109589041,13929.999999999998,87758.99999999999
13573893,Cozy one bed with balcony and pool,Manhattan,Upper East Side,40.77822,-73.95136,398.0,5.0,7.0,0.0958904109589041,13929.999999999998,87758.99999999999
18847254,Central SPACIOUS Triplex - LOCATION LOCATION LOC..,Manhattan,Gramercy,40.73773,-73.98322,773.0,5.0,11.0,0.38904109589041097,109766.00000000001,87735.49999999996
53605150,Central SPACIOUS Triplex - LOCATION LOCATION LOC..,Manhattan,Gramercy,40.73773,-73.98322,773.0,5.0,11.0,0.38904109589041097,109766.00000000001,87735.49999999996
33019272,Nice cozy apartment by Central Park,Manhattan,Upper East Side,40.78041,-73.9608,387.0,5.0,33.0,0.07945205479452055,11223.0,87655.49999999999
55046100,Cozy private room near Roosevelt Av - Jackson Hts,Queens,Woodside,40.74146,-73.89341,642.0,5.0,1.0,0.32602739726027397,76398.0,87633.0
20288204,Cozy private room near Roosevelt Av - Jackson Hts,Queens,Woodside,40.74146,-73.89341,642.0,5.0,1.0,0.32602739726027397,76398.0,87633.0
2515743,"Great Chelsea Location, Couch/2nd bed, Free WiFi",Manhattan,Chelsea,40.75028,-73.99533,546.0,5.0,45.0,0.2602739726027397,51870.0,87633.0
35205275,"Charming, Modern 2BR | Central Park",Manhattan,Upper East Side,40.77322,-73.95624,889.0,5.0,4.0,0.4301369863013699,139573.0,87566.49999999997
35231233,✰ LOCATION | LOCATION | LOCATION ✰,Manhattan,Gramercy,40.73817,-73.98229,410.0,5.0,4.0,0.11506849315068493,17220.0,87535.0
3866116,Beautiful apartment by Columbus Circle,Manhattan,Chelsea,40.74944,-73.99631,632.0,5.0,10.0,0.32054794520547947,73944.00000000001,87531.99999999999
37908784,"Bright & Beautiful, Private Garden",Brooklyn,Boerum Hill,40.68826,-73.98558,632.0,5.0,7.0,0.32054794520547947,73944.00000000001,87531.99999999999
41409261,MY HOUSE ON NEW YORK!! CLOSE TO JFK AND LGA,Queens,Woodhaven,40.69907,-73.85161,367.0,5.0,45.0,0.04657534246575343,6239.000000000001,87529.49999999999
17683558,MY HOUSE ON NEW YORK!! CLOSE TO JFK AND LGA,Queens,Woodhaven,40.69907,-73.85161,367.0,5.0,45.0,0.04657534246575343,6239.000000000001,87529.49999999999
52441453,MY HOUSE ON NEW YORK!! CLOSE TO JFK AND LGA,Queens,Woodhaven,40.69907,-73.85161,367.0,5.0,45.0,0.04657534246575343,6239.000000000001,87529.49999999999
2214739,Modern 1BR East Village Apt w/patio,Manhattan,East Village,40.72538,-73.98351,814.0,5.0,11.0,0.4054794520547945,120471.99999999999,87504.99999999999
7771982,Large Bright Bushwick Private Room!,Brooklyn,Bushwick,40.70138,-73.92168,837.0,5.0,3.0,0.4136986301369863,126387.0,87466.5
25488661,Penthouse Spectacular NYC Skyline Views,Manhattan,Kips Bay,40.74375,-73.97372,1035.0,5.0,10.0,0.4684931506849315,176985.0,87457.5
7554376,Sublet Cozy Spacious Private Room near Manhattan,Queens,Astoria,40.75546,-73.91768,566.0,5.0,9.0,0.27671232876712326,57165.99999999999,87447.0
16325452,Comfortable 1 Bedroom Apartment,Brooklyn,Bath Beach,40.60674,-74.00428,445.0,5.0,39.0,0.16164383561643836,26255.0,87442.5
16200632,FURNISHED BEDROOM IN FIDI LOFT APARTMENT,Manhattan,Financial District,40.71079,-74.00934,381.0,5.0,1.0,0.07123287671232877,9906.0,87439.5
2807357,Cozy NYC apt. 10min to Central Park,Queens,Long Island City,40.75401,-73.91757,1143.0,5.0,2.0,0.4904109589041096,204597.0,87439.49999999994
29691664,Private room in Manhattan,Manhattan,East Harlem,40.80915,-73.93853,349.0,5.0,5.0,0.0136986301369863,1745.0,87424.5
32706118,"Beautiful, spacious bedroom in Inwood, Manhattan",Manhattan,Inwood,40.85993,-73.92756,869.0,5.0,2.0,0.4246575342465753,134695.0,87334.49999999997
30151178,Large room in Harlem on 141st(Manhattan NY 10030),Manhattan,Harlem,40.81897,-73.94004,350.0,5.0,92.0,0.01643835616438356,2099.9999999999995,87324.99999999999
37046643,Beautiful Private House w/Garage in Ditmar/Astoria,Queens,Ditmars Steinway,40.77895,-73.91737,343.0,5.0,2.0,0.0027397260273972603,343.0,87293.5
3919689,Sunny 1bed Oasis in South Harlem/Upper West Side,Manhattan,Harlem,40.80293,-73.95586,684.0,5.0,23.0,0.3506849315068493,87552.0,87209.99999999997
7267732,Stay next to TimesSquare & Broadway,Manhattan,Hell's Kitchen,40.76455,-73.99297,388.0,5.0,49.0,0.08493150684931507,12028.000000000002,87105.99999999999
31179008,Modern 1 Bd unit w/ parking & quick ride Manhattan,Queens,Jamaica,40.69994,-73.79061,404.0,5.0,2.0,0.1095890410958904,16160.0,87061.99999999999
7195381,Private Entrance Bed & Bath with Garden and Deck,Brooklyn,South Slope,40.668,-73.98702,381.0,5.0,125.0,0.07397260273972603,10287.0,87058.5
17440546,HUGE studio apartment near ALL!,Brooklyn,East Flatbush,40.6329,-73.92784,343.0,5.0,53.0,0.005479452054794521,686.0,86950.5
52198441,HUGE studio apartment near ALL!,Brooklyn,East Flatbush,40.6329,-73.92784,343.0,5.0,53.0,0.005479452054794521,686.0,86950.5
47704376,Sunny Williamsburg 1 Bedroom apt,Brooklyn,Williamsburg,40.71228,-73.94211,487.0,5.0,7.0,0.21095890410958903,37499.0,86929.49999999999
9141686,Sunny Williamsburg 1 Bedroom apt,Brooklyn,Williamsburg,40.71228,-73.94211,487.0,5.0,7.0,0.21095890410958903,37499.0,86929.49999999999
25124695,COZY ROOM IN PRIME MID EAST CLOSE TO EVERYTHING!!!,Manhattan,Midtown,40.75661,-73.96396,425.0,5.0,4.0,0.13972602739726028,21675.0,86912.5
39305550,Park Slope duplex with backyard,Brooklyn,South Slope,40.66153,-73.98554,929.0,5.0,116.0,0.4438356164383562,150498.0,86861.49999999997
6640871,Nice Private Room Near Columbia U.,Manhattan,Morningside Heights,40.80379,-73.96571,733.0,5.0,4.0,0.37534246575342467,100421.0,86860.5
32452612,Spacious 1 bedroom and bathroom with full kitchen,Queens,Kew Gardens Hills,40.71673,-73.81687,344.0,5.0,12.0,0.00821917808219178,1032.0,86860.0
29094076,"Spacious, Private Oasis in Historic Brownstone",Brooklyn,Bedford-Stuyvesant,40.68767,-73.93675,451.0,5.0,335.0,0.1726027397260274,28413.0,86817.5
30476482,Shoreham Hotel - Best Location for Exploring NYC,Manhattan,Midtown,40.76338,-73.97579,364.0,5.0,7.0,0.04657534246575343,6188.000000000001,86814.0
47502235,Mins to SOHO-Good sized 2 Bdrms w/ real comfy beds,Manhattan,Lower East Side,40.71894,-73.99293,375.0,5.0,147.0,0.06575342465753424,9000.0,86812.5
8939544,Mins to SOHO-Good sized 2 Bdrms w/ real comfy beds,Manhattan,Lower East Side,40.71894,-73.99293,375.0,5.0,147.0,0.06575342465753424,9000.0,86812.5
15422441,Sunny apartment in the heart of trendy Greenpoint,Brooklyn,Greenpoint,40.72917,-73.95131,909.0,5.0,44.0,0.4383561643835616,145440.0,86809.49999999997
46994119,Sunny apartment in the heart of trendy Greenpoint,Brooklyn,Greenpoint,40.72917,-73.95131,909.0,5.0,44.0,0.4383561643835616,145440.0,86809.49999999997
32760795,50% Discount 10min to Manhattan,Queens,Long Island City,40.75493,-73.91729,473.0,5.0,81.0,0.19726027397260273,34056.0,86795.49999999999
32779573,Sonder at One Platt | Superior One-Bedroom Apartment w/ Den,Manhattan,Financial District,40.70624,-74.00643,473.0,5.0,20.0,0.19726027397260273,34056.0,86795.49999999999
33599739,PLEASENT PLACE TOWN HOUSE,Manhattan,East Harlem,40.79616,-73.93416,352.0,5.0,20.0,0.024657534246575342,3168.0,86767.99999999999
5938898,Beautiful bedroom in Brooklyn,Brooklyn,Bedford-Stuyvesant,40.68645,-73.92425,503.0,5.0,2.0,0.2273972602739726,41749.0,86767.49999999999
39134890,Brooklyn Two Bedroom - Family Friendly,Brooklyn,Prospect-Lefferts Gardens,40.65447,-73.96182,1149.0,5.0,1.0,0.4931506849315068,206819.99999999997,86749.50000000003
28587064,Cozy One bedroom apartment,Brooklyn,Bedford-Stuyvesant,40.69386,-73.9457,418.0,5.0,288.0,0.13150684931506848,20064.0,86734.99999999999
3850099,Quiet spot in NYC,Manhattan,East Village,40.72669,-73.98419,1179.0,5.0,179.0,0.4986301369863014,214578.0,86656.5
46774303,Comfy Room w/UPGRADE to entire apartment,Brooklyn,Brownsville,40.66034,-73.91416,1063.0,5.0,6.0,0.4767123287671233,184961.99999999997,86634.49999999997
15202626,Comfy Room w/UPGRADE to entire apartment,Brooklyn,Brownsville,40.66034,-73.91416,1063.0,5.0,6.0,0.4767123287671233,184961.99999999997,86634.49999999997
46442923,Spacious room w/Private Roof Deck in Shared Apt,Manhattan,Upper West Side,40.78182,-73.97915,713.0,5.0,141.0,0.36712328767123287,95542.0,86629.5
14871246,Spacious room w/Private Roof Deck in Shared Apt,Manhattan,Upper West Side,40.78182,-73.97915,713.0,5.0,141.0,0.36712328767123287,95542.0,86629.5
32041148,"Cozy & Stylishly minimal,in heart of Brooklyn",Brooklyn,Crown Heights,40.6759,-73.95051,462.0,5.0,9.0,0.1863013698630137,31416.0,86624.99999999999
39725851,1 ROOM IN AMAZING ARTIST NYC LOFT,Brooklyn,Williamsburg,40.7106,-73.96532,339.0,5.0,35.0,0.0,0.0,86614.5
40271523,One very large room two beds,Brooklyn,Bedford-Stuyvesant,40.68208,-73.9104,339.0,5.0,2.0,0.0,0.0,86614.5
37413923,Home in new york,Bronx,Soundview,40.82835,-73.87522,511.0,5.0,6.0,0.2356164383561644,43946.0,86614.5
43234060,"DESIGN, COLOR, MODERN, LIGHT!!! COOK'S KITCHEN!!!",Brooklyn,Bushwick,40.6886,-73.91209,583.0,5.0,77.0,0.29315068493150687,62381.00000000001,86575.5
50225074,"DESIGN, COLOR, MODERN, LIGHT!!! COOK'S KITCHEN!!!",Brooklyn,Bushwick,40.6886,-73.91209,583.0,5.0,77.0,0.29315068493150687,62381.00000000001,86575.5
11662383,"DESIGN, COLOR, MODERN, LIGHT!!! COOK'S KITCHEN!!!",Brooklyn,Bushwick,40.6886,-73.91209,583.0,5.0,77.0,0.29315068493150687,62381.00000000001,86575.5
13783767,Lexington Av. Zen Garden Apartment,Brooklyn,Bedford-Stuyvesant,40.68924,-73.92818,1062.0,5.0,86.0,0.4767123287671233,184787.99999999997,86553.00000000003
45355444,Lexington Av. Zen Garden Apartment,Brooklyn,Bedford-Stuyvesant,40.68924,-73.92818,1062.0,5.0,86.0,0.4767123287671233,184787.99999999997,86553.00000000003
9807207,SkyView Massive 2 bed 2 bath 5174,Manhattan,Upper East Side,40.77692,-73.95126,445.0,5.0,1.0,0.16712328767123288,27145.0,86552.5
48369898,SkyView Massive 2 bed 2 bath 5174,Manhattan,Upper East Side,40.77692,-73.95126,445.0,5.0,1.0,0.16712328767123288,27145.0,86552.5
3187892,Beautiful Central Park Apartment!,Manhattan,Harlem,40.79841,-73.95257,967.0,5.0,27.0,0.4547945205479452,160522.00000000003,86546.49999999997
31692095,Private Room Close To Everything - 09,Manhattan,Upper West Side,40.80102,-73.96388,643.0,5.0,12.0,0.3315068493150685,77803.0,86483.5
24787240,Suite Houston - Free Street Parking & WIFI,Manhattan,Lower East Side,40.7204,-73.98371,1035.0,5.0,5.0,0.4712328767123288,178020.0,86422.5
42796086,Suite Houston - Free Street Parking & WIFI,Manhattan,Lower East Side,40.7204,-73.98371,1035.0,5.0,5.0,0.4712328767123288,178020.0,86422.5
8587729,NYC Sweetheart Studio - Upper East,Manhattan,Upper East Side,40.77467,-73.95405,598.0,5.0,7.0,0.3041095890410959,66378.00000000001,86410.99999999999
6733105,Large Chill and Vibes 1 Bedroom,Brooklyn,Bushwick,40.69881,-73.93057,545.0,5.0,2.0,0.26575342465753427,52865.0,86382.5
34219420,Spacious and cozy one bedroom,Queens,Ditmars Steinway,40.7796,-73.92024,349.0,5.0,2.0,0.021917808219178082,2792.0,86377.5
30518457,EXCELLENT PRIVATE ROOM BY 3 METROS IN WILLIAMSBURG,Brooklyn,Williamsburg,40.70772,-73.94269,368.0,5.0,75.0,0.057534246575342465,7728.0,86295.99999999999
5617459,"Skylighted Floor, All Yours, 23 Mins to Manhattan",Brooklyn,Bedford-Stuyvesant,40.6833,-73.95162,439.0,5.0,10.0,0.16164383561643836,25901.0,86263.49999999999
31000615,2 BR Tropical Getaway near Ferry,Staten Island,St. George,40.64371,-74.07887,470.0,5.0,46.0,0.19726027397260273,33840.0,86245.0
31560647,Cozy Apartment Located In The Heart Of Manhattan#7,Manhattan,Midtown,40.7485,-73.98732,580.0,5.0,23.0,0.29315068493150687,62060.0,86130.0
4951938,Comfy 1BD + Private Bath in Williamsburg,Brooklyn,Williamsburg,40.71495,-73.93997,660.0,5.0,82.0,0.3424657534246575,82500.0,86129.99999999997
39170789,Designer apt w private backyard.  Manhattan LES,Manhattan,Lower East Side,40.71232,-73.99148,550.0,5.0,24.0,0.27123287671232876,54450.0,86075.0
29026695,GREAT LOCATION - GREAT NEIGHBORHOOD - BKLYN JEWEL,Brooklyn,Prospect Heights,40.67781,-73.97262,1125.0,5.0,141.0,0.4904109589041096,201375.0,86062.5
35874663,The High Tide 2BR with Redecorated Living Room  #3,Queens,Rockaway Beach,40.58597,-73.81867,440.0,5.0,51.0,0.1643835616438356,26399.999999999996,86020.0
23678774,Modern Private room in Hell's kitchen- times Squar,Manhattan,Hell's Kitchen,40.76474,-73.98924,1170.0,5.0,30.0,0.4986301369863014,212940.0,85995.0
35810044,Gorgeous Bohemian Apt in Historic Brownstone,Brooklyn,Bedford-Stuyvesant,40.68635,-73.94222,466.0,5.0,6.0,0.19452054794520549,33086.0,85977.0
21883799,Comfortable living space,Brooklyn,Bedford-Stuyvesant,40.68777,-73.95378,599.0,5.0,2.0,0.30684931506849317,67088.0,85956.49999999997
35908905,Single room in All-Inclusive Colivng Apt,Manhattan,Upper West Side,40.79862,-73.95986,1005.0,5.0,2.0,0.4657534246575342,170850.0,85927.5
51965923,Beautiful & sunny large room in a gorgeous apt.,Brooklyn,East Flatbush,40.65547,-73.92567,414.0,5.0,7.0,0.13150684931506848,19871.999999999996,85904.99999999999
17208027,Beautiful & sunny large room in a gorgeous apt.,Brooklyn,East Flatbush,40.65547,-73.92567,414.0,5.0,7.0,0.13150684931506848,19871.999999999996,85904.99999999999
27511184,Home Away From Home,Queens,Arverne,40.59125,-73.79683,340.0,5.0,1.0,0.00821917808219178,1019.9999999999999,85849.99999999999
26451320,Peaceful.,Brooklyn,Fort Greene,40.69026,-73.97074,379.0,5.0,4.0,0.07945205479452055,10991.000000000002,85843.5
26568408,WEST VILLAGE Duplex Diamond,Manhattan,West Village,40.73705,-74.00966,366.0,5.0,3.0,0.057534246575342465,7686.0,85827.0
10952125,Cozy+Sunny 2 bedroom apt. close to Central Park,Manhattan,Harlem,40.80719,-73.95303,506.0,5.0,137.0,0.2356164383561644,43516.0,85767.0
49514816,Cozy+Sunny 2 bedroom apt. close to Central Park,Manhattan,Harlem,40.80719,-73.95303,506.0,5.0,137.0,0.2356164383561644,43516.0,85767.0
3985413,Great cozy for summer in Brooklyn,Brooklyn,Bedford-Stuyvesant,40.69458,-73.94314,429.0,5.0,73.0,0.15342465753424658,24024.0,85585.49999999999
16047093,Cozy townhouse with an amazing back yard,Queens,Ridgewood,40.7088,-73.91387,710.0,5.0,54.0,0.3698630136986301,95850.0,85554.99999999997
39793783,"Sunny, private room in Brooklyn!",Brooklyn,Bedford-Stuyvesant,40.68713,-73.93659,636.0,5.0,69.0,0.3315068493150685,76956.00000000001,85541.99999999999
35819433,MedStay Studio #1,Bronx,Claremont Village,40.84196,-73.90571,803.0,5.0,7.0,0.40821917808219177,119647.0,85519.49999999997
40663656,Beautiful&New Bedrooms near everything you want!,Manhattan,Upper West Side,40.80188,-73.96696,395.0,5.0,26.0,0.10684931506849316,15405.0,85517.5
3666736,2 Bd/1 Bath Apartment Upper East Side NYC,Manhattan,Upper East Side,40.76349,-73.95969,579.0,5.0,9.0,0.2958904109589041,62532.0,85402.49999999997
3223791,Beautiful 1 Bdr in the heart of NYC,Manhattan,Theater District,40.76084,-73.98367,975.0,5.0,16.0,0.4602739726027397,163800.0,85312.5
10739490,Comfy Room in Amazing East Village Apt,Manhattan,East Village,40.72309,-73.98428,1086.0,5.0,2.0,0.4849315068493151,192221.99999999997,85251.00000000003
49302180,Comfy Room in Amazing East Village Apt,Manhattan,East Village,40.72309,-73.98428,1086.0,5.0,2.0,0.4849315068493151,192221.99999999997,85251.00000000003
31898655,East Village Peaceful Perfect One Bedroom,Manhattan,East Village,40.72898,-73.98413,472.0,5.0,6.0,0.2054794520547945,35400.0,85195.99999999999
45148884,Casa Estrella,Brooklyn,Bushwick,40.70679,-73.92295,701.0,5.0,78.0,0.36712328767123287,93933.99999999999,85171.50000000001
13577207,Casa Estrella,Brooklyn,Bushwick,40.70679,-73.92295,701.0,5.0,78.0,0.36712328767123287,93933.99999999999,85171.50000000001
34003470,Large Private Room with Modern amenities,Bronx,Kingsbridge,40.86369,-73.90358,941.0,5.0,55.0,0.4520547945205479,155265.0,85160.49999999997
28891381,Red Brick Landmark Home,Brooklyn,Bedford-Stuyvesant,40.67964,-73.94179,1044.0,5.0,41.0,0.4767123287671233,181656.0,85086.0
44512635,Williamsburg Bedfd Stop 1000 sqft 1 Bed + 1.5 Bath,Brooklyn,Williamsburg,40.71372,-73.96326,530.0,5.0,63.0,0.2602739726027397,50350.0,85065.0
57173008,Williamsburg Bedfd Stop 1000 sqft 1 Bed + 1.5 Bath,Brooklyn,Williamsburg,40.71372,-73.96326,530.0,5.0,63.0,0.2602739726027397,50350.0,85065.0
12940957,Williamsburg Bedfd Stop 1000 sqft 1 Bed + 1.5 Bath,Brooklyn,Williamsburg,40.71372,-73.96326,530.0,5.0,63.0,0.2602739726027397,50350.0,85065.0
51503648,Williamsburg Bedfd Stop 1000 sqft 1 Bed + 1.5 Bath,Brooklyn,Williamsburg,40.71372,-73.96326,530.0,5.0,63.0,0.2602739726027397,50350.0,85065.0
24263107,Harlem Hideaway,Manhattan,East Harlem,40.80305,-73.94163,372.0,5.0,5.0,0.07397260273972603,10044.0,85001.99999999999
42271954,Harlem Hideaway,Manhattan,East Harlem,40.80305,-73.94163,372.0,5.0,5.0,0.07397260273972603,10044.0,85001.99999999999
9352112,Luxury Full Central Park View Apart,Manhattan,Upper West Side,40.80031,-73.95847,398.0,5.0,6.0,0.11506849315068493,16716.0,84972.99999999999
47914803,Luxury Full Central Park View Apart,Manhattan,Upper West Side,40.80031,-73.95847,398.0,5.0,6.0,0.11506849315068493,16716.0,84972.99999999999
35147284,CONTACT HOST BEFORE BOOKING,Manhattan,Hell's Kitchen,40.76428,-73.99271,446.0,5.0,1.0,0.1780821917808219,28990.0,84963.0
2746052,Cozy sunny room in the heart of the city,Manhattan,Midtown,40.75375,-73.96556,656.0,5.0,128.0,0.3452054794520548,82656.0,84952.0
1920363,Super Cute Upper West Side Apt!!,Manhattan,Upper West Side,40.80193,-73.96703,1055.0,5.0,75.0,0.4794520547945205,184625.0,84927.5
24477400,Cozy Studio in Prime Lower East Side,Manhattan,Lower East Side,40.72141,-73.98866,405.0,5.0,8.0,0.12602739726027398,18630.000000000004,84847.5
42486246,Cozy Studio in Prime Lower East Side,Manhattan,Lower East Side,40.72141,-73.98866,405.0,5.0,8.0,0.12602739726027398,18630.000000000004,84847.5
35596303,Awesome Duplex apartment on Atlantic ave,Queens,Richmond Hill,40.69455,-73.82899,332.0,5.0,2.0,0.0,0.0,84825.99999999999
37123965,"Private, Cozy Heat, Near Subway, 20 Mins to MTN",Brooklyn,Bushwick,40.68321,-73.90853,332.0,5.0,51.0,0.0,0.0,84825.99999999999
35596303,Awesome Duplex apartment on Atlantic ave,Queens,Richmond Hill,40.69455,-73.82899,332.0,5.0,2.0,0.0,0.0,84825.99999999999
22316250,Better Home Inn,Queens,Springfield Gardens,40.66272,-73.76849,591.0,5.0,88.0,0.30684931506849317,66192.0,84808.5
3024963,"Bright, Modern Two Bedroom With Stunning Rooftop",Brooklyn,Williamsburg,40.71292,-73.95876,734.0,5.0,169.0,0.3835616438356164,102759.99999999999,84776.99999999999
53052297,Luxurious private Upper Westside Bedroom #2,Manhattan,Upper West Side,40.80222,-73.96763,796.0,5.0,1.0,0.40821917808219177,118604.0,84773.99999999997
18294401,Luxurious private Upper Westside Bedroom #2,Manhattan,Upper West Side,40.80222,-73.96763,796.0,5.0,1.0,0.40821917808219177,118604.0,84773.99999999997
19355370,Comfy Room with Private Insuite Bathroom,Brooklyn,Bedford-Stuyvesant,40.69455,-73.9343,733.0,5.0,27.0,0.3835616438356164,102619.99999999999,84661.50000000001
54113266,Comfy Room with Private Insuite Bathroom,Brooklyn,Bedford-Stuyvesant,40.69455,-73.9343,733.0,5.0,27.0,0.3835616438356164,102619.99999999999,84661.50000000001
25790217,No Stairs 2BR near Times Square - very private!!,Manhattan,Hell's Kitchen,40.76486,-73.99316,708.0,5.0,1.0,0.3726027397260274,96288.00000000001,84605.99999999999
35895098,"Home For Medical Professionals - ""Paresthesia""",Brooklyn,Bushwick,40.70315,-73.91472,1051.0,5.0,1.0,0.4794520547945205,183925.0,84605.5
28039183,Sleeping Easy on the East Side! 1 Bed/1 Bath,Manhattan,East Harlem,40.78586,-73.94475,353.0,5.0,3.0,0.043835616438356165,5648.0,84543.5
30155044,Washington Suite at Incentra Village Guest House,Manhattan,West Village,40.73723,-74.00507,490.0,5.0,10.0,0.2273972602739726,40670.0,84525.0
36583264,union square~Newly Reno~Sleeps 3,Manhattan,Gramercy,40.73323,-73.9828,793.0,5.0,9.0,0.40821917808219177,118157.0,84454.49999999997
52048768,Private Suite in NYC 15 minutes to Times Square,Queens,Sunnyside,40.74648,-73.91919,441.0,5.0,76.0,0.17534246575342466,28224.0,84451.5
17290872,Private Suite in NYC 15 minutes to Times Square,Queens,Sunnyside,40.74648,-73.91919,441.0,5.0,76.0,0.17534246575342466,28224.0,84451.5
36093926,New 3Br/2bathrooms apartment in Bed-Stuy,Brooklyn,Bedford-Stuyvesant,40.68892,-73.93768,333.0,5.0,1.0,0.005479452054794521,666.0,84415.5
37139430,Sid's Victorian Quiet Hideaway,Brooklyn,Flatbush,40.63883,-73.9623,397.0,5.0,123.0,0.1178082191780822,17071.0,84362.49999999999
35164405,Sml Rm in Pk Sl .great for longer stays Med/stu,Brooklyn,Prospect Heights,40.67954,-73.97247,445.0,5.0,88.0,0.18082191780821918,29370.0,84327.5
35654295,"Stunning UWS Studio w/ Gym, Laundry, Rooftop #6115",Manhattan,Upper West Side,40.78902,-73.97222,1087.0,5.0,8.0,0.4876712328767123,193486.00000000003,84242.49999999997
34859535,"3 Bedrooms, Hudson Yards, 12A",Manhattan,Hell's Kitchen,40.75586,-73.99806,578.0,5.0,4.0,0.3013698630136986,63580.0,84099.0
36023784,♔ Quant CrashPad NextTo Subway/Pratt/BarclayCenter,Brooklyn,Bedford-Stuyvesant,40.68692,-73.95577,329.0,5.0,1.0,0.0,0.0,84059.5
35465961,Vanderbilt Property III,Brooklyn,Fort Greene,40.69731,-73.97144,812.0,5.0,18.0,0.41643835616438357,123424.0,84042.0
33155690,The Game Room,Bronx,Claremont Village,40.84279,-73.90963,334.0,5.0,16.0,0.010958904109589041,1336.0,84001.0
40816643,2Br~Union square~Newly furnished,Manhattan,Gramercy,40.73337,-73.98524,379.0,5.0,5.0,0.09315068493150686,12886.0,83948.5
29787212,"Entire Luxury Condo w/Balcony
 
JFK🛫-18 mins",Brooklyn,Midwood,40.61252,-73.9553,335.0,5.0,9.0,0.0136986301369863,1675.0,83917.49999999999
39932411,Private room in Prime Soho/Nolita location,Manhattan,Nolita,40.72212,-73.99676,1042.0,5.0,29.0,0.4794520547945205,182349.99999999997,83881.00000000003
48467655,Luxury 1BR Apartment with Washer & Dryer,Brooklyn,Williamsburg,40.71293,-73.9603,1055.0,5.0,54.0,0.4821917808219178,185680.0,83872.5
9904964,Luxury 1BR Apartment with Washer & Dryer,Brooklyn,Williamsburg,40.71293,-73.9603,1055.0,5.0,54.0,0.4821917808219178,185680.0,83872.5
32696728,Discover New York - 32,Manhattan,Upper West Side,40.80269,-73.96537,937.0,5.0,16.0,0.4547945205479452,155542.0,83861.5
25000980,Stylish Designer 3 Bedroom Apartment,Queens,Astoria,40.76222,-73.91861,869.0,5.0,10.0,0.43561643835616437,138171.0,83858.49999999997
29452518,1 habitacion cerca de dos aeropuertos en queens,Queens,Flushing,40.74541,-73.83311,350.0,5.0,73.0,0.043835616438356165,5600.0,83824.99999999999
13344689,#3 Private  Quadruple  Room  20mnts from Manhattan,Bronx,Mott Haven,40.81217,-73.91777,373.0,5.0,21.0,0.08493150684931507,11563.0,83738.49999999999
44916366,#3 Private  Quadruple  Room  20mnts from Manhattan,Bronx,Mott Haven,40.81217,-73.91777,373.0,5.0,21.0,0.08493150684931507,11563.0,83738.49999999999
16698254,Spacious beautiful studio in Midtown Manhattan,Manhattan,Murray Hill,40.74873,-73.97664,329.0,5.0,5.0,0.0027397260273972603,329.0,83730.5
52011212,307 east 44th street fully furnished,Manhattan,Midtown,40.7504,-73.96934,329.0,5.0,1.0,0.0027397260273972603,329.0,83730.5
17253316,307 east 44th street fully furnished,Manhattan,Midtown,40.7504,-73.96934,329.0,5.0,1.0,0.0027397260273972603,329.0,83730.5
31745116,Privet room.10min from CentralPark.5 min to Times,Manhattan,Hell's Kitchen,40.7652,-73.99291,461.0,5.0,24.0,0.20273972602739726,34114.0,83671.5
47241549,Lavish 2 BR minutes from Central Park!,Manhattan,Upper West Side,40.78631,-73.97752,371.0,5.0,27.0,0.0821917808219178,11129.999999999998,83660.5
15669872,Lavish 2 BR minutes from Central Park!,Manhattan,Upper West Side,40.78631,-73.97752,371.0,5.0,27.0,0.0821917808219178,11129.999999999998,83660.5
30255562,Apartment for 6 guests.. Convenient Location,Brooklyn,East New York,40.67249,-73.86768,531.0,5.0,13.0,0.2684931506849315,52038.0,83632.5
34441996,Private Room for 2,Brooklyn,Bedford-Stuyvesant,40.69089,-73.93301,342.0,5.0,57.0,0.030136986301369864,3762.0,83618.99999999999
6845775,Victorian House near Brooklyn College,Brooklyn,East Flatbush,40.63939,-73.94988,337.0,5.0,100.0,0.021917808219178082,2696.0,83407.49999999999
19250985,MONTHLY RENTAL 1/2 Block from the BEACH BUNGALOW,Queens,Rockaway Beach,40.58536,-73.81726,329.0,5.0,1.0,0.005479452054794521,658.0,83401.5
54008881,MONTHLY RENTAL 1/2 Block from the BEACH BUNGALOW,Queens,Rockaway Beach,40.58536,-73.81726,329.0,5.0,1.0,0.005479452054794521,658.0,83401.5
30718390,Private Bedroom in Queens at St. John's University,Queens,Jamaica Estates,40.721,-73.79767,418.0,5.0,82.0,0.15342465753424658,23408.0,83390.99999999999
5890848,R&S Modern Spacious Hideaway,Brooklyn,East Flatbush,40.64345,-73.93643,581.0,5.0,157.0,0.30684931506849317,65072.0,83373.5
51419146,Best Location + Private Roof Deck,Manhattan,East Village,40.73109,-73.98234,585.0,5.0,209.0,0.3095890410958904,66105.0,83362.5
12856456,Best Location + Private Roof Deck,Manhattan,East Village,40.73109,-73.98234,585.0,5.0,209.0,0.3095890410958904,66105.0,83362.5
57088506,Best Location + Private Roof Deck,Manhattan,East Village,40.73109,-73.98234,585.0,5.0,209.0,0.3095890410958904,66105.0,83362.5
44428133,Best Location + Private Roof Deck,Manhattan,East Village,40.73109,-73.98234,585.0,5.0,209.0,0.3095890410958904,66105.0,83362.5
6281876,Classic Lower East Side Apartment,Manhattan,East Village,40.72168,-73.98418,601.0,5.0,2.0,0.32054794520547947,70317.0,83238.5
36312637,"ELEVATOR, BEAUTIFUL APARTMENT UNION SQ LOCATION",Manhattan,East Village,40.73188,-73.99048,379.0,5.0,14.0,0.09863013698630137,13644.0,83190.5
11702701,Spacious Private Bedroom in the North Bronx,Bronx,Kingsbridge,40.88283,-73.89326,328.0,5.0,2.0,0.005479452054794521,656.0,83148.0
50265391,Spacious Private Bedroom in the North Bronx,Bronx,Kingsbridge,40.88283,-73.89326,328.0,5.0,2.0,0.005479452054794521,656.0,83148.0
43274378,Spacious Private Bedroom in the North Bronx,Bronx,Kingsbridge,40.88283,-73.89326,328.0,5.0,2.0,0.005479452054794521,656.0,83148.0
7299213,Spacious yet cozy apt; heart of BK,Brooklyn,Cobble Hill,40.68954,-73.99383,1059.0,5.0,7.0,0.4849315068493151,187442.99999999997,83131.50000000003
34517109,2 Bdrm apt Near Empire State Building,Manhattan,Murray Hill,40.74929,-73.98125,458.0,5.0,10.0,0.20273972602739726,33892.0,83126.99999999999
33900742,Brooklyn’s Little Getaway ( Home away from home),Brooklyn,East Flatbush,40.64315,-73.94782,458.0,5.0,20.0,0.20273972602739726,33892.0,83126.99999999999
4892842,Reduced$ EastVillage Entire 1BD APT,Manhattan,East Village,40.73096,-73.98376,672.0,5.0,62.0,0.36164383561643837,88704.0,82992.0
22656467,CHEERFUL RM IN BROOKLYN! EASY ACCESS TO TRAIN! R3,Brooklyn,Bedford-Stuyvesant,40.68709,-73.95801,927.0,5.0,3.0,0.4547945205479452,153882.00000000003,82966.49999999997
6017325,Big comfy space close to Yankees.,Bronx,Morris Heights,40.85073,-73.9128,396.0,5.0,20.0,0.12602739726027398,18216.000000000004,82962.0
48055087,Top location amazing cozy 1BR,Manhattan,East Village,40.72387,-73.98939,424.0,5.0,3.0,0.1643835616438356,25439.999999999996,82891.99999999999
9492396,Top location amazing cozy 1BR,Manhattan,East Village,40.72387,-73.98939,424.0,5.0,3.0,0.1643835616438356,25439.999999999996,82891.99999999999
39787156,IDEAL AREA!Reviews! LARGE btfl room,Brooklyn,Prospect Heights,40.67852,-73.97008,808.0,5.0,73.0,0.4191780821917808,123624.0,82819.99999999997
25833849,"High floor king bed, your sanctuary in SoHo",Manhattan,SoHo,40.72172,-74.00436,516.0,5.0,1.0,0.2602739726027397,49020.0,82818.0
3466803,Penthouse in Williamsburg w/ Patio!,Brooklyn,Williamsburg,40.7172,-73.9616,946.0,5.0,18.0,0.4602739726027397,158928.0,82774.99999999997
35808939,Quaint And Cozy Close To All,Queens,Rockaway Beach,40.58828,-73.81357,991.0,5.0,86.0,0.4712328767123288,170452.0,82748.49999999997
44644082,Renovated Comfortable Room for 2 or solo traveler,Brooklyn,Windsor Terrace,40.64958,-73.97482,619.0,5.0,108.0,0.33424657534246577,75518.0,82636.49999999997
57304455,Renovated Comfortable Room for 2 or solo traveler,Brooklyn,Windsor Terrace,40.64958,-73.97482,619.0,5.0,108.0,0.33424657534246577,75518.0,82636.49999999997
51635095,Renovated Comfortable Room for 2 or solo traveler,Brooklyn,Windsor Terrace,40.64958,-73.97482,619.0,5.0,108.0,0.33424657534246577,75518.0,82636.49999999997
13072405,Renovated Comfortable Room for 2 or solo traveler,Brooklyn,Windsor Terrace,40.64958,-73.97482,619.0,5.0,108.0,0.33424657534246577,75518.0,82636.49999999997
33250685,Two bus stops to World Trade Center,Staten Island,Concord,40.60494,-74.07337,741.0,5.0,44.0,0.39452054794520547,106704.0,82621.49999999997
39244245,Spacious Loft 5 min to Union Square,Brooklyn,Williamsburg,40.71756,-73.95282,378.0,5.0,155.0,0.10136986301369863,13986.0,82592.99999999999
9332229,Room right on Central Park!,Manhattan,East Harlem,40.79663,-73.94893,912.0,5.0,5.0,0.4520547945205479,150480.0,82536.0
32707222,Quiet & Private room to stay in Brooklyn NYC,Brooklyn,Prospect-Lefferts Gardens,40.66217,-73.94283,332.0,5.0,3.0,0.019178082191780823,2324.0,82501.99999999999
3473983,Spacious room in great neighborhood,Brooklyn,Williamsburg,40.70442,-73.95413,409.0,5.0,6.0,0.14794520547945206,22086.0,82413.49999999999
1500615,Spacious Manhattan Apartment near Central Park,Manhattan,Upper West Side,40.78867,-73.96809,1121.0,5.0,297.0,0.4986301369863014,204021.99999999997,82393.50000000003
18706417,2 Bedroom 1 Bath by NYC Train and Major Highways,Bronx,Kingsbridge,40.88485,-73.89756,334.0,5.0,25.0,0.024657534246575342,3006.0,82331.0
53464313,2 Bedroom 1 Bath by NYC Train and Major Highways,Bronx,Kingsbridge,40.88485,-73.89756,334.0,5.0,25.0,0.024657534246575342,3006.0,82331.0
36445741,SPRING SPECIAL! Loft in Meatpacking District NYC,Manhattan,West Village,40.73955,-74.00476,326.0,5.0,8.0,0.00821917808219178,978.0,82315.0
34897644,Amazing NewApt Bright in the Heart of Williamsburg,Brooklyn,Williamsburg,40.71295,-73.95542,375.0,5.0,2.0,0.09863013698630137,13500.0,82312.5
30262190,Super cozy private Unit near JFK,Queens,Jamaica,40.68259,-73.79052,332.0,5.0,9.0,0.021917808219178082,2656.0,82169.99999999999
29583413,Private beachfront apartment with ocean view.,Queens,Rockaway Beach,40.58389,-73.81757,340.0,5.0,100.0,0.038356164383561646,4760.0,82109.99999999999
31241418,"Central, clean & cozy private 1-bedroom apartment",Queens,Laurelton,40.67624542,-73.73878042,321.0,5.0,9.0,0.0,0.0,82015.5
33890249,"Private room w/bathroom 
Flushing Nearby NYP",Queens,Flushing,40.74921,-73.82733,321.0,5.0,4.0,0.0,0.0,82015.5
34462432,3-Bedrooms in East Village Apartment,Manhattan,East Village,40.72648,-73.98814,348.0,5.0,1.0,0.0547945205479452,6959.999999999999,81954.0
5472757,Orange Room,Brooklyn,Bedford-Stuyvesant,40.68549,-73.93532,762.0,5.0,163.0,0.4054794520547945,112776.0,81915.0
29754626,"Entire Villa-4 Bedroom - 4,000 sq. ft Experience",Queens,Ditmars Steinway,40.77433,-73.89513,360.0,5.0,84.0,0.07671232876712329,10080.0,81899.99999999999
17242822,Bright/Large 1 Bdr Flat W/Parking!,Bronx,Kingsbridge,40.88435,-73.90305,368.0,5.0,14.0,0.09041095890410959,12144.000000000002,81879.99999999999
52000718,Bright/Large 1 Bdr Flat W/Parking!,Bronx,Kingsbridge,40.88435,-73.90305,368.0,5.0,14.0,0.09041095890410959,12144.000000000002,81879.99999999999
31984814,Midtown West Private Sublet - Best Value,Manhattan,Hell's Kitchen,40.76362,-73.98814,410.0,5.0,15.0,0.15342465753424658,22960.0,81795.0
8604850,Live like a local in NYC! Next to Ditmars subway,Queens,Ditmars Steinway,40.77673,-73.90993,574.0,5.0,8.0,0.3095890410958904,64862.00000000001,81794.99999999997
33629563,Cheerful 2 Bed 1 sofa 2 bath double booking on rms,Bronx,Williamsbridge,40.87924,-73.85831,320.0,5.0,3.0,0.0,0.0,81760.0
31976529,Private Two Bedroom with Garden in Cobble Hill,Brooklyn,Carroll Gardens,40.68176,-73.99473,661.0,5.0,88.0,0.36164383561643837,87252.0,81633.5
20862044,1Dynamic private room in bushwick,Brooklyn,Bushwick,40.69256,-73.90457,323.0,5.0,26.0,0.00821917808219178,969.0,81557.5
55619940,1Dynamic private room in bushwick,Brooklyn,Bushwick,40.69256,-73.90457,323.0,5.0,26.0,0.00821917808219178,969.0,81557.5
1483494,COMFORTABLE ROOM,Manhattan,East Harlem,40.79107,-73.94381,481.0,5.0,216.0,0.2356164383561644,41366.0,81529.5
41623553,Deluxe Studio view Broadway #4,Manhattan,Midtown,40.74657,-73.98691,705.0,5.0,8.0,0.3835616438356164,98700.0,81427.49999999997
17897850,Deluxe Studio view Broadway #4,Manhattan,Midtown,40.74657,-73.98691,705.0,5.0,8.0,0.3835616438356164,98700.0,81427.49999999997
52655746,Deluxe Studio view Broadway #4,Manhattan,Midtown,40.74657,-73.98691,705.0,5.0,8.0,0.3835616438356164,98700.0,81427.49999999997
17097015,Private Cozy Rustic Escape in Williamsburg,Brooklyn,Williamsburg,40.71339,-73.93896,501.0,5.0,34.0,0.2547945205479452,46593.0,81412.5
33619622,"""2 Bedroom highrise with Stunning views of NY/NJ""",Manhattan,Hell's Kitchen,40.76019,-73.99962,376.0,5.0,17.0,0.10684931506849316,14664.0,81404.0
32711088,"Cozy apartment in South Williamsburg,  Brooklyn.",Brooklyn,Bedford-Stuyvesant,40.69866,-73.94548,425.0,5.0,91.0,0.17534246575342466,27200.0,81387.5
31113284,Stylish 2 bedroom apartment with parking,Brooklyn,Gerritsen Beach,40.58994,-73.92364,347.0,5.0,25.0,0.057534246575342465,7287.0,81371.49999999999
5754982,Charming Home in Brooklyn Townhouse,Brooklyn,Bedford-Stuyvesant,40.68023,-73.91047,416.0,5.0,92.0,0.1643835616438356,24959.999999999996,81328.0
34029981,Cozy Haven,Bronx,Mott Haven,40.81069,-73.91854,497.0,5.0,5.0,0.25205479452054796,45724.0,81259.49999999999
30774172,Superb Location Midtown Sutudio,Manhattan,Midtown,40.74645,-73.9887,482.0,5.0,148.0,0.23835616438356164,41934.0,81216.99999999999
35234547,Room in Dreamy N Williamsburg w/Huge Backyard!,Brooklyn,Williamsburg,40.71591,-73.95668,800.0,5.0,8.0,0.42191780821917807,123200.0,81200.0
7757622,Upper East Side - amazing location!,Manhattan,Upper East Side,40.78113,-73.95452,996.0,5.0,1.0,0.4767123287671233,173304.0,81173.99999999997
6250395,East Vlg 2 bdrm Private Apt - 1 Block to Union Sq,Manhattan,East Village,40.73125,-73.98675,769.0,5.0,2.0,0.410958904109589,115350.0,81129.49999999997
13382245,Large 2bd 15 min to Midtown Manhattan,Queens,Ditmars Steinway,40.77764,-73.91128,927.0,5.0,93.0,0.4602739726027397,155736.0,81112.5
44953922,Large 2bd 15 min to Midtown Manhattan,Queens,Ditmars Steinway,40.77764,-73.91128,927.0,5.0,93.0,0.4602739726027397,155736.0,81112.5
21957807,"Sharp Wall Street 1BR w/ Gym, Doorman, Roof deck by Blueground",Manhattan,Financial District,40.70497,-74.00746,1020.0,5.0,1.0,0.4821917808219178,179520.0,81090.0
29774509,★ Massive Duplex ★ 15 Mins Times Sq | Family | 5BR,Manhattan,Upper West Side,40.80268,-73.96451,1103.0,5.0,11.0,0.4986301369863014,200746.00000000003,81070.49999999991
3758970,"Brooklyn private room, by F,Gtrain",Brooklyn,Windsor Terrace,40.65015,-73.97945,621.0,5.0,77.0,0.3424657534246575,77625.0,81040.5
55543723,Great value! Private room Queen size Couch bed,Bronx,Wakefield,40.88688,-73.85848,364.0,5.0,14.0,0.09041095890410959,12012.0,80990.0
20785827,Great value! Private room Queen size Couch bed,Bronx,Wakefield,40.88688,-73.85848,364.0,5.0,14.0,0.09041095890410959,12012.0,80990.0
14214561,Charming Brooklyn House on a Quiet Block,Brooklyn,Windsor Terrace,40.65193,-73.97743,958.0,5.0,1.0,0.4684931506849315,163818.0,80950.99999999997
45786238,Charming Brooklyn House on a Quiet Block,Brooklyn,Windsor Terrace,40.65193,-73.97743,958.0,5.0,1.0,0.4684931506849315,163818.0,80950.99999999997
40722200,Ocean view studio with balcony,Queens,Arverne,40.59029,-73.79032,351.0,5.0,9.0,0.0684931506849315,8775.0,80905.5
23275595,"Modern, spacious, & cozy Upper West Side Apartment",Manhattan,Upper West Side,40.78331,-73.97687,1030.0,5.0,1.0,0.4849315068493151,182310.0,80855.0
29364150,"Prewar Gem On Riverside Dr, Cozy Riverside Views!",Manhattan,Harlem,40.82372,-73.95439,1100.0,5.0,3.0,0.4986301369863014,200200.0,80850.0
53991207,Beautiful Historic Harlem Townhouse,Manhattan,Harlem,40.82252,-73.94858,440.0,5.0,63.0,0.19726027397260273,31679.999999999996,80740.0
19233311,Beautiful Historic Harlem Townhouse,Manhattan,Harlem,40.82252,-73.94858,440.0,5.0,63.0,0.19726027397260273,31679.999999999996,80740.0
6903766,The Notorious B.N.B. {Custom},Brooklyn,Clinton Hill,40.68971,-73.96695,780.0,5.0,20.0,0.41643835616438357,118560.00000000001,80729.99999999999
23619678,Hamilton Studio. 2Queen. priv bath. kitchenette,Manhattan,Harlem,40.82335,-73.94939,402.0,5.0,20.0,0.1506849315068493,22110.0,80600.99999999999
1278038,Brand New Beautiful Duplex Apartment with Garden,Brooklyn,Greenpoint,40.72315,-73.95226,586.0,5.0,20.0,0.3232876712328767,69148.0,80575.0
32562520,Premium Queen Room Theater District Boutique Hotel,Manhattan,Midtown,40.76368,-73.97612,335.0,5.0,5.0,0.0410958904109589,5025.0,80567.49999999999
3238703,Shared studio in East Harlem,Manhattan,East Harlem,40.79731,-73.94231,953.0,5.0,10.0,0.4684931506849315,162963.0,80528.49999999997
31600413,"Sunny, calm room in Victorian home",Brooklyn,Bedford-Stuyvesant,40.68613,-73.95545,572.0,5.0,195.0,0.3150684931506849,65780.0,80366.0
9913801,Bk's Finest City life close to Transportation,Brooklyn,Bushwick,40.69499,-73.9283,908.0,5.0,251.0,0.4575342465753425,151636.0,80357.99999999997
48476492,Bk's Finest City life close to Transportation,Brooklyn,Bushwick,40.69499,-73.9283,908.0,5.0,251.0,0.4575342465753425,151636.0,80357.99999999997
31927927,Comfy & Clean Apartment,Manhattan,Gramercy,40.73679,-73.97916,611.0,5.0,4.0,0.33972602739726027,75764.0,80346.5
34725326,The Grand Executive,Manhattan,Murray Hill,40.7493,-73.97873,672.0,5.0,4.0,0.3726027397260274,91392.00000000001,80303.99999999999
4611721,1BR Duplex in Heart of Brooklyn with 2 cats!!!,Brooklyn,Prospect Heights,40.67906,-73.96602,479.0,5.0,19.0,0.2410958904109589,42152.0,80232.49999999999
38155662,Hamilton Beach House,Queens,Howard Beach,40.65245,-73.82931,503.0,5.0,65.0,0.26301369863013696,48287.99999999999,80228.5
43035784,Queens Comfy Private Room (JFK-8mins) with porch,Queens,St. Albans,40.68511,-73.76884,314.0,5.0,125.0,0.0,0.0,80227.0
11464107,Queens Comfy Private Room (JFK-8mins) with porch,Queens,St. Albans,40.68511,-73.76884,314.0,5.0,125.0,0.0,0.0,80227.0
50026798,Queens Comfy Private Room (JFK-8mins) with porch,Queens,St. Albans,40.68511,-73.76884,314.0,5.0,125.0,0.0,0.0,80227.0
26770549,Cozy  Spacious Near TIMES SQUARE,Manhattan,Chelsea,40.74814,-73.99416,624.0,5.0,2.0,0.34794520547945207,79248.0,80183.99999999997
22679663,Feels Like Home Near JFK and LGA,Brooklyn,East New York,40.66745,-73.89217,789.0,5.0,25.0,0.42191780821917807,121505.99999999999,80083.49999999999
31703141,UWS 4A huge room w/desk 5,Manhattan,Upper West Side,40.80333,-73.96607,352.0,5.0,1.0,0.07671232876712329,9856.000000000002,80079.99999999999
21752904,"BRIGHT, SPACIOUS, QUIET Luxury Oasis, DowntownNYC!",Manhattan,East Village,40.72977,-73.97895,653.0,5.0,23.0,0.3643835616438356,86849.0,79992.5
1410038,"Charming Hotel Alternative
Mount Sinai",Manhattan,East Harlem,40.79111,-73.94466,586.0,5.0,25.0,0.32602739726027397,69734.0,79989.0
25431774,NYC Summer Housing,Manhattan,Upper East Side,40.77132,-73.94829,969.0,5.0,4.0,0.473972602739726,167637.0,79942.49999999997
34256424,"Hotel 32 32, Double Queen Superior",Manhattan,Midtown,40.74504,-73.9823,438.0,5.0,22.0,0.2,31974.000000000004,79934.99999999999
43299232,Location Central Park ( only female guest ),Manhattan,Upper West Side,40.78895,-73.96754,573.0,5.0,2.0,0.3178082191780822,66468.0,79933.5
50290245,Location Central Park ( only female guest ),Manhattan,Upper West Side,40.78895,-73.96754,573.0,5.0,2.0,0.3178082191780822,66468.0,79933.5
11727554,Location Central Park ( only female guest ),Manhattan,Upper West Side,40.78895,-73.96754,573.0,5.0,2.0,0.3178082191780822,66468.0,79933.5
4359872,Very Bright Modern Apartment 2 Mins from Manhattan,Bronx,Concourse,40.82636,-73.92655,354.0,5.0,18.0,0.0821917808219178,10619.999999999998,79827.0
33395940,"One Bedroom Loft in Williamsburg, BK",Brooklyn,Williamsburg,40.71265,-73.96297,1057.0,5.0,2.0,0.4931506849315068,190260.0,79803.5
23090022,Happy place to be,Brooklyn,Bushwick,40.69233,-73.92636,312.0,5.0,1.0,0.0,0.0,79715.99999999999
56370516,Studio/Full Kitchen at Wyndham Midtown 45 Resort,Manhattan,Midtown,40.75302,-73.97221,312.0,5.0,2.0,0.0,0.0,79715.99999999999
43710143,Studio/Full Kitchen at Wyndham Midtown 45 Resort,Manhattan,Midtown,40.75302,-73.97221,312.0,5.0,2.0,0.0,0.0,79715.99999999999
50701156,Studio/Full Kitchen at Wyndham Midtown 45 Resort,Manhattan,Midtown,40.75302,-73.97221,312.0,5.0,2.0,0.0,0.0,79715.99999999999
12138466,Studio/Full Kitchen at Wyndham Midtown 45 Resort,Manhattan,Midtown,40.75302,-73.97221,312.0,5.0,2.0,0.0,0.0,79715.99999999999
22004200,Beautiful Bed-Stuy Brownstone on tree line block.,Brooklyn,Bedford-Stuyvesant,40.6871,-73.92449,347.0,5.0,20.0,0.07123287671232877,9022.0,79636.49999999999
38024767,Huge room  near Columbia University med school,Manhattan,Washington Heights,40.84192,-73.94187,609.0,5.0,7.0,0.3424657534246575,76125.0,79474.49999999997
4122936,Cosy room in Williamsburg,Brooklyn,Williamsburg,40.7105,-73.9438,317.0,5.0,113.0,0.0136986301369863,1585.0,79408.49999999999
40792894,Cozy 1 bdrm in a 2 Bdr apt. Great location.,Brooklyn,Williamsburg,40.70866,-73.94122,312.0,5.0,7.0,0.0027397260273972603,312.0,79403.99999999999
25435640,Stay with a native New Yorker!,Manhattan,Upper East Side,40.77167,-73.95529,394.0,5.0,2.0,0.14794520547945206,21276.0,79390.99999999999
32733180,Furnished 2BR in UES (30 DAYS MIN),Manhattan,Upper East Side,40.78218,-73.94827,442.0,5.0,19.0,0.20821917808219179,33592.0,79338.99999999999
21499951,Great Location in Midtown! ESB,Manhattan,Midtown,40.74759,-73.98889,457.0,5.0,9.0,0.22465753424657534,37474.0,79289.49999999999
21700435,Charming Room 1 with 2 Beds Close to Metro,Brooklyn,Bedford-Stuyvesant,40.6847,-73.95532,432.0,5.0,23.0,0.19726027397260273,31103.999999999996,79271.99999999999
8234809,New York NY Downtown (East Village),Manhattan,East Village,40.73036,-73.98673,319.0,5.0,20.0,0.019178082191780823,2233.0000000000005,79271.5
32925933,The Red House Rockaway (Winter Spa Experience),Queens,Rockaway Beach,40.58443,-73.81251,319.0,5.0,101.0,0.019178082191780823,2233.0000000000005,79271.5
51207615,Beautiful Brooklyn 3-Bedroom Duplex,Brooklyn,Bedford-Stuyvesant,40.67948,-73.90822,927.0,5.0,112.0,0.4657534246575342,157589.99999999997,79258.50000000003
44216602,Beautiful Brooklyn 3-Bedroom Duplex,Brooklyn,Bedford-Stuyvesant,40.67948,-73.90822,927.0,5.0,112.0,0.4657534246575342,157589.99999999997,79258.50000000003
56876975,Beautiful Brooklyn 3-Bedroom Duplex,Brooklyn,Bedford-Stuyvesant,40.67948,-73.90822,927.0,5.0,112.0,0.4657534246575342,157589.99999999997,79258.50000000003
12644925,Beautiful Brooklyn 3-Bedroom Duplex,Brooklyn,Bedford-Stuyvesant,40.67948,-73.90822,927.0,5.0,112.0,0.4657534246575342,157589.99999999997,79258.50000000003
38796330,Comfortable and pleasant fully furnished apartment,Manhattan,Upper East Side,40.76128,-73.96236,403.0,5.0,5.0,0.16164383561643836,23777.0,79189.49999999999
2125267,CHIC ROOM IN BROOKLYN BROWNSTONE,Brooklyn,Flatbush,40.64388,-73.95279,626.0,5.0,66.0,0.35342465753424657,80754.0,79189.0
28831733,Suite Boulevard - 15 min to Central Park,Queens,Long Island City,40.75542,-73.92047,657.0,5.0,90.0,0.3698630136986301,88695.0,79168.5
3585548,Penthouse next to Central Park !,Manhattan,Upper East Side,40.77449,-73.96228,709.0,5.0,1.0,0.39452054794520547,102096.0,79053.49999999997
3981547,Best views of Manhattan!,Manhattan,Financial District,40.70943,-74.01405,579.0,5.0,6.0,0.32602739726027397,68901.0,79033.49999999997
6987716,Artist 1.5 bedroom WHOLE apartment!,Manhattan,Gramercy,40.73524,-73.98441,337.0,5.0,2.0,0.057534246575342465,7076.999999999999,79026.49999999999
40348293,Invitation to travelers,Brooklyn,Bedford-Stuyvesant,40.69096,-73.94613,742.0,5.0,30.0,0.40821917808219177,110558.0,79023.0
3559590,Right in the center of Manhattan,Manhattan,Upper East Side,40.7659,-73.96611,715.0,5.0,102.0,0.3972602739726027,103674.99999999999,79007.49999999999
17514001,Beautiful Bedstuy Brownstone Duplex,Brooklyn,Bedford-Stuyvesant,40.68804,-73.93013,400.0,5.0,14.0,0.1589041095890411,23200.000000000004,79000.0
52271897,Beautiful Bedstuy Brownstone Duplex,Brooklyn,Bedford-Stuyvesant,40.68804,-73.93013,400.0,5.0,14.0,0.1589041095890411,23200.000000000004,79000.0
22188116,Lovely & Sunny bedroom in Astoria ( Female only),Queens,Astoria,40.76635,-73.9205,802.0,5.0,2.0,0.4301369863013699,125914.0,78997.0
35875215,2 Bedroom Refuge w/ Private Bath & Living Room,Bronx,City Island,40.83782,-73.78332,311.0,5.0,26.0,0.005479452054794521,622.0,78838.5
32363692,Large Clean Private Room in Brooklyn,Brooklyn,Bensonhurst,40.61335,-73.98357,339.0,5.0,17.0,0.06301369863013699,7797.000000000001,78817.5
40764175,"Home 4 Medical Professionals - The ""Acidotic""",Brooklyn,Bushwick,40.70468,-73.91683,700.0,5.0,4.0,0.3917808219178082,100100.0,78749.99999999997
55741446,Queen Sized Bdrm in Historic Harlem (Townhouse),Manhattan,Harlem,40.80774,-73.94939,334.0,5.0,4.0,0.0547945205479452,6679.999999999999,78657.0
20983550,Queen Sized Bdrm in Historic Harlem (Townhouse),Manhattan,Harlem,40.80774,-73.94939,334.0,5.0,4.0,0.0547945205479452,6679.999999999999,78657.0
30452181,Nice beautiful room in Cypress Hills,Brooklyn,Cypress Hills,40.68664,-73.87382,309.0,5.0,63.0,0.0027397260273972603,309.0,78640.5
40925998,Upscale Apt blocks to Columbia Med./Presb. Hosp.,Manhattan,Washington Heights,40.84269,-73.93605,499.0,5.0,133.0,0.2684931506849315,48902.0,78592.49999999999
14635414,Charming apartment + private patio in Times Square,Manhattan,Theater District,40.7583,-73.98295,630.0,5.0,138.0,0.3589041095890411,82530.00000000001,78434.99999999999
46207091,Charming apartment + private patio in Times Square,Manhattan,Theater District,40.7583,-73.98295,630.0,5.0,138.0,0.3589041095890411,82530.00000000001,78434.99999999999
6963415,Couples' Nest.,Brooklyn,Cypress Hills,40.68537,-73.8775,821.0,5.0,160.0,0.4383561643835616,131360.0,78405.49999999997
53215778,STUDIO.STYLE.BEDROOM+PRIVATE.BATHROOM+TOP.LOCATION,Brooklyn,Crown Heights,40.67357,-73.95467,684.0,5.0,52.0,0.3863013698630137,96444.0,78317.99999999997
18457882,STUDIO.STYLE.BEDROOM+PRIVATE.BATHROOM+TOP.LOCATION,Brooklyn,Crown Heights,40.67357,-73.95467,684.0,5.0,52.0,0.3863013698630137,96444.0,78317.99999999997
5372791,Garden House in the East Bronx,Bronx,Clason Point,40.8115,-73.85607,591.0,5.0,95.0,0.336986301369863,72693.0,78307.5
23996899,Rare Gem - Modern Lux Studio,Manhattan,Financial District,40.70399,-74.00662,666.0,5.0,13.0,0.3780821917808219,91908.0,78255.0
42005745,Rare Gem - Modern Lux Studio,Manhattan,Financial District,40.70399,-74.00662,666.0,5.0,13.0,0.3780821917808219,91908.0,78255.0
35270446,Brooklyn Brownstone full floor ProspectPark 900sft,Brooklyn,Prospect-Lefferts Gardens,40.65975,-73.9572,708.0,5.0,113.0,0.3972602739726027,102659.99999999999,78234.00000000001
25099290,"Fully furnished studio, 10 mins away from JFK.",Queens,Springfield Gardens,40.66377,-73.76785,321.0,5.0,10.0,0.03287671232876712,3851.9999999999995,78163.5
43484804,Modern brand new apartment in NYC!,Manhattan,Murray Hill,40.74686,-73.97514,307.0,5.0,17.0,0.0027397260273972603,307.0,78131.49999999999
11913127,Modern brand new apartment in NYC!,Manhattan,Murray Hill,40.74686,-73.97514,307.0,5.0,17.0,0.0027397260273972603,307.0,78131.49999999999
56145177,Modern brand new apartment in NYC!,Manhattan,Murray Hill,40.74686,-73.97514,307.0,5.0,17.0,0.0027397260273972603,307.0,78131.49999999999
50475818,Modern brand new apartment in NYC!,Manhattan,Murray Hill,40.74686,-73.97514,307.0,5.0,17.0,0.0027397260273972603,307.0,78131.49999999999
21162495,Ex-Large 2 Bedroom Apartment Harlem Delight!,Manhattan,Harlem,40.80879,-73.94813,1063.0,5.0,7.0,0.4986301369863014,193466.00000000003,78130.49999999991
55920391,Ex-Large 2 Bedroom Apartment Harlem Delight!,Manhattan,Harlem,40.80879,-73.94813,1063.0,5.0,7.0,0.4986301369863014,193466.00000000003,78130.49999999991
30667578,Spacious  Apartment With City Views for 7 ppl # 10,Manhattan,Midtown,40.74653,-73.98878,622.0,5.0,8.0,0.3561643835616438,80860.0,78061.0
3913062,Beautiful sun-filled Loft BROOKLYN,Brooklyn,Bushwick,40.70784,-73.92224,465.0,5.0,203.0,0.2410958904109589,40920.00000000001,77887.5
32122336,"The Carlton, Brooklyn brownstone Duplex w/ garden",Brooklyn,Prospect Heights,40.67782,-73.97205,394.0,5.0,131.0,0.1589041095890411,22852.0,77814.99999999999
18203272,**Budget Private Room w/Private backyard,Brooklyn,Bushwick,40.68811,-73.91219,366.0,5.0,30.0,0.1178082191780822,15738.0,77775.0
52961168,**Budget Private Room w/Private backyard,Brooklyn,Bushwick,40.68811,-73.91219,366.0,5.0,30.0,0.1178082191780822,15738.0,77775.0
36138110,Comfortable 2BR apt Lower East Side,Manhattan,Lower East Side,40.72028,-73.99288,419.0,5.0,35.0,0.1917808219178082,29329.999999999996,77724.49999999999
26814181,Lower East Side 2 Bedroom Apartment,Manhattan,Lower East Side,40.72016,-73.98968,990.0,5.0,5.0,0.4849315068493151,175230.0,77715.0
21408269,"Cozy, Private 1 Bedroom Basement Apartment",Staten Island,Dongan Hills,40.58303,-74.09271,650.0,5.0,12.0,0.3726027397260274,88400.00000000001,77674.99999999996
39867792,Fantastic 1br in Astoria/LIC,Queens,Long Island City,40.74417,-73.94823,304.0,5.0,12.0,0.0,0.0,77672.0
36244704,Clean Quiet 1 bedroom apartment,Brooklyn,Canarsie,40.63155,-73.90812,376.0,5.0,253.0,0.13424657534246576,18424.0,77644.0
35139551,"Medical/Students WELCOME 3rdFL, Priv Rm with bath",Staten Island,Shore Acres,40.61033,-74.06544,316.0,5.0,31.0,0.0273972602739726,3159.9999999999995,77578.0
15005455,Charming & artsy cozy one bedroom Apt.,Queens,Maspeth,40.7355,-73.90064,442.0,5.0,71.0,0.2191780821917808,35359.99999999999,77571.0
46577132,Charming & artsy cozy one bedroom Apt.,Queens,Maspeth,40.7355,-73.90064,442.0,5.0,71.0,0.2191780821917808,35359.99999999999,77571.0
40157749,Charming Prime Williamsburg 2 bedroom Entire home,Brooklyn,Williamsburg,40.71915,-73.94061,988.0,5.0,80.0,0.4849315068493151,174876.0,77557.99999999997
29722041,Frequently cleaned room in historic brownstone,Brooklyn,Bedford-Stuyvesant,40.68479,-73.94822,533.0,5.0,236.0,0.3013698630136986,58629.99999999999,77551.5
30862540,Comfortable 1 Bedroom Apartment,Brooklyn,Bath Beach,40.60882,-74.0054,379.0,5.0,119.0,0.13972602739726028,19329.000000000004,77505.5
34689427,Brooklyn  Room Close To Pratt,Brooklyn,Bedford-Stuyvesant,40.68789,-73.94991,339.0,5.0,2.0,0.07397260273972603,9153.0,77461.5
39743524,carriage house apartment,Brooklyn,Clinton Hill,40.68707,-73.96571,468.0,5.0,315.0,0.2465753424657534,42119.99999999999,77454.0
4162149,"Room in 2br apt Location by N,W,M60bus,Beer Garden",Queens,Ditmars Steinway,40.77375,-73.91646,322.0,5.0,17.0,0.0410958904109589,4829.999999999999,77440.99999999999
8799260,Room/s in lovely Williamsburg,Brooklyn,Williamsburg,40.70516,-73.95088,622.0,5.0,2.0,0.3589041095890411,81482.00000000001,77438.99999999999
18008862,"*Location, Location | Chelsea | Meat Packing*",Manhattan,Chelsea,40.73959,-74.00105,422.0,5.0,36.0,0.19726027397260273,30384.0,77436.99999999999
41734566,"*Location, Location | Chelsea | Meat Packing*",Manhattan,Chelsea,40.73959,-74.00105,422.0,5.0,36.0,0.19726027397260273,30384.0,77436.99999999999
52766758,"*Location, Location | Chelsea | Meat Packing*",Manhattan,Chelsea,40.73959,-74.00105,422.0,5.0,36.0,0.19726027397260273,30384.0,77436.99999999999
42624873,Huge Designer Loft- View of New York City Skyline!,Brooklyn,Williamsburg,40.70396,-73.93442,1053.0,5.0,7.0,0.4986301369863014,191645.99999999997,77395.49999999997
4983419,"Cozy, Sunny, Clean UES Home in central location",Manhattan,Upper East Side,40.76771,-73.95844,359.0,5.0,8.0,0.1095890410958904,14359.999999999998,77364.5
6952369,Cozy skylight room in Victorian Town House,Brooklyn,Flatbush,40.6419,-73.96421,762.0,5.0,16.0,0.42191780821917807,117348.0,77343.0
53474807,Loft with View of the Park,Manhattan,Tribeca,40.71612,-74.01054,305.0,5.0,1.0,0.005479452054794521,610.0,77317.5
18716911,Loft with View of the Park,Manhattan,Tribeca,40.71612,-74.01054,305.0,5.0,1.0,0.005479452054794521,610.0,77317.5
45804464,"Cozy Room, on a Park-themed-Iike Island",Manhattan,Roosevelt Island,40.76178,-73.94889,960.0,5.0,24.0,0.4794520547945205,168000.0,77280.0
14232787,"Cozy Room, on a Park-themed-Iike Island",Manhattan,Roosevelt Island,40.76178,-73.94889,960.0,5.0,24.0,0.4794520547945205,168000.0,77280.0
37249337,Nolita/SoHo! Location! Views! Elevator! Free Gym!,Manhattan,Nolita,40.72199,-73.99374,389.0,5.0,1.0,0.15616438356164383,22173.0,77216.49999999999
47331574,Beautiful and big 1BR sublet close by Central Park,Manhattan,Harlem,40.80305,-73.95766,983.0,5.0,8.0,0.4849315068493151,173991.0,77165.49999999997
15759897,Beautiful and big 1BR sublet close by Central Park,Manhattan,Harlem,40.80305,-73.95766,983.0,5.0,8.0,0.4849315068493151,173991.0,77165.49999999997
8862774,"Modern, fun and sophisticated 1BR",Manhattan,Kips Bay,40.73939,-73.983,553.0,5.0,5.0,0.3178082191780822,64148.0,77143.5
4365395,Pretty and Private in Clinton Hill,Brooklyn,Clinton Hill,40.68653,-73.96412,541.0,5.0,189.0,0.3095890410958904,61133.0,77092.5
47799372,"4 Bedroom Apt. Prospect Lefferts Gardens, Bklyn",Brooklyn,Prospect-Lefferts Gardens,40.66146,-73.95081,333.0,5.0,19.0,0.06575342465753424,7991.999999999999,77089.5
9236681,"4 Bedroom Apt. Prospect Lefferts Gardens, Bklyn",Brooklyn,Prospect-Lefferts Gardens,40.66146,-73.95081,333.0,5.0,19.0,0.06575342465753424,7991.999999999999,77089.5
13530262,"LUXURY Times Sq 2bed, with King,Queen & Full",Manhattan,Hell's Kitchen,40.76438,-73.9886,537.0,5.0,96.0,0.30684931506849317,60144.00000000001,77059.5
45101939,"LUXURY Times Sq 2bed, with King,Queen & Full",Manhattan,Hell's Kitchen,40.76438,-73.9886,537.0,5.0,96.0,0.30684931506849317,60144.00000000001,77059.5
2545567,"EV, Hippest East Village",Manhattan,East Village,40.72307,-73.97911,629.0,5.0,23.0,0.3643835616438356,83657.0,77052.49999999997
36129273,Fully Furnished Studio near Columbia,Manhattan,Harlem,40.8021,-73.95722,460.0,5.0,1.0,0.2410958904109589,40480.0,77050.0
30585286,"Central Park North,  A quiet 2 Bedrooms",Manhattan,Harlem,40.79916589,-73.95421341,533.0,5.0,5.0,0.3041095890410959,59163.00000000001,77018.5
2898487,Charming Jr. 1 bedroom Midtown,Manhattan,Midtown,40.75184,-73.97199,406.0,5.0,3.0,0.18082191780821918,26796.000000000004,76937.0
22585772,Artsy Upper East Side Apartment,Manhattan,Upper East Side,40.76703,-73.95957,980.0,5.0,3.0,0.4849315068493151,173460.0,76930.0
29398945,Cozy place with garden. For cats lovers.,Brooklyn,Park Slope,40.67545,-73.97667,696.0,5.0,242.0,0.3972602739726027,100920.0,76908.0
37423312,(C) Fantastic Studio Apt close to Central Park,Manhattan,East Harlem,40.79624,-73.94388,302.0,5.0,5.0,0.0027397260273972603,302.0,76858.99999999999
45430557,Comfy Single Bedroom-Large East Village Apartment,Manhattan,East Village,40.72696,-73.97433,397.0,5.0,19.0,0.16986301369863013,24614.0,76819.49999999999
13858880,Comfy Single Bedroom-Large East Village Apartment,Manhattan,East Village,40.72696,-73.97433,397.0,5.0,19.0,0.16986301369863013,24614.0,76819.49999999999
34338716,Large Brooklyn Apt Artsy & Centric,Brooklyn,Bushwick,40.6988,-73.93532,385.0,5.0,255.0,0.15342465753424658,21560.000000000004,76807.5
22033472,UPPER EAST SIDE in NYC!!!,Manhattan,Upper East Side,40.77954,-73.95127,487.0,5.0,5.0,0.2684931506849315,47726.0,76702.49999999999
30433403,Private Room and private bathroom impeccable.,Queens,Woodside,40.74064,-73.89491,327.0,5.0,22.0,0.057534246575342465,6867.0,76681.49999999999
52154810,room 2 Manhattan private room,Manhattan,Harlem,40.81236,-73.95204,300.0,5.0,4.0,0.0,0.0,76650.0
17396914,room 2 Manhattan private room,Manhattan,Harlem,40.81236,-73.95204,300.0,5.0,4.0,0.0,0.0,76650.0
6498378,Lefferts Garden 1 bedroom,Brooklyn,East Flatbush,40.65429,-73.94917,317.0,5.0,1.0,0.038356164383561646,4438.0,76555.49999999999
49578330,Location Enya,Queens,Jackson Heights,40.74684,-73.89252,449.0,5.0,1.0,0.2328767123287671,38165.0,76554.49999999999
11015640,Location Enya,Queens,Jackson Heights,40.74684,-73.89252,449.0,5.0,1.0,0.2328767123287671,38165.0,76554.49999999999
3113331,Midwood Aerie - Bright  & Private!,Brooklyn,Flatbush,40.63449,-73.95742,651.0,5.0,141.0,0.3780821917808219,89838.0,76492.5
45961318,Large window Private Room in Flushing Queens,Queens,Flushing,40.75221,-73.81533,310.0,5.0,32.0,0.024657534246575342,2790.0,76415.0
34770615,"Hudson Yards 4bdr, 33C",Manhattan,Hell's Kitchen,40.75637,-73.99707,428.0,5.0,15.0,0.21095890410958903,32956.0,76397.99999999999
38547795,Modern brand new apartment in NYC!,Manhattan,Murray Hill,40.74898,-73.97645,299.0,5.0,23.0,0.0,0.0,76394.5
40342770,Huuuge Sunny Central Park REAL 2 bedroom 1.5 baths,Manhattan,Midtown,40.76391,-73.9782,299.0,5.0,40.0,0.0,0.0,76394.5
38446724,Beautiful Living! Deck& Outdoor Kitchen!,Queens,Flushing,40.75561,-73.80948,299.0,5.0,19.0,0.0,0.0,76394.5
5511418,Cozy Family Home. Two Floors,Brooklyn,Sunset Park,40.66066,-73.99257,343.0,5.0,5.0,0.09041095890410959,11319.0,76317.5
2721751,Park Slope Bedroom in Eccentric New York Apartment,Brooklyn,South Slope,40.66516,-73.9794,925.0,5.0,166.0,0.473972602739726,160025.0,76312.5
8024383,Private Room in Gorgeous Loft Space,Brooklyn,Bushwick,40.68881,-73.92017,366.0,5.0,5.0,0.12876712328767123,17202.0,76311.0
47285181,Private room in Queens,Queens,Bayside,40.75433,-73.7688,366.0,5.0,92.0,0.12876712328767123,17202.0,76311.0
15713503,Private room in Queens,Queens,Bayside,40.75433,-73.7688,366.0,5.0,92.0,0.12876712328767123,17202.0,76311.0
2427375,Steps from Central Park,Manhattan,Upper East Side,40.77207,-73.95923,684.0,5.0,11.0,0.39452054794520547,98496.0,76265.99999999997
39316044,Spacious Upper West Side 1-Bedroom,Manhattan,Upper West Side,40.79218,-73.97926,510.0,5.0,165.0,0.29041095890410956,54060.0,76245.0
9448212,One Bedroom On Upper West Side,Manhattan,Upper West Side,40.7992,-73.96792,442.0,5.0,2.0,0.2273972602739726,36686.0,76244.99999999999
48010903,One Bedroom On Upper West Side,Manhattan,Upper West Side,40.7992,-73.96792,442.0,5.0,2.0,0.2273972602739726,36686.0,76244.99999999999
38753250,Brklyn · 2 Cozy Bedrooms one with private bathroom,Brooklyn,East Flatbush,40.64641,-73.94956,566.0,5.0,20.0,0.3315068493150685,68486.00000000001,76126.99999999999
8195044,No Sleep 'Till Brooklyn! 2 Train (accommodates 1),Brooklyn,East Flatbush,40.64165,-73.94062,642.0,5.0,32.0,0.37534246575342467,87954.0,76077.0
2810119,Spacious Sunny Designer 1 Bedroom in East Village,Manhattan,East Village,40.72187,-73.98083,410.0,5.0,221.0,0.1917808219178082,28700.0,76055.0
17377583,Newly Renovated Studio Apartment,Manhattan,Tribeca,40.7118,-74.0083,348.0,5.0,1.0,0.10136986301369863,12876.0,76038.0
52135479,Newly Renovated Studio Apartment,Manhattan,Tribeca,40.7118,-74.0083,348.0,5.0,1.0,0.10136986301369863,12876.0,76038.0
33371639,The Romaine Apartment in Queens,Queens,Jamaica,40.68415,-73.7801,320.0,5.0,9.0,0.049315068493150684,5760.0,76000.0
30529503,Charming Soho large 1 bedroom apartment style loft,Manhattan,SoHo,40.72543,-74.00403,438.0,5.0,39.0,0.22465753424657534,35916.0,75992.99999999999
26688257,"1 room available in Manhattan 3, A, B, C, D trains",Manhattan,Harlem,40.82512,-73.93817,308.0,5.0,2.0,0.024657534246575342,2772.0,75922.0
36343013,Corner Studio with King Bed in  Heart of Times Sq.,Manhattan,Theater District,40.75544,-73.98837,317.0,5.0,3.0,0.043835616438356165,5072.0,75921.49999999999
29335983,Great room with Bathroom in Brooklyn! Near train!!,Brooklyn,Bedford-Stuyvesant,40.67735,-73.91081,488.0,5.0,12.0,0.273972602739726,48799.99999999999,75884.0
37094141,"Bedroom facing rear of building, 15 mins to City!",Brooklyn,Bushwick,40.70096,-73.94027,332.0,5.0,1.0,0.07397260273972603,8964.0,75861.99999999999
31319292,Comfy Room-Heart of Brighton-Close to the Ocean,Brooklyn,Brighton Beach,40.58109,-73.96436,719.0,5.0,1.0,0.410958904109589,107849.99999999999,75854.49999999999
26916357,Williamsburg Oasis: 2BR with Washer-Dryer!,Brooklyn,Williamsburg,40.71336,-73.95914,322.0,5.0,4.0,0.0547945205479452,6440.0,75830.99999999999
7641087,"Beautiful 2BD Apt. in Trendy Lower East side,NYC",Manhattan,Lower East Side,40.71806,-73.99222,754.0,5.0,25.0,0.4246575342465753,116870.0,75776.99999999997
24808780,Midtown 2 BED Large Kitchen Free Breakfast Great,Manhattan,Midtown,40.75277,-73.96594,698.0,5.0,1.0,0.40273972602739727,102606.0,75733.0
46671023,Cozy Bright 3bedroom apt. 10 min from times sq.,Queens,Long Island City,40.75905,-73.93203,964.0,5.0,106.0,0.4849315068493151,170628.0,75673.99999999997
15099346,Cozy Bright 3bedroom apt. 10 min from times sq.,Queens,Long Island City,40.75905,-73.93203,964.0,5.0,106.0,0.4849315068493151,170628.0,75673.99999999997
2455542,Bright Brooklyn Room in Shared Apt!,Brooklyn,Bushwick,40.69731,-73.92417,768.0,5.0,98.0,0.4301369863013699,120575.99999999999,75647.99999999999
28756068,Renovated Cozy room  for 2 or solo traveler,Brooklyn,Windsor Terrace,40.6489,-73.97483,457.0,5.0,231.0,0.2465753424657534,41130.0,75633.49999999999
19975050,*NO GUEST SERVICE FEE* Beekman Tower One Bedroom Suite with Queen Bed & Free Wifi,Manhattan,Midtown,40.75238,-73.96653,660.0,5.0,2.0,0.3863013698630137,93060.0,75569.99999999997
54732946,*NO GUEST SERVICE FEE* Beekman Tower One Bedroom Suite with Queen Bed & Free Wifi,Manhattan,Midtown,40.75238,-73.96653,660.0,5.0,2.0,0.3863013698630137,93060.0,75569.99999999997
2252848,"Clean, Complete and Cool",Manhattan,Nolita,40.71972,-73.99438,588.0,5.0,26.0,0.34794520547945207,74676.0,75558.0
5128674,Private room in Heart of Astoria,Queens,Astoria,40.76272,-73.92004,808.0,5.0,1.0,0.4438356164383562,130896.00000000001,75547.99999999996
54251893,1 Bedroom 3R in Authentic Brooklyn Brownstone,Brooklyn,Bedford-Stuyvesant,40.69101,-73.93773,423.0,5.0,29.0,0.21095890410958903,32571.0,75505.49999999999
19493997,1 Bedroom 3R in Authentic Brooklyn Brownstone,Brooklyn,Bedford-Stuyvesant,40.69101,-73.93773,423.0,5.0,29.0,0.21095890410958903,32571.0,75505.49999999999
34160876,Big spacious 2BD in upper manhattan,Manhattan,Harlem,40.8249,-73.93957,299.0,5.0,11.0,0.00821917808219178,896.9999999999999,75497.5
31328129,2 Bedroom Brooklyn Apt Minutes from NYC Landmarks,Brooklyn,Bedford-Stuyvesant,40.68438,-73.95832,409.0,5.0,121.0,0.19452054794520549,29039.0,75460.49999999999
7901220,Chelsea 1 BR - Brand New Apartment,Manhattan,Chelsea,40.74761,-73.99761,653.0,5.0,15.0,0.3835616438356164,91420.0,75421.5
8641302,Renovated Harlem Private Room,Manhattan,Harlem,40.81699,-73.94254,367.0,5.0,15.0,0.136986301369863,18350.0,75418.49999999999
53556547,Sweet Comfort,Brooklyn,Canarsie,40.63652,-73.89856,324.0,5.0,8.0,0.06301369863013699,7452.0,75330.0
18798651,Sweet Comfort,Brooklyn,Canarsie,40.63652,-73.89856,324.0,5.0,8.0,0.06301369863013699,7452.0,75330.0
31833484,Cozy 1 bedroom w Br and close to J/Z train,Brooklyn,Bushwick,40.68781,-73.91544,297.0,5.0,9.0,0.005479452054794521,594.0,75289.49999999999
16332079,Garden Apartment in the Heart of Greenpoint,Brooklyn,Greenpoint,40.72513,-73.94829,332.0,5.0,21.0,0.07945205479452055,9628.0,75197.99999999999
54725214,*NO GUEST SERVICE FEE* Studio Suite w/ Convenient Midtown Location,Manhattan,Midtown,40.75402,-73.9651,795.0,5.0,19.0,0.4410958904109589,127995.0,75127.5
19967318,*NO GUEST SERVICE FEE* Studio Suite w/ Convenient Midtown Location,Manhattan,Midtown,40.75402,-73.9651,795.0,5.0,19.0,0.4410958904109589,127995.0,75127.5
29206745,Feel like home - Aberdeen St. 2,Brooklyn,Bushwick,40.68208,-73.90578,306.0,5.0,65.0,0.0273972602739726,3060.0,75123.0
24481818,Private Room with Own Entrance in Williamsburg!,Brooklyn,Williamsburg,40.71247,-73.94915,603.0,5.0,25.0,0.3589041095890411,78993.0,75073.5
42490664,Private Room with Own Entrance in Williamsburg!,Brooklyn,Williamsburg,40.71247,-73.94915,603.0,5.0,25.0,0.3589041095890411,78993.0,75073.5
17205818,A comfy apartment,Brooklyn,Bedford-Stuyvesant,40.68124,-73.9456,396.0,5.0,4.0,0.18082191780821918,26136.0,75042.0
51963714,A comfy apartment,Brooklyn,Bedford-Stuyvesant,40.68124,-73.9456,396.0,5.0,4.0,0.18082191780821918,26136.0,75042.0
29961739,A Treasure by The Water,Queens,Rockaway Beach,40.58451,-73.81857,317.0,5.0,10.0,0.052054794520547946,6023.000000000001,74970.49999999999
22016903,Cozy Brooklyn Nook,Brooklyn,Bedford-Stuyvesant,40.68137,-73.95714,372.0,5.0,2.0,0.14794520547945206,20088.0,74957.99999999999
29069222,THE SMALL ENGLISH MANOR NESTLED AMONGST THE TREES,Manhattan,East Village,40.72369,-73.98374,437.0,5.0,318.0,0.23013698630136986,36708.0,74945.49999999999
22160501,*NO GUEST SERVICE FEE* Beekman Tower One Bedroom Suite  #3,Manhattan,Midtown,40.75252,-73.96667,508.0,5.0,1.0,0.2958904109589041,54864.0,74929.99999999999
22118527,1 BEDROOM in Brooklyn,Brooklyn,Fort Greene,40.68412,-73.96951,533.0,5.0,3.0,0.3150684931506849,61295.0,74886.5
31782672,Charming 1 bedroom East Village Apt,Manhattan,East Village,40.7265,-73.98936,703.0,5.0,17.0,0.40821917808219177,104746.99999999999,74869.50000000001
6472420,Modern & Stylish HK Private Bedroom,Manhattan,Hell's Kitchen,40.76769,-73.99405,401.0,5.0,17.0,0.18904109589041096,27669.0,74786.5
53965249,Light & Airy home 1 minute to subway,Brooklyn,Bushwick,40.68658,-73.91418,573.0,5.0,15.0,0.3424657534246575,71625.0,74776.5
19207353,Light & Airy home 1 minute to subway,Brooklyn,Bushwick,40.68658,-73.91418,573.0,5.0,15.0,0.3424657534246575,71625.0,74776.5
48909495,This is NYC-Amazing Bedroom at Financial District,Manhattan,Financial District,40.70706,-74.00442,490.0,5.0,3.0,0.2821917808219178,50470.0,74725.0
10346804,This is NYC-Amazing Bedroom at Financial District,Manhattan,Financial District,40.70706,-74.00442,490.0,5.0,3.0,0.2821917808219178,50470.0,74725.0
30241203,ENTIRE HOUSE BNB NOW AVAILABLE  ASK FOR OUR DEALS.,Brooklyn,East Flatbush,40.6419,-73.93212,324.0,5.0,2.0,0.0684931506849315,8099.999999999999,74682.0
29788317,Private room in shared apartment in Brooklyn,Brooklyn,Prospect-Lefferts Gardens,40.65715,-73.95645,334.0,5.0,14.0,0.08767123287671233,10688.0,74649.0
53559861,Empty private place to crash for the night,Queens,Ridgewood,40.70367,-73.91063,292.0,5.0,3.0,0.0,0.0,74605.99999999999
18801965,Empty private place to crash for the night,Queens,Ridgewood,40.70367,-73.91063,292.0,5.0,3.0,0.0,0.0,74605.99999999999
37651964,Sunny Carroll Gardens Share: Suite or Workspace,Brooklyn,Carroll Gardens,40.67837,-73.9947,663.0,5.0,108.0,0.3917808219178082,94809.0,74587.5
55765747,Downtown in NOHO a block from broome street.,Manhattan,SoHo,40.72458,-74.00312,294.0,5.0,3.0,0.005479452054794521,588.0,74529.0
21007851,Downtown in NOHO a block from broome street.,Manhattan,SoHo,40.72458,-74.00312,294.0,5.0,3.0,0.005479452054794521,588.0,74529.0
38873652,Brick City,Brooklyn,Crown Heights,40.67262,-73.92534,354.0,5.0,41.0,0.1232876712328767,15929.999999999998,74517.0
39951189,The Perfect Large Chelsea Studio,Manhattan,Chelsea,40.74057,-73.99771,439.0,5.0,11.0,0.2356164383561644,37754.0,74410.49999999999
29254795,A Gorgeous 1-Bedroom Apt with a Fireplace!,Brooklyn,Flatbush,40.63861,-73.95163,579.0,5.0,21.0,0.34794520547945207,73533.0,74401.49999999997
7177707,2 BEDROOM IN WILLIAMSBURG MINUTES FROM MANHATTAN,Brooklyn,Williamsburg,40.71871,-73.95862,831.0,5.0,53.0,0.4547945205479452,137946.0,74374.49999999997
32729314,Full size bed older home not modern but warm/safe,Bronx,Williamsbridge,40.87886,-73.8449,291.0,5.0,1.0,0.0,0.0,74350.5
34260842,Bohemian Jungle with Private Bathroom & Rooftop,Brooklyn,Bedford-Stuyvesant,40.68488,-73.91566,309.0,5.0,21.0,0.0410958904109589,4635.0,74314.5
8844548,Large Cozy Room in Prospect Heights,Brooklyn,Crown Heights,40.67734,-73.96076,481.0,5.0,2.0,0.27671232876712326,48580.99999999999,74314.5
26563437,Park Slope Studio w/3 beds (15 Mins to Manhattan!),Brooklyn,South Slope,40.6611,-73.98446,314.0,5.0,2.0,0.052054794520547946,5966.0,74261.0
37872884,Lovely Bedroom Near Subway,Brooklyn,Bath Beach,40.605,-74.00129,540.0,5.0,5.0,0.3232876712328767,63720.00000000001,74250.0
41202701,Bushwick Oasis,Brooklyn,Bushwick,40.70337,-73.93071,1010.0,5.0,171.0,0.4986301369863014,183820.0,74235.0
3766702,Classic Brooklyn brownstone,Brooklyn,Park Slope,40.66884,-73.97575,970.0,5.0,192.0,0.4904109589041096,173630.0,74205.0
1532096,Park Slope Sunny Studio,Brooklyn,Park Slope,40.67407,-73.98111,400.0,5.0,23.0,0.1917808219178082,27999.999999999996,74200.0
34300055,Private One Bedroom Apartment,Queens,Briarwood,40.71421,-73.81859,710.0,5.0,40.0,0.4136986301369863,107210.0,74194.99999999997
34654080,Private Room in the heart of Upper Manhattan,Manhattan,Inwood,40.86897,-73.91724,577.0,5.0,1.0,0.34794520547945207,73279.0,74144.5
26966064,Room for rent for 2 Free parking pets welcomed,Queens,Flushing,40.75932,-73.79859,290.0,5.0,2.0,0.0,0.0,74095.0
32601733,🌼 SUNNY AND QUIET 🌈 8 MIN WALK TO MAIN ST,Queens,Flushing,40.75987,-73.82287,730.0,5.0,6.0,0.42191780821917807,112420.0,74094.99999999997
23463377,Comfy & Spacious Room in Williamsburg Loft,Brooklyn,Williamsburg,40.71736,-73.95394,336.0,5.0,3.0,0.0958904109589041,11760.0,74088.0
2825583,AMAZING ONE BEDROOM IN MANHATTAN,Manhattan,Harlem,40.81381,-73.94166,495.0,5.0,19.0,0.29041095890410956,52469.99999999999,74002.5
15154024,"Sunny, spacious room in Williamsburg Brooklyn Apt",Brooklyn,Williamsburg,40.70994,-73.94867,541.0,5.0,50.0,0.32602739726027397,64379.0,73846.5
46725701,"Sunny, spacious room in Williamsburg Brooklyn Apt",Brooklyn,Williamsburg,40.70994,-73.94867,541.0,5.0,50.0,0.32602739726027397,64379.0,73846.5
44876600,#4 Triple Private  room  20 minutes from Manhattan,Bronx,Mott Haven,40.81234,-73.91688,361.0,5.0,54.0,0.13972602739726028,18411.0,73824.5
51867614,#4 Triple Private  room  20 minutes from Manhattan,Bronx,Mott Haven,40.81234,-73.91688,361.0,5.0,54.0,0.13972602739726028,18411.0,73824.5
13304923,#4 Triple Private  room  20 minutes from Manhattan,Bronx,Mott Haven,40.81234,-73.91688,361.0,5.0,54.0,0.13972602739726028,18411.0,73824.5
26180141,✰ RARE FIND ✰ PRIVATE PATIO ✰,Manhattan,Midtown,40.75935,-73.96471,370.0,5.0,3.0,0.15342465753424658,20720.0,73815.0
14058260,Private Room in Brooklyn - Close to Subway!,Brooklyn,Bedford-Stuyvesant,40.69079,-73.93716,680.0,5.0,38.0,0.40273972602739727,99960.0,73779.99999999997
45629938,Private Room in Brooklyn - Close to Subway!,Brooklyn,Bedford-Stuyvesant,40.69079,-73.93716,680.0,5.0,38.0,0.40273972602739727,99960.0,73779.99999999997
42252071,Steps away from the Heart of the Theater District!,Manhattan,Theater District,40.75925,-73.98767,389.0,5.0,1.0,0.18082191780821918,25674.0,73715.49999999999
24243225,Steps away from the Heart of the Theater District!,Manhattan,Theater District,40.75925,-73.98767,389.0,5.0,1.0,0.18082191780821918,25674.0,73715.49999999999
33078368,Urban Sanctuary Limestone Townhome Stuy Heights BK,Brooklyn,Bedford-Stuyvesant,40.68391,-73.92456,468.0,5.0,3.0,0.2684931506849315,45864.0,73709.99999999999
36019918,Great room in Brooklyn!,Brooklyn,Crown Heights,40.66605,-73.9338,399.0,5.0,3.0,0.19452054794520549,28329.000000000004,73615.49999999999
30237337,Large Clean King Size NYC PrivateApt Next To Train,Queens,Ridgewood,40.69592,-73.90436,288.0,5.0,17.0,0.0,0.0,73584.0
29150410,Brownstone villa,Brooklyn,Flatbush,40.64055,-73.95288,288.0,5.0,94.0,0.0,0.0,73584.0
36585473,Suite Houston - Free Street Parking & WIFI,Manhattan,East Village,40.72248,-73.98365,289.0,5.0,11.0,0.0027397260273972603,289.0,73550.5
34034951,Fully furnished one bedroom near Columbia- 3F,Manhattan,Harlem,40.80146,-73.95743,600.0,5.0,2.0,0.3643835616438356,79800.0,73500.0
23791996,Spacious BK Duplex | Sleep 10 | 15min to Manhattan,Brooklyn,Bedford-Stuyvesant,40.68321,-73.93803,869.0,5.0,13.0,0.4684931506849315,148599.0,73430.49999999997
31616430,EXTRA LARGE PRIVATE BEDROOM,Queens,Ditmars Steinway,40.77253,-73.90472,381.0,5.0,134.0,0.1726027397260274,24003.0,73342.5
56414700,Sunny new room C/ 30mins to Manhattan,Brooklyn,Sunset Park,40.64052,-74.01539,562.0,5.0,10.0,0.3424657534246575,70250.0,73341.0
43754327,Sunny new room C/ 30mins to Manhattan,Brooklyn,Sunset Park,40.64052,-74.01539,562.0,5.0,10.0,0.3424657534246575,70250.0,73341.0
12182650,Sunny new room C/ 30mins to Manhattan,Brooklyn,Sunset Park,40.64052,-74.01539,562.0,5.0,10.0,0.3424657534246575,70250.0,73341.0
50745340,Sunny new room C/ 30mins to Manhattan,Brooklyn,Sunset Park,40.64052,-74.01539,562.0,5.0,10.0,0.3424657534246575,70250.0,73341.0
31352430,C & P Home Away From Home,Queens,Jamaica,40.68741,-73.78841,314.0,5.0,4.0,0.06027397260273973,6908.0,73319.0
46706370,Large Room at a Three min Walk !,Queens,Forest Hills,40.71677,-73.83398,933.0,5.0,17.0,0.4849315068493151,165141.0,73240.49999999997
15134693,Large Room at a Three min Walk !,Queens,Forest Hills,40.71677,-73.83398,933.0,5.0,17.0,0.4849315068493151,165141.0,73240.49999999997
4715001,Cozy 1 Bedroom Apt In Great Location!,Manhattan,Upper East Side,40.77493,-73.95874,493.0,5.0,130.0,0.29315068493150687,52751.0,73210.49999999999
6845222,Lovely 1br in Heart of Brooklyn,Brooklyn,Bedford-Stuyvesant,40.68499,-73.93918,456.0,5.0,14.0,0.2602739726027397,43320.0,73188.0
53425652,Gorgeous apartment with access to all #2,Staten Island,Grant City,40.57856,-74.1107,327.0,5.0,11.0,0.08767123287671233,10464.0,73084.49999999999
18667756,Gorgeous apartment with access to all #2,Staten Island,Grant City,40.57856,-74.1107,327.0,5.0,11.0,0.08767123287671233,10464.0,73084.49999999999
33735052,Lovely 2 bedrooms in Brooklyn is ready for you.,Brooklyn,Canarsie,40.64533,-73.90926,286.0,5.0,1.0,0.0,0.0,73073.0
23113771,6 Minutes From JFK Airport Cozy Bedroom,Queens,Jamaica,40.668,-73.78477,919.0,5.0,98.0,0.4821917808219178,161744.0,73060.49999999997
33470501,"Beautiful 2br in Lower East Side, 1000+ Sqft",Manhattan,Lower East Side,40.72079,-73.99052,321.0,5.0,7.0,0.07671232876712329,8988.0,73027.5
2285986,Manhattan NYC - The Blue Room,Manhattan,Harlem,40.82865,-73.94621,357.0,5.0,61.0,0.13972602739726028,18207.0,73006.49999999999
39966101,private spacious sunny bedroom,Brooklyn,Kensington,40.63381,-73.9714,764.0,5.0,10.0,0.4383561643835616,122239.99999999999,72961.99999999999
1541485,Williamsburg near soho .support artist living,Brooklyn,Williamsburg,40.70994,-73.96573,383.0,5.0,15.0,0.1780821917808219,24894.999999999996,72961.49999999999
5451769,Comfy Space in Williamsburg!,Brooklyn,Williamsburg,40.70431,-73.94528,488.0,5.0,45.0,0.29041095890410956,51727.99999999999,72956.0
46900228,Brooklyn Palace,Brooklyn,Flatlands,40.61802,-73.92866,399.0,5.0,13.0,0.2,29127.000000000004,72817.49999999999
15328550,Brooklyn Palace,Brooklyn,Flatlands,40.61802,-73.92866,399.0,5.0,13.0,0.2,29127.000000000004,72817.49999999999
28731214,Harlem Brownstone - It's Historic!,Manhattan,Harlem,40.81521,-73.94463,541.0,5.0,177.0,0.3315068493150685,65461.0,72764.5
34768958,Queens Apartment Close to Historic Forest Hills,Queens,Kew Gardens Hills,40.72708,-73.829,976.0,5.0,1.0,0.4958904109589041,176656.0,72711.99999999997
36107181,Bright & cozy 1BR/Balcony next to 3 subways!,Brooklyn,Williamsburg,40.70797,-73.95008,368.0,5.0,101.0,0.1589041095890411,21344.0,72679.99999999999
31952780,Stunning Furnished Studio in Chelsea #6151,Manhattan,Chelsea,40.74096,-73.99804,431.0,5.0,2.0,0.23835616438356164,37497.0,72623.5
26687152,Mesmerizing city views Financial District/Wall st,Manhattan,Financial District,40.70694,-74.007,322.0,5.0,10.0,0.0821917808219178,9659.999999999998,72610.99999999999
41329730,Affordable Luxury Minutes to Manhattan,Staten Island,Randall Manor,40.62859,-74.12272,362.0,5.0,131.0,0.1506849315068493,19910.0,72580.99999999999
32653097,Two bridges high end studio manhattan,Manhattan,Two Bridges,40.71091,-73.99451,867.0,5.0,62.0,0.4712328767123288,149124.0,72394.5
28894143,Spacious and Serene East Williamsburg Apartment,Brooklyn,Williamsburg,40.71603,-73.93923,451.0,5.0,8.0,0.2602739726027397,42844.99999999999,72385.5
47912593,TRENDY Brooklyn room,Brooklyn,Bushwick,40.6826,-73.90411,877.0,5.0,28.0,0.473972602739726,151721.0,72352.5
9349903,TRENDY Brooklyn room,Brooklyn,Bushwick,40.6826,-73.90411,877.0,5.0,28.0,0.473972602739726,151721.0,72352.5
29879446,Beautiful  Brownstone Apartment-Historic District,Brooklyn,Bedford-Stuyvesant,40.68429,-73.93448,439.0,5.0,14.0,0.2493150684931507,39949.0,72215.49999999999
23452331,Nice cozy apartment in Washington Heights!,Manhattan,Washington Heights,40.83419,-73.94638,691.0,5.0,1.0,0.4136986301369863,104341.00000000001,72209.49999999999
39944009,Elegant 2BR in Manhattan 15 mins to Midtown,Manhattan,Harlem,40.80745,-73.94279,426.0,5.0,19.0,0.2356164383561644,36636.0,72207.0
55710517,TRIBECA/SOHO 2 BEDROOM LUXURY LOFT,Manhattan,Tribeca,40.71979,-74.00407,335.0,5.0,6.0,0.1095890410958904,13400.0,72192.49999999999
20952621,TRIBECA/SOHO 2 BEDROOM LUXURY LOFT,Manhattan,Tribeca,40.71979,-74.00407,335.0,5.0,6.0,0.1095890410958904,13400.0,72192.49999999999
5350146,Perfect 1BD in East Village,Manhattan,East Village,40.7254,-73.98854,323.0,5.0,2.0,0.08767123287671233,10336.0,72190.5
34068642,Suite One at Bryant Manor,Manhattan,Harlem,40.80837,-73.95514,309.0,5.0,196.0,0.06027397260273973,6798.000000000001,72151.5
11108978,"Mary's Respite -Convenient, garden apt in Flushing",Queens,Flushing,40.75842,-73.81996,305.0,5.0,93.0,0.052054794520547946,5795.0,72132.5
49671669,"Mary's Respite -Convenient, garden apt in Flushing",Queens,Flushing,40.75842,-73.81996,305.0,5.0,93.0,0.052054794520547946,5795.0,72132.5
34687770,30-days + Beautiful Oceanfront 3BD Duplex near JFK,Queens,Arverne,40.58753,-73.7964,815.0,5.0,4.0,0.4575342465753425,136105.0,72127.5
25293147,Modern large 3Bedrm w Washer/Dryer Next to Subway,Manhattan,Harlem,40.80691,-73.94626,341.0,5.0,2.0,0.12054794520547946,15004.0,72121.5
4214617,Floor Through East Village Lux Apt,Manhattan,East Village,40.72685,-73.98638,739.0,5.0,92.0,0.4328767123287671,116762.0,72052.49999999997
44555162,Safe and Convinient rooms close to NYC.,Queens,Long Island City,40.74454,-73.94016,283.0,5.0,35.0,0.0027397260273972603,283.0,72023.5
57215535,Safe and Convinient rooms close to NYC.,Queens,Long Island City,40.74454,-73.94016,283.0,5.0,35.0,0.0027397260273972603,283.0,72023.5
12983485,Safe and Convinient rooms close to NYC.,Queens,Long Island City,40.74454,-73.94016,283.0,5.0,35.0,0.0027397260273972603,283.0,72023.5
51546175,Safe and Convinient rooms close to NYC.,Queens,Long Island City,40.74454,-73.94016,283.0,5.0,35.0,0.0027397260273972603,283.0,72023.5
39764512,2 Bedroom Bushwick Apartment,Brooklyn,Bushwick,40.69982,-73.91957,520.0,5.0,106.0,0.32054794520547947,60840.0,72020.0
25353348,"Private Room by Emmons, beaches. B, Q trains.",Brooklyn,Sheepshead Bay,40.58438,-73.95564,311.0,5.0,4.0,0.06575342465753424,7463.999999999999,71996.5
53783542,Cozy Overnight Bed in Hell's Kitchen,Manhattan,Hell's Kitchen,40.76276,-73.98932,760.0,5.0,55.0,0.4410958904109589,122360.00000000001,71819.99999999999
19025647,Cozy Overnight Bed in Hell's Kitchen,Manhattan,Hell's Kitchen,40.76276,-73.98932,760.0,5.0,55.0,0.4410958904109589,122360.00000000001,71819.99999999999
42680103,Urban Oasis Junior,Brooklyn,Sunset Park,40.664,-73.99233,385.0,5.0,4.0,0.18904109589041096,26565.000000000004,71802.5
32464210,"Private room 1 Full Bed , Lower Level Close to NYP",Queens,Flushing,40.75048,-73.8275,281.0,5.0,28.0,0.0,0.0,71795.5
46627944,New York Apartment in Queens,Queens,Ozone Park,40.67801,-73.8459,387.0,5.0,51.0,0.1917808219178082,27089.999999999996,71788.49999999999
15056266,New York Apartment in Queens,Queens,Ozone Park,40.67801,-73.8459,387.0,5.0,51.0,0.1917808219178082,27089.999999999996,71788.49999999999
26390567,3 Bedroom Apt in Times Square,Manhattan,Hell's Kitchen,40.76299,-73.99478,426.0,5.0,1.0,0.23835616438356164,37062.0,71781.0
37136668,"Beautiful, large, Morningside apt",Manhattan,Upper West Side,40.80196,-73.96349,976.0,5.0,84.0,0.4986301369863014,177632.0,71735.99999999997
29085791,Sunlit Private Room One Block off Subway (3 & 4),Brooklyn,Crown Heights,40.66726,-73.93059,458.0,5.0,162.0,0.27123287671232876,45342.0,71676.99999999999
35696270,Corporate Studio Midtown East,Manhattan,Midtown,40.75394,-73.96534,496.0,5.0,12.0,0.3041095890410959,55056.00000000001,71672.0
2575391,CENTRAL PARK/ TIMES SQUARE,Manhattan,Hell's Kitchen,40.76476,-73.99011,380.0,5.0,55.0,0.18356164383561643,25459.999999999996,71630.0
1252080,Red Room for two in Brownstone for $1355/mo,Brooklyn,Bedford-Stuyvesant,40.6798,-73.93908,857.0,5.0,39.0,0.4712328767123288,147404.0,71559.5
40003105,"BK Rest - Williamsburg, Brooklyn",Brooklyn,Williamsburg,40.70653,-73.9462,532.0,5.0,45.0,0.3315068493150685,64372.00000000001,71554.0
17122421,"Modern & Cozy 2Bedroom apt.
15min to Times Square.",Manhattan,Harlem,40.8227,-73.94014,540.0,5.0,42.0,0.336986301369863,66420.0,71550.0
51880317,"Modern & Cozy 2Bedroom apt.
15min to Times Square.",Manhattan,Harlem,40.8227,-73.94014,540.0,5.0,42.0,0.336986301369863,66420.0,71550.0
34167503,"Heaven on Earth 2 bedrooms apartment, close to JFK",Queens,Laurelton,40.66997,-73.74729,280.0,5.0,5.0,0.0,0.0,71540.0
3163038,Amazing Room—Private Bath (100% LEGAL!),Brooklyn,Greenpoint,40.73169,-73.9554,300.0,5.0,107.0,0.049315068493150684,5399.999999999999,71250.0
29638643,Beautiful Grdn. Apt. in Park Slope,Brooklyn,Park Slope,40.66836,-73.98166,885.0,5.0,243.0,0.4794520547945205,154875.0,71242.5
35911114,Incredible studio rental in Manhattan 😍,Manhattan,East Harlem,40.79755,-73.93353,441.0,5.0,1.0,0.25753424657534246,41454.0,71221.5
23287193,Sunnyside,Queens,Sunnyside,40.746,-73.91393,355.0,5.0,1.0,0.1506849315068493,19525.0,71177.49999999999
32423340,433 West 53rd-2 bedroom Apartment in Midtown West,Manhattan,Hell's Kitchen,40.76566,-73.98977,813.0,5.0,3.0,0.4602739726027397,136584.0,71137.49999999997
4527219,BRIGHT!-STEPS TO PARK!-SUBWAY OUTSIDE!-FITS 4!,Manhattan,Upper East Side,40.76904,-73.95902,479.0,5.0,20.0,0.29315068493150687,51253.00000000001,71131.49999999997
5591501,Desirable apt. in prime location,Brooklyn,Williamsburg,40.71999,-73.94551,285.0,5.0,1.0,0.01643835616438356,1709.9999999999998,71107.5
57173560,Renovated Cozy room  for 2 or solo traveler,Brooklyn,Kensington,40.64769,-73.97435,632.0,5.0,122.0,0.3917808219178082,90376.0,71100.0
44513187,Renovated Cozy room  for 2 or solo traveler,Brooklyn,Kensington,40.64769,-73.97435,632.0,5.0,122.0,0.3917808219178082,90376.0,71100.0
12941510,Renovated Cozy room  for 2 or solo traveler,Brooklyn,Kensington,40.64769,-73.97435,632.0,5.0,122.0,0.3917808219178082,90376.0,71100.0
51504200,Renovated Cozy room  for 2 or solo traveler,Brooklyn,Kensington,40.64769,-73.97435,632.0,5.0,122.0,0.3917808219178082,90376.0,71100.0
4816072,Perfectly Located Brooklyn Studio,Brooklyn,Prospect Heights,40.67273,-73.96361,505.0,5.0,34.0,0.3150684931506849,58075.0,70952.5
8819143,Romantic Williamsburg Apartment,Brooklyn,Williamsburg,40.71319,-73.95669,329.0,5.0,122.0,0.1095890410958904,13160.0,70899.5
34191252,"Bright, spacious bedroom with adjacent study",Bronx,Hunts Point,40.81767,-73.8899,313.0,5.0,10.0,0.07945205479452055,9077.0,70894.5
34322700,Best Rest in Brooklyn,Brooklyn,East Flatbush,40.64008,-73.95052,297.0,5.0,15.0,0.04657534246575343,5049.0,70834.49999999999
33485965,Brooklyn Garden Guesthouse *1 block to subway*,Brooklyn,Bushwick,40.69069,-73.92249,292.0,5.0,101.0,0.03561643835616438,3796.0,70809.99999999999
45650373,"Large room, very conveniently to train, bus, jfk#1",Queens,Richmond Hill,40.69142,-73.82039,351.0,5.0,13.0,0.14794520547945206,18954.0,70726.5
14078695,"Large room, very conveniently to train, bus, jfk#1",Queens,Richmond Hill,40.69142,-73.82039,351.0,5.0,13.0,0.14794520547945206,18954.0,70726.5
1798305,Lofted Bed in a Funky Family Loft!!,Brooklyn,Bedford-Stuyvesant,40.6951,-73.95605,634.0,5.0,31.0,0.39452054794520547,91296.0,70690.99999999997
8315445,Garden View Bedroom in Brownstone,Brooklyn,Park Slope,40.66588,-73.97833,396.0,5.0,1.0,0.21095890410958903,30492.0,70686.0
4157178,Happy cozy Manchi GUEST ROOM,Brooklyn,Flatbush,40.63995,-73.96196,322.0,5.0,81.0,0.09863013698630137,11592.0,70678.99999999999
31745668,Calm Room+Backyard 3min toSubway Mins to Manhattan,Queens,Ridgewood,40.70096,-73.90739,770.0,5.0,188.0,0.44931506849315067,126280.0,70455.0
48388676,"Renovated 3BR, 2 Full Bath with Washer & Dryer",Brooklyn,Crown Heights,40.66623,-73.93113,406.0,5.0,27.0,0.22465753424657534,33292.0,70441.0
9825985,"Renovated 3BR, 2 Full Bath with Washer & Dryer",Brooklyn,Crown Heights,40.66623,-73.93113,406.0,5.0,27.0,0.22465753424657534,33292.0,70441.0
52099027,Nice Place in The Bronx!!,Bronx,Longwood,40.81961,-73.90019,450.0,5.0,45.0,0.27123287671232876,44550.0,70425.0
17341132,Nice Place in The Bronx!!,Bronx,Longwood,40.81961,-73.90019,450.0,5.0,45.0,0.27123287671232876,44550.0,70425.0
26812524,Spacious Full Floor Loft near Hudson Yards,Manhattan,Midtown,40.75426,-73.98968,471.0,5.0,1.0,0.29041095890410956,49926.0,70414.5
31360162,PRIVATE BATH/TONS OF SUNLIGHT/SAFE,Bronx,Allerton,40.85796,-73.87134,428.0,5.0,311.0,0.2493150684931507,38948.0,70405.99999999999
17323458,A ROOM DESIGNED JUST FOR YOU,Brooklyn,Bedford-Stuyvesant,40.68337,-73.93057,336.0,5.0,9.0,0.12602739726027398,15456.0,70392.0
52081354,A ROOM DESIGNED JUST FOR YOU,Brooklyn,Bedford-Stuyvesant,40.68337,-73.93057,336.0,5.0,9.0,0.12602739726027398,15456.0,70392.0
5064607,Manhattan house for large groups,Manhattan,Harlem,40.82249,-73.94479,620.0,5.0,28.0,0.38904109589041097,88040.0,70370.0
22511764,"Cozy Private Bedroom in NYC ""LES"" Manhattan!",Manhattan,Lower East Side,40.71383,-73.98867,490.0,5.0,13.0,0.30684931506849317,54880.00000000001,70315.0
31594890,Crash Ex,Brooklyn,East New York,40.66682,-73.87372,275.0,5.0,1.0,0.0,0.0,70262.5
3919137,Reno1BR~RiverView~Luxury24D~Roof~,Manhattan,Murray Hill,40.74445,-73.97181,275.0,5.0,7.0,0.0,0.0,70262.5
4915486,Comfy Room Family Home LGA Airport NO CLEANING FEE,Queens,East Elmhurst,40.76374,-73.87103,942.0,5.0,430.0,0.4958904109589041,170502.0,70179.0
38194875,Polished Executive Apt Lexington Ave,Manhattan,Kips Bay,40.74447,-73.97961,298.0,5.0,1.0,0.0547945205479452,5959.999999999999,70179.0
1153771,Share a HOME - $75 for 1 bdrm/++ for 2 - Brooklyn,Brooklyn,Bedford-Stuyvesant,40.68276,-73.95264,368.0,5.0,64.0,0.1780821917808219,23920.0,70103.99999999999
5373343,Urban sanctuary near Bedford L!,Brooklyn,Williamsburg,40.71462,-73.96309,870.0,5.0,39.0,0.4794520547945205,152250.0,70035.0
25984074,Balcony Private Room with Private Bath En-suite,Brooklyn,Borough Park,40.63313,-74.00598,275.0,5.0,7.0,0.0027397260273972603,275.0,69987.5
40306318,High Floor apt.near Columbus Circle,Manhattan,Hell's Kitchen,40.76708,-73.986,657.0,5.0,119.0,0.40821917808219177,97893.0,69970.5
16758455,MACON MEMORIES..** SUMMER SPECIAL***,Brooklyn,Bedford-Stuyvesant,40.68152,-73.94153,444.0,5.0,43.0,0.2684931506849315,43512.0,69929.99999999999
37151580,One Bedroom in Luxury Financial District Building,Manhattan,Financial District,40.70385,-74.00935,311.0,5.0,1.0,0.08493150684931507,9641.0,69819.5
35787952,Nanna’s Piano!! Recently Renovated Two Story Home in the Heart of Queens - Close to JFK Airport!,Queens,St. Albans,40.686001,-73.7677,467.0,5.0,8.0,0.29041095890410956,49501.99999999999,69816.5
39755675,Large 1BR Columbia University,Manhattan,Morningside Heights,40.81368,-73.95942,579.0,5.0,5.0,0.3698630136986301,78165.0,69769.49999999997
41067940,Large Brooklyn Apt Artsy & Centric,Brooklyn,Bushwick,40.69836,-73.93521,380.0,5.0,201.0,0.19726027397260273,27360.0,69730.0
30686909,Comfortable bedroom for one person,Manhattan,Harlem,40.80709,-73.95119,276.0,5.0,120.0,0.00821917808219178,827.9999999999999,69690.0
35229576,MedStay w/ BathRoom 315-9C,Bronx,Claremont Village,40.84359,-73.90537,351.0,5.0,3.0,0.15616438356164383,20007.0,69673.5
29261975,"Spacious, Sunlit Limestone 1 br",Brooklyn,Bedford-Stuyvesant,40.68634,-73.93292,434.0,5.0,21.0,0.2602739726027397,41229.99999999999,69657.0
4188107,Private Room in Brooklyn,Brooklyn,Williamsburg,40.71564,-73.95107,787.0,5.0,10.0,0.4575342465753425,131429.0,69649.5
8934021,The Study - UWS Bedroom In Luxury Building,Manhattan,Upper West Side,40.79481,-73.97185,406.0,5.0,11.0,0.23013698630136986,34104.0,69629.0
47496712,The Study - UWS Bedroom In Luxury Building,Manhattan,Upper West Side,40.79481,-73.97185,406.0,5.0,11.0,0.23013698630136986,34104.0,69629.0
16802087,Harlem Luxury Condo !New! 2 Full Bedrooms Balcony,Manhattan,East Harlem,40.8025,-73.93775,492.0,5.0,32.0,0.31232876712328766,56088.0,69617.99999999999
35235099,Beautiful Newly furnished 1BR~ In Unit Laundry,Manhattan,Hell's Kitchen,40.76143,-73.99409,413.0,5.0,3.0,0.23835616438356164,35931.0,69590.49999999999
23029269,Bedroom close to Manhattan(BIG),Queens,Elmhurst,40.7455,-73.89103,475.0,5.0,14.0,0.29863013698630136,51775.0,69587.5
28867633,Master Bedroom in Celebrity Home,Queens,Queens Village,40.70641,-73.74541,299.0,5.0,12.0,0.06301369863013699,6877.000000000001,69517.5
23694791,Sunny 1 bedroom w/private half bath!,Bronx,Bronxdale,40.85646,-73.86813,720.0,5.0,14.0,0.43561643835616437,114480.0,69479.99999999997
17496880,Luxury Meets Classic Brownstone w/ Outdoor Space!,Brooklyn,Bedford-Stuyvesant,40.6899,-73.93559,273.0,5.0,27.0,0.0027397260273972603,273.0,69478.5
54101667,Shared room in East Williamsburg near the park,Brooklyn,Greenpoint,40.72157,-73.94002,273.0,5.0,1.0,0.0027397260273972603,273.0,69478.5
52254776,Luxury Meets Classic Brownstone w/ Outdoor Space!,Brooklyn,Bedford-Stuyvesant,40.6899,-73.93559,273.0,5.0,27.0,0.0027397260273972603,273.0,69478.5
19343771,Shared room in East Williamsburg near the park,Brooklyn,Greenpoint,40.72157,-73.94002,273.0,5.0,1.0,0.0027397260273972603,273.0,69478.5
19361997,Private small accomodation specially for you!,Queens,Forest Hills,40.73156,-73.8523,274.0,5.0,1.0,0.005479452054794521,548.0,69459.0
20704639,Queens Finest Luxury Place,Queens,Jamaica,40.69742,-73.78541,274.0,5.0,22.0,0.005479452054794521,548.0,69459.0
55462534,Queens Finest Luxury Place,Queens,Jamaica,40.69742,-73.78541,274.0,5.0,22.0,0.005479452054794521,548.0,69459.0
54119893,Private small accomodation specially for you!,Queens,Forest Hills,40.73156,-73.8523,274.0,5.0,1.0,0.005479452054794521,548.0,69459.0
13249141,"New 1 Bedroom, Clean, Modern Apartment",Manhattan,Harlem,40.81217,-73.94056,438.0,5.0,80.0,0.26575342465753427,42486.0,69422.99999999999
44820818,"New 1 Bedroom, Clean, Modern Apartment",Manhattan,Harlem,40.81217,-73.94056,438.0,5.0,80.0,0.26575342465753427,42486.0,69422.99999999999
29300636,Four Bedroom Premium Gourmet | Front & Wall Street,Manhattan,Financial District,40.704903,-74.006416,393.0,5.0,19.0,0.21643835616438356,31047.0,69364.49999999999
2830554,Cozy duplex on the Upper East side!,Manhattan,Upper East Side,40.76838,-73.95481,382.0,5.0,1.0,0.20273972602739726,28268.0,69332.99999999999
9421150,cheap & safe next to Central PK,Manhattan,Upper West Side,40.79981,-73.96097,344.0,5.0,5.0,0.14794520547945206,18576.0,69316.0
47983840,cheap & safe next to Central PK,Manhattan,Upper West Side,40.79981,-73.96097,344.0,5.0,5.0,0.14794520547945206,18576.0,69316.0
54721900,*NO GUEST SERVICE FEE* Beekman Tower Premium Studio Suite,Manhattan,Midtown,40.75414,-73.96595,733.0,5.0,3.0,0.4410958904109589,118013.0,69268.5
19964004,*NO GUEST SERVICE FEE* Beekman Tower Premium Studio Suite,Manhattan,Midtown,40.75414,-73.96595,733.0,5.0,3.0,0.4410958904109589,118013.0,69268.5
20783617,"Waterfront Apt, Private bed&bath in Williamsburg",Brooklyn,Williamsburg,40.72015,-73.96403,556.0,5.0,18.0,0.3589041095890411,72836.0,69222.0
55541513,"Waterfront Apt, Private bed&bath in Williamsburg",Brooklyn,Williamsburg,40.72015,-73.96403,556.0,5.0,18.0,0.3589041095890411,72836.0,69222.0
35550463,Renovated sunny studio,Brooklyn,Fort Greene,40.6884,-73.97248,626.0,5.0,18.0,0.3972602739726027,90770.0,69173.0
35550463,Renovated sunny studio,Brooklyn,Fort Greene,40.6884,-73.97248,626.0,5.0,18.0,0.3972602739726027,90770.0,69173.0
19729277,Private Bedroom in Manhattan!,Manhattan,Harlem,40.8275,-73.94323,345.0,5.0,14.0,0.1506849315068493,18975.0,69172.49999999999
54487173,Private Bedroom in Manhattan!,Manhattan,Harlem,40.8275,-73.94323,345.0,5.0,14.0,0.1506849315068493,18975.0,69172.49999999999
15906808,Awesome Private Room in Vibrant Bronx,Bronx,Soundview,40.82407,-73.8614,928.0,5.0,25.0,0.4958904109589041,167968.0,69135.99999999997
34746314,Convenient New York Room. Full-Size Bed Near 69St,Queens,Woodside,40.74191,-73.89255,350.0,5.0,4.0,0.1589041095890411,20300.0,69124.99999999999
36615297,(2FW) NYC Chelsea Studio in Flower District,Manhattan,Chelsea,40.74684,-73.99207,410.0,5.0,5.0,0.23835616438356164,35670.0,69085.0
33693630,"Central Park, Restaurants, Cafe, and More",Manhattan,Upper West Side,40.79952,-73.96122,771.0,5.0,5.0,0.4547945205479452,127986.00000000001,69004.49999999996
4639888,Large queen size bedroom in huge loft apt,Manhattan,East Harlem,40.79796,-73.93856,407.0,5.0,15.0,0.2356164383561644,35002.0,68986.49999999999
18250217,Beautiful 1 BR Apt in the Heart of West Village!,Manhattan,West Village,40.73333,-74.0052,770.0,5.0,8.0,0.4547945205479452,127820.0,68915.0
53008113,Beautiful 1 BR Apt in the Heart of West Village!,Manhattan,West Village,40.73333,-74.0052,770.0,5.0,8.0,0.4547945205479452,127820.0,68915.0
52392299,Cozy Studio near South Beach :-),Staten Island,Arrochar,40.59078,-74.07504,350.0,5.0,30.0,0.16164383561643836,20650.0,68774.99999999999
41360106,Cozy Studio near South Beach :-),Staten Island,Arrochar,40.59078,-74.07504,350.0,5.0,30.0,0.16164383561643836,20650.0,68774.99999999999
17634403,Cozy Studio near South Beach :-),Staten Island,Arrochar,40.59078,-74.07504,350.0,5.0,30.0,0.16164383561643836,20650.0,68774.99999999999
12821108,YOUR DREAM SUITE IN MANHATTAN,Manhattan,East Harlem,40.78966,-73.94232,651.0,5.0,149.0,0.410958904109589,97650.0,68680.5
51383799,YOUR DREAM SUITE IN MANHATTAN,Manhattan,East Harlem,40.78966,-73.94232,651.0,5.0,149.0,0.410958904109589,97650.0,68680.5
44392786,YOUR DREAM SUITE IN MANHATTAN,Manhattan,East Harlem,40.78966,-73.94232,651.0,5.0,149.0,0.410958904109589,97650.0,68680.5
57053158,YOUR DREAM SUITE IN MANHATTAN,Manhattan,East Harlem,40.78966,-73.94232,651.0,5.0,149.0,0.410958904109589,97650.0,68680.5
7322410,1BR apartment on Broadway (UWS),Manhattan,Morningside Heights,40.80596,-73.96471,670.0,5.0,7.0,0.4191780821917808,102509.99999999999,68674.99999999999
25165013,Packaged for one and groups (QUEEN B),Brooklyn,East Flatbush,40.64683,-73.93003,274.0,5.0,6.0,0.0136986301369863,1370.0,68637.0
37582374,Dip Your Toe in Clean and Comfortable Soho,Manhattan,SoHo,40.72766,-74.00243,812.0,5.0,15.0,0.4684931506849315,138852.0,68614.0
31732413,Cozy One Bedroom on Walton Avenue,Bronx,Mount Eden,40.84094,-73.91336,276.0,5.0,5.0,0.019178082191780823,1932.0,68586.0
31806421,"Min from Barclay Ctr, museums, shopping mall, etc.",Brooklyn,East Flatbush,40.66154,-73.92301,662.0,5.0,73.0,0.41643835616438357,100624.00000000001,68516.99999999999
45246641,3 BDR APT AND ROOFTOP ONE TRAIN STOP TO MANHATAN,Brooklyn,Williamsburg,40.71047,-73.96311,449.0,5.0,117.0,0.2821917808219178,46247.0,68472.49999999999
13674964,3 BDR APT AND ROOFTOP ONE TRAIN STOP TO MANHATAN,Brooklyn,Williamsburg,40.71047,-73.96311,449.0,5.0,117.0,0.2821917808219178,46247.0,68472.49999999999
17900059,Family Apartment One Bedroom beside Empire State #62,Manhattan,Midtown,40.74653,-73.98717,649.0,5.0,4.0,0.410958904109589,97349.99999999999,68469.49999999999
52657955,Family Apartment One Bedroom beside Empire State #62,Manhattan,Midtown,40.74653,-73.98717,649.0,5.0,4.0,0.410958904109589,97349.99999999999,68469.49999999999
41625763,Family Apartment One Bedroom beside Empire State #62,Manhattan,Midtown,40.74653,-73.98717,649.0,5.0,4.0,0.410958904109589,97349.99999999999,68469.49999999999
7838258,Found a tree I like so built a nest,Brooklyn,Williamsburg,40.70665,-73.93529,840.0,5.0,102.0,0.4767123287671233,146160.0,68460.0
40813882,Quiet charming  Duplex,Manhattan,Lower East Side,40.72147,-73.98733,655.0,5.0,63.0,0.4136986301369863,98905.0,68447.49999999997
10510285,Stunning Studio in Midtown BEST LOCATION,Manhattan,Midtown,40.7441,-73.98834,487.0,5.0,106.0,0.3150684931506849,56004.99999999999,68423.5
49072976,Stunning Studio in Midtown BEST LOCATION,Manhattan,Midtown,40.7441,-73.98834,487.0,5.0,106.0,0.3150684931506849,56004.99999999999,68423.5
35393609,1 Bed in a 4-Bed Male Dorm with Private Bathroom,Queens,Long Island City,40.749565,-73.94783,281.0,5.0,31.0,0.03287671232876712,3371.9999999999995,68423.5
7759831,Spacious room in the heart of Astoria!,Queens,Astoria,40.75823,-73.90881,302.0,5.0,49.0,0.07945205479452055,8758.0,68402.99999999999
25128009,Lower East Side Classic Vibes,Manhattan,Lower East Side,40.72059,-73.98514,545.0,5.0,6.0,0.3561643835616438,70850.0,68397.5
15952097,Gorgeous Green Premium Suite! (Brooklyn),Brooklyn,Bushwick,40.68826,-73.90933,701.0,5.0,34.0,0.4328767123287671,110758.0,68347.5
33894115,New York or Nowhere 03,Manhattan,Upper West Side,40.8022,-73.96452,408.0,5.0,17.0,0.2410958904109589,35904.0,68339.99999999999
1537067,Midtown NYC - 1 Bedroom Apartment,Manhattan,Midtown,40.76082,-73.97548,647.0,5.0,116.0,0.410958904109589,97050.0,68258.5
52096266,Cute room in Manhattan 30 mins to Times Square,Manhattan,Washington Heights,40.85411,-73.92952,332.0,5.0,45.0,0.136986301369863,16600.0,68225.99999999999
17338370,Cute room in Manhattan 30 mins to Times Square,Manhattan,Washington Heights,40.85411,-73.92952,332.0,5.0,45.0,0.136986301369863,16600.0,68225.99999999999
48297547,"large studio ,private bathroom and own entrance",Manhattan,Upper East Side,40.77166,-73.95797,535.0,5.0,7.0,0.3506849315068493,68480.0,68212.5
9734856,"large studio ,private bathroom and own entrance",Manhattan,Upper East Side,40.77166,-73.95797,535.0,5.0,7.0,0.3506849315068493,68480.0,68212.5
53484748,Mia Suite East Village-free Street Parking+wifi,Manhattan,East Village,40.73075,-73.98114,699.0,5.0,59.0,0.4328767123287671,110442.0,68152.49999999997
18726852,Mia Suite East Village-free Street Parking+wifi,Manhattan,East Village,40.73075,-73.98114,699.0,5.0,59.0,0.4328767123287671,110442.0,68152.49999999997
31856680,Sunny 1-BR Apt with Soaking Tub,Manhattan,Upper East Side,40.77116,-73.95685,518.0,5.0,6.0,0.33972602739726027,64232.0,68117.0
41114333,shared space with Great location!!,Brooklyn,Sheepshead Bay,40.59836,-73.95417,282.0,5.0,135.0,0.038356164383561646,3948.0000000000005,68102.99999999999
5922329,Bright Williamsburg/Shwick Art Loft,Brooklyn,Williamsburg,40.70412,-73.93555,388.0,5.0,1.0,0.2191780821917808,31040.0,68093.99999999999
28911264,Pad on the Parkway!,Brooklyn,Crown Heights,40.66917,-73.93637,564.0,5.0,9.0,0.3698630136986301,76140.0,67961.99999999997
1956815,GREAT ROOM Fast 2 TIMES SQ 9min NYC,Queens,Long Island City,40.74997,-73.9397,719.0,5.0,148.0,0.4410958904109589,115759.0,67945.49999999997
5373895,Spacious Family Apt Block from Park,Manhattan,Upper West Side,40.77684,-73.97979,418.0,5.0,2.0,0.2547945205479452,38874.0,67924.99999999999
36655615,Top Floor 2bd Luxury Brownstone Apt,Brooklyn,Fort Greene,40.68601,-73.97515,301.0,5.0,276.0,0.0821917808219178,9030.0,67875.5
17136228,"The ""TriBeCa Loft"" #5 | A brand New 2 beds Loft",Manhattan,Tribeca,40.71912,-74.0038,360.0,5.0,14.0,0.18356164383561643,24120.0,67859.99999999999
51894124,"The ""TriBeCa Loft"" #5 | A brand New 2 beds Loft",Manhattan,Tribeca,40.71912,-74.0038,360.0,5.0,14.0,0.18356164383561643,24120.0,67859.99999999999
27385259,Huge 1 Bedroom Apt +balcony,Manhattan,Hell's Kitchen,40.76212,-73.99771,293.0,5.0,2.0,0.06575342465753424,7031.999999999999,67829.5
29865086,Stay in the Heart of Queens A1,Queens,Jackson Heights,40.74822,-73.88122,275.0,5.0,16.0,0.024657534246575342,2475.0,67787.5
3502703,Lovely room in Williamsburg,Brooklyn,Williamsburg,40.70921,-73.95178,801.0,5.0,47.0,0.4684931506849315,136971.0,67684.49999999997
40152778,"Cozy, quiet single room in Brooklyn brownstone",Brooklyn,Prospect Heights,40.6762,-73.96671,873.0,5.0,11.0,0.4876712328767123,155394.0,67657.49999999997
39136546,Private Bedroom with Private Full Bathroom,Queens,Ridgewood,40.70371,-73.89955,810.0,5.0,1.0,0.4712328767123288,139320.0,67635.0
46159593,"Modern, Stylish & Spacious Brooklyn Oasis",Brooklyn,Canarsie,40.63837,-73.91149,366.0,5.0,102.0,0.19452054794520549,25986.0,67527.0
14587916,"Modern, Stylish & Spacious Brooklyn Oasis",Brooklyn,Canarsie,40.63837,-73.91149,366.0,5.0,102.0,0.19452054794520549,25986.0,67527.0
23502038,"Great deal! Comfy, brand new, close to subway:)",Manhattan,Harlem,40.81893,-73.94512,818.0,5.0,20.0,0.473972602739726,141514.0,67484.99999999997
7435079,"Adorable, Artsy 1BR; Hip Location!",Brooklyn,Greenpoint,40.73258,-73.95582,264.0,5.0,21.0,0.0,0.0,67452.0
35228472,"Spacious Manhattan Room. 5 minutes to 2, 3 train 135 St station.",Manhattan,Harlem,40.81305,-73.94369,265.0,5.0,2.0,0.0027397260273972603,265.0,67442.5
30262742,Local Artist's Getaway Loft with Two Balconies,Brooklyn,Williamsburg,40.70805,-73.94545,382.0,5.0,7.0,0.21643835616438356,30178.0,67422.99999999999
39482286,A LITTLE PARADISE NEXT TO SUBWAY!,Queens,Ridgewood,40.70719,-73.89632,303.0,5.0,11.0,0.09041095890410959,9999.0,67417.5
6755750,Harlem Row House 2 BDRM Apt-City Col/Columbia Univ,Manhattan,Harlem,40.82215,-73.95601,350.0,5.0,95.0,0.1726027397260274,22050.0,67374.99999999999
36191131,Designer Beautiful Home by Kissena Park! Parking!,Queens,Flushing,40.75012,-73.81292,270.0,5.0,230.0,0.01643835616438356,1620.0,67365.0
54215993,Stay in this sunny private room near Times Sq 41D3,Manhattan,Hell's Kitchen,40.75564,-73.99564,311.0,5.0,9.0,0.10684931506849316,12129.000000000002,67331.5
19458097,Stay in this sunny private room near Times Sq 41D3,Manhattan,Hell's Kitchen,40.75564,-73.99564,311.0,5.0,9.0,0.10684931506849316,12129.000000000002,67331.5
17063325,Nice Penthouse very close to Manhattan and airport,Queens,Woodside,40.74416,-73.91137,287.0,5.0,37.0,0.057534246575342465,6026.999999999999,67301.49999999999
2255057,Spacious sunny bedroom - East Village (A),Manhattan,East Village,40.73099,-73.98762,879.0,5.0,36.0,0.4904109589041096,157341.0,67243.49999999997
50719382,Super Large & Cozy One Bedroom Apartment,Queens,Astoria,40.76001,-73.91865,656.0,5.0,9.0,0.4191780821917808,100368.0,67240.0
56388742,Super Large & Cozy One Bedroom Apartment,Queens,Astoria,40.76001,-73.91865,656.0,5.0,9.0,0.4191780821917808,100368.0,67240.0
12156691,Super Large & Cozy One Bedroom Apartment,Queens,Astoria,40.76001,-73.91865,656.0,5.0,9.0,0.4191780821917808,100368.0,67240.0
43728369,Super Large & Cozy One Bedroom Apartment,Queens,Astoria,40.76001,-73.91865,656.0,5.0,9.0,0.4191780821917808,100368.0,67240.0
20047402,Prime Location of Flushing Queens 豪华卧室 旅途中的家 E,Queens,Flushing,40.74764,-73.81795,264.0,5.0,37.0,0.0027397260273972603,264.0,67188.0
54805297,Prime Location of Flushing Queens 豪华卧室 旅途中的家 E,Queens,Flushing,40.74764,-73.81795,264.0,5.0,37.0,0.0027397260273972603,264.0,67188.0
22603446,Luxury penthouse,Brooklyn,Sheepshead Bay,40.58527,-73.95741,265.0,5.0,2.0,0.005479452054794521,530.0,67177.5
23637904,Beautiful Garden Apartment Bedford Ave. stop on L,Brooklyn,Williamsburg,40.71509,-73.958,452.0,5.0,3.0,0.29315068493150687,48364.0,67121.99999999999
5608623,Spacious Studio + Patio,Manhattan,Lower East Side,40.7187,-73.99043,695.0,5.0,26.0,0.43561643835616437,110505.0,67067.49999999997
40173766,All New Bohemian Chic 1BR Loft,Brooklyn,Greenpoint,40.72267,-73.94362,287.0,5.0,9.0,0.06027397260273973,6314.0,67014.49999999999
55238853,Comfortable 2 bedroom apt in Times Square 5ppl,Manhattan,Hell's Kitchen,40.75885,-73.98996,628.0,5.0,63.0,0.40821917808219177,93571.99999999999,66882.00000000001
20480957,Comfortable 2 bedroom apt in Times Square 5ppl,Manhattan,Hell's Kitchen,40.75885,-73.98996,628.0,5.0,63.0,0.40821917808219177,93571.99999999999,66882.00000000001
6937456,Cozy Room 4 stops from 5 avenue,Queens,Astoria,40.75748,-73.91221,401.0,5.0,15.0,0.24383561643835616,35689.0,66766.5
33023138,Cozy room in the heart of Astoria,Queens,Astoria,40.76534,-73.91944,549.0,5.0,94.0,0.36712328767123287,73566.0,66703.49999999997
53717819,STUNNINGLY COMFORTABLE UWS HI-RISE STUDIO APT,Manhattan,Upper West Side,40.79444,-73.96613,737.0,5.0,11.0,0.4520547945205479,121605.0,66698.5
18959923,STUNNINGLY COMFORTABLE UWS HI-RISE STUDIO APT,Manhattan,Upper West Side,40.79444,-73.96613,737.0,5.0,11.0,0.4520547945205479,121605.0,66698.5
33314752,CheKell's Cozy Room #1 w/ balcony in Canarsie,Brooklyn,Canarsie,40.63704,-73.90921,262.0,5.0,31.0,0.0027397260273972603,262.0,66678.99999999999
5476071,BEAUTIFUL UES Apt w/ Door Man,Manhattan,Upper East Side,40.76288,-73.96084,503.0,5.0,2.0,0.336986301369863,61869.0,66647.49999999999
47075859,Prime Location of Flushing Queens 豪华卧室 旅途中的家 A,Queens,Flushing,40.74893,-73.82046,267.0,5.0,39.0,0.01643835616438356,1602.0,66616.49999999999
15504182,Prime Location of Flushing Queens 豪华卧室 旅途中的家 A,Queens,Flushing,40.74893,-73.82046,267.0,5.0,39.0,0.01643835616438356,1602.0,66616.49999999999
54727423,*NO GUEST SERVICE FEE* Beekman Tower One Bedroom Suite with Kitchen,Manhattan,Midtown,40.75417,-73.96557,848.0,5.0,8.0,0.4849315068493151,150096.0,66567.99999999997
19969527,*NO GUEST SERVICE FEE* Beekman Tower One Bedroom Suite with Kitchen,Manhattan,Midtown,40.75417,-73.96557,848.0,5.0,8.0,0.4849315068493151,150096.0,66567.99999999997
3383406,Williamsburg Room - 2 Blocks to L Train,Brooklyn,Williamsburg,40.71376,-73.94239,597.0,5.0,62.0,0.39452054794520547,85968.0,66565.5
40996141,Victorian House near Brooklyn College,Brooklyn,East Flatbush,40.63939,-73.94988,337.0,5.0,100.0,0.1589041095890411,19546.0,66557.49999999999
1747493,Cozy 1BD Manhattan close Central Pk,Manhattan,Upper East Side,40.77247,-73.94665,649.0,5.0,12.0,0.4191780821917808,99297.0,66522.49999999997
3486134,Your own studio apt in Upper East,Manhattan,Upper East Side,40.7759,-73.94227,351.0,5.0,100.0,0.18082191780821918,23166.0,66514.5
34550247,Double room with shared bath.,Manhattan,Midtown,40.74567,-73.98284,425.0,5.0,31.0,0.27123287671232876,42075.0,66512.5
34552456,Lovely Bright 3 Bedroom in Bushwick,Brooklyn,Bushwick,40.68776,-73.90614,777.0,5.0,9.0,0.4657534246575342,132090.0,66433.5
30324048,Charming single room,Brooklyn,Bedford-Stuyvesant,40.69283,-73.94529,406.0,5.0,61.0,0.25205479452054796,37352.00000000001,66381.0
4184793,Park Slope's - Pied à Terre (1-Bedroom Apt),Brooklyn,South Slope,40.6656,-73.98575,269.0,5.0,128.0,0.024657534246575342,2421.0,66308.5
34509929,Luminous and Beautiful 1 bed Great Location,Brooklyn,Kensington,40.64554,-73.97543,290.0,5.0,32.0,0.07397260273972603,7830.000000000001,66265.0
39902034,Sunny Clinton Hill Apt w/Patio,Brooklyn,Crown Heights,40.6803,-73.96059,426.0,5.0,18.0,0.273972602739726,42600.0,66243.0
37212886,Clinton Hill – Brooklyn’s Best Nest,Brooklyn,Clinton Hill,40.68273,-73.96073,748.0,5.0,9.0,0.4575342465753425,124916.0,66198.0
38985769,Cozy bed in BX,Bronx,Allerton,40.86436,-73.86719,260.0,5.0,5.0,0.0027397260273972603,260.0,66170.0
30019730,Beautiful 2 bedroom in Brooklyn,Brooklyn,Crown Heights,40.67665,-73.95078,307.0,5.0,20.0,0.1095890410958904,12279.999999999998,66158.49999999999
6775633,Upscale Apt blocks to Columbia Med./Presb. Hosp.,Manhattan,Washington Heights,40.84269,-73.93605,499.0,5.0,133.0,0.336986301369863,61377.0,66117.49999999999
55269782,Mercedes-Benz Home | Dinner for 50+ | Private Chef,Brooklyn,Prospect-Lefferts Gardens,40.66178,-73.9505,312.0,5.0,76.0,0.12054794520547946,13728.0,65987.99999999999
20511886,Mercedes-Benz Home | Dinner for 50+ | Private Chef,Brooklyn,Prospect-Lefferts Gardens,40.66178,-73.9505,312.0,5.0,76.0,0.12054794520547946,13728.0,65987.99999999999
37981687,FABULOUS 1 BEDROOM IN MANHATTAN,Manhattan,Harlem,40.8058,-73.94759,608.0,5.0,8.0,0.40273972602739727,89376.00000000001,65967.99999999999
30340617,**2000 sq ft Luxury 4bd Union Square Apartment!**,Manhattan,East Village,40.7316,-73.98632,571.0,5.0,18.0,0.3835616438356164,79940.0,65950.5
29498359,"At the water edge, 2 bedroom, 1 bathroom apartment",Brooklyn,Sheepshead Bay,40.58609,-73.93386,389.0,5.0,27.0,0.2356164383561644,33454.0,65935.49999999999
50906612,Artsy Apt in Bushwick!,Brooklyn,Bushwick,40.68376,-73.91121,683.0,5.0,5.0,0.43561643835616437,108597.0,65909.5
43915598,Artsy Apt in Bushwick!,Brooklyn,Bushwick,40.68376,-73.91121,683.0,5.0,5.0,0.43561643835616437,108597.0,65909.5
12343921,Artsy Apt in Bushwick!,Brooklyn,Bushwick,40.68376,-73.91121,683.0,5.0,5.0,0.43561643835616437,108597.0,65909.5
56575971,Artsy Apt in Bushwick!,Brooklyn,Bushwick,40.68376,-73.91121,683.0,5.0,5.0,0.43561643835616437,108597.0,65909.5
42346514,TW #6 Private Suite 2nd Fl.  1 to 4 Guests,Bronx,Schuylerville,40.8356,-73.83369,479.0,5.0,24.0,0.3232876712328767,56522.0,65862.49999999999
24337668,TW #6 Private Suite 2nd Fl.  1 to 4 Guests,Bronx,Schuylerville,40.8356,-73.83369,479.0,5.0,24.0,0.3232876712328767,56522.0,65862.49999999999
32218437,Eternal Elegance NYC 2Bedrooms2Bath3Beds2Recliners,Bronx,Wakefield,40.90396,-73.84868,268.0,5.0,21.0,0.0273972602739726,2679.9999999999995,65794.0
30481453,Luxury Centrally - Located  1 Bedroom Apartment,Manhattan,Hell's Kitchen,40.76137,-74.00053,703.0,5.0,16.0,0.4438356164383562,113886.0,65730.5
43497507,Charming 1BD Astoria Penthouse,Queens,Astoria,40.75732,-73.92019,806.0,5.0,67.0,0.4767123287671233,140244.0,65688.99999999997
50488521,Charming 1BD Astoria Penthouse,Queens,Astoria,40.75732,-73.92019,806.0,5.0,67.0,0.4767123287671233,140244.0,65688.99999999997
11925830,Charming 1BD Astoria Penthouse,Queens,Astoria,40.75732,-73.92019,806.0,5.0,67.0,0.4767123287671233,140244.0,65688.99999999997
26831855,Beautiful 2 Bedroom Apt Near Times Square,Manhattan,Hell's Kitchen,40.75431,-73.99459,417.0,5.0,1.0,0.2684931506849315,40866.0,65677.49999999999
38145720,Comfy & Quiet 1 Bedroom,Staten Island,Emerson Hill,40.60548,-74.13315,257.0,5.0,9.0,0.0,0.0,65663.49999999999
29088000,Freehand New York - Private Bunk Room,Manhattan,Flatiron District,40.7403,-73.98599,286.0,5.0,157.0,0.07123287671232877,7436.0,65637.0
17636060,Cozy Renovated 2 Bedroom Apartment Heart of Brklyn,Brooklyn,Sunset Park,40.64279,-74.00515,890.0,5.0,10.0,0.4986301369863014,161980.0,65415.0
41361763,Cozy Renovated 2 Bedroom Apartment Heart of Brklyn,Brooklyn,Sunset Park,40.64279,-74.00515,890.0,5.0,10.0,0.4986301369863014,161980.0,65415.0
52393956,Cozy Renovated 2 Bedroom Apartment Heart of Brklyn,Brooklyn,Sunset Park,40.64279,-74.00515,890.0,5.0,10.0,0.4986301369863014,161980.0,65415.0
37793905,Family Fun Slide Bed! Deck/Outdoor Kitchen!,Queens,Flushing,40.75748,-73.8095,256.0,5.0,44.0,0.0,0.0,65407.99999999999
35796236,Attractive One bedroom beauty in Midtown,Manhattan,Murray Hill,40.74951,-73.97542,256.0,5.0,1.0,0.0,0.0,65407.99999999999
33853797,֎ Your NYC Home in Style! ֎ #10335,Manhattan,Harlem,40.80625,-73.94978,285.0,5.0,5.0,0.07123287671232877,7409.999999999999,65407.5
16524280,Queen Studio In Park Slope - Gowanus Inn & Yard,Brooklyn,Gowanus,40.67726,-73.9837,259.0,5.0,28.0,0.00821917808219178,776.9999999999999,65397.5
30520666,Downtown Manhattan Bedroom!  Top of Fidi/City Hall,Manhattan,Financial District,40.70996,-74.00694,547.0,5.0,16.0,0.3726027397260274,74392.0,65366.5
28994109,Hotel Living in Renovated Queens Apartment,Queens,South Ozone Park,40.67743,-73.82326,556.0,5.0,12.0,0.3780821917808219,76728.0,65330.0
46701400,Unique Exposed Brick Loft Studio in Townhouse,Bronx,Concourse,40.81941,-73.92762,782.0,5.0,98.0,0.4712328767123288,134504.0,65297.0
15129722,Unique Exposed Brick Loft Studio in Townhouse,Bronx,Concourse,40.81941,-73.92762,782.0,5.0,98.0,0.4712328767123288,134504.0,65297.0
53516229,"Trendy, Large Patio, Near Subway",Brooklyn,Bedford-Stuyvesant,40.6882,-73.95381,821.0,5.0,1.0,0.4821917808219178,144496.0,65269.49999999997
44654576,Bright and Cosy Room in Williamsburg,Brooklyn,Williamsburg,40.7115,-73.9429,821.0,5.0,12.0,0.4821917808219178,144496.0,65269.49999999997
51645589,Bright and Cosy Room in Williamsburg,Brooklyn,Williamsburg,40.7115,-73.9429,821.0,5.0,12.0,0.4821917808219178,144496.0,65269.49999999997
57314949,Bright and Cosy Room in Williamsburg,Brooklyn,Williamsburg,40.7115,-73.9429,821.0,5.0,12.0,0.4821917808219178,144496.0,65269.49999999997
18758333,"Trendy, Large Patio, Near Subway",Brooklyn,Bedford-Stuyvesant,40.6882,-73.95381,821.0,5.0,1.0,0.4821917808219178,144496.0,65269.49999999997
13082899,Bright and Cosy Room in Williamsburg,Brooklyn,Williamsburg,40.7115,-73.9429,821.0,5.0,12.0,0.4821917808219178,144496.0,65269.49999999997
3023859,Prime East Village 1 bedroom,Manhattan,East Village,40.73087,-73.98713,705.0,5.0,2.0,0.4465753424657534,114915.0,65212.49999999997
19176424,"Lovely room with private bathroom, near Manhattan",Queens,Sunnyside,40.73657,-73.91975,394.0,5.0,10.0,0.2465753424657534,35460.0,65206.999999999985
53934320,"Lovely room with private bathroom, near Manhattan",Queens,Sunnyside,40.73657,-73.91975,394.0,5.0,10.0,0.2465753424657534,35460.0,65206.999999999985
29891044,Tree lined block modern apartment,Brooklyn,Bedford-Stuyvesant,40.68647,-73.95862,606.0,5.0,118.0,0.4054794520547945,89688.0,65145.0
31756162,IDEAL XL ROOM ON PRINCE STREET,Manhattan,SoHo,40.72611,-74.00415,259.0,5.0,2.0,0.010958904109589041,1036.0,65138.5
40195858,Boutique Williamsburg Duplex Apartment,Brooklyn,Williamsburg,40.70919,-73.95012,457.0,5.0,13.0,0.3095890410958904,51641.0,65122.499999999985
26183455,PureVia (Girls shared room only),Brooklyn,Gravesend,40.59087,-73.97275,320.0,5.0,1.0,0.14246575342465753,16640.0,65120.0
28985272,Super Clean New Room in the Heart of Bed Stuy #2,Brooklyn,Bedford-Stuyvesant,40.68847,-73.95522,261.0,5.0,1.0,0.01643835616438356,1566.0,65119.5
30295880,Spacious full family home.,Brooklyn,East Flatbush,40.64399155,-73.9321519,298.0,5.0,3.0,0.10136986301369863,11026.0,65113.0
34957292,626 10th Avenue-Renovated 3 bedroom apartment,Manhattan,Hell's Kitchen,40.76207,-73.99322,470.0,5.0,1.0,0.32054794520547947,54990.0,65095.0
34825293,Room in beautiful Brownstone Apt,Brooklyn,Crown Heights,40.67437,-73.94791,473.0,5.0,102.0,0.3232876712328767,55814.00000000001,65037.49999999998
39927440,Harlem Short Term Stay,Manhattan,Harlem,40.80477,-73.9512,318.0,5.0,37.0,0.13972602739726028,16218.000000000002,65031.0
22035129,Midtown West - Cozy Double Double Room,Manhattan,Hell's Kitchen,40.75753,-73.99701,303.0,5.0,25.0,0.11232876712328767,12423.0,64993.5
7179364,Affordable Luxury Minutes to Manhattan,Staten Island,Randall Manor,40.62859,-74.12272,362.0,5.0,131.0,0.20821917808219179,27512.0,64978.999999999985
3185683,Big BR 15 min away from Manhattan,Queens,Astoria,40.75799,-73.92006,364.0,5.0,186.0,0.21095890410958903,28028.0,64974.0
8851728,PEACEFUL PRIVATE ROOM/BATH IN BEAUTIFUL GARDEN APT,Manhattan,Roosevelt Island,40.76366,-73.9479,640.0,5.0,29.0,0.42191780821917807,98560.0,64960.0
28877574,"Entire Guest Suite *close to JFK, LGA, AQUEDUCT",Queens,St. Albans,40.70068,-73.75677,283.0,5.0,22.0,0.07123287671232877,7358.0,64948.5
23549536,法拉盛花园独立屋Entire 3beds+Park mins go JFK Airport/NYC,Queens,Whitestone,40.78236,-73.82092,687.0,5.0,9.0,0.4410958904109589,110607.00000000001,64921.499999999985
47961748,Spacious 2 bedroom Garden apartment,Brooklyn,Clinton Hill,40.68099,-73.96343,621.0,5.0,49.0,0.4136986301369863,93771.0,64894.5
9399058,Spacious 2 bedroom Garden apartment,Brooklyn,Clinton Hill,40.68099,-73.96343,621.0,5.0,49.0,0.4136986301369863,93771.0,64894.5
36984233,Newly Renovated Brownstone in Clinton Hill,Brooklyn,Clinton Hill,40.68382,-73.96031,686.0,5.0,1.0,0.4410958904109589,110446.00000000001,64826.999999999985
29243197,Cozy Small Room Next To Central Park!,Manhattan,Upper West Side,40.77525,-73.97878,340.0,5.0,6.0,0.1780821917808219,22100.0,64769.999999999985
3951723,SUNNY ROOM FOR TWO @ ELEGANT HOME NEAR JFK,Queens,Arverne,40.58835,-73.79565,638.0,5.0,91.0,0.42191780821917807,98252.0,64757.0
23439628,Comfortable room close to train 30 min to Times Sq,Manhattan,Harlem,40.82049,-73.94505,268.0,5.0,21.0,0.038356164383561646,3752.0000000000005,64722.0
7454962,2 bedroom apt on Upper East Side,Manhattan,Upper East Side,40.76717,-73.95317,794.0,5.0,3.0,0.4767123287671233,138156.0,64710.99999999997
28864319,Furniture Two Bedroom Apartment in Little Italy,Manhattan,Little Italy,40.71981,-73.99735,637.0,5.0,33.0,0.42191780821917807,98098.0,64655.5
4537161,SUNNY GUEST BDRM in Fort Greene!,Brooklyn,Fort Greene,40.69207,-73.97407,254.0,5.0,18.0,0.0027397260273972603,254.0,64642.99999999999
35135685,Two Beds ROOM | Private Bathroom,Manhattan,Hell's Kitchen,40.75569,-73.99537,254.0,5.0,1.0,0.0027397260273972603,254.0,64642.99999999999
16843509,"Cozy room for one JFK, LGA & subway to Manhattan",Queens,Jamaica,40.68739,-73.80555,259.0,5.0,36.0,0.01643835616438356,1553.9999999999998,64620.5
1125604,The Brownstone-Luxury 1 Bd Apt/NYC,Manhattan,Harlem,40.80931,-73.94343,823.0,5.0,222.0,0.4849315068493151,145671.0,64605.49999999997
41621896,Family Studio beside Empire State #53,Manhattan,Midtown,40.74793,-73.98834,438.0,5.0,3.0,0.2958904109589041,47304.0,64604.999999999985
17896193,Family Studio beside Empire State #53,Manhattan,Midtown,40.74793,-73.98834,438.0,5.0,3.0,0.2958904109589041,47304.0,64604.999999999985
52654089,Family Studio beside Empire State #53,Manhattan,Midtown,40.74793,-73.98834,438.0,5.0,3.0,0.2958904109589041,47304.0,64604.999999999985
43343968,High End 4 bedroom in best location in Ditmas Park,Brooklyn,Flatbush,40.63766,-73.96611,388.0,5.0,102.0,0.24383561643835616,34532.0,64601.999999999985
11772291,High End 4 bedroom in best location in Ditmas Park,Brooklyn,Flatbush,40.63766,-73.96611,388.0,5.0,102.0,0.24383561643835616,34532.0,64601.999999999985
50334981,High End 4 bedroom in best location in Ditmas Park,Brooklyn,Flatbush,40.63766,-73.96611,388.0,5.0,102.0,0.24383561643835616,34532.0,64601.999999999985
4547654,"Great bright 1BR,in true BK style",Brooklyn,Williamsburg,40.71596,-73.95876,273.0,5.0,22.0,0.052054794520547946,5187.0,64564.5
36415364,mi casa tu casa,Bronx,Kingsbridge,40.86457,-73.89998,264.0,5.0,1.0,0.030136986301369864,2904.0,64548.0
37934189,Huge Private Room/Suite @ Ferry.,Staten Island,St. George,40.64584,-74.0792,540.0,5.0,1.0,0.3726027397260274,73440.00000000001,64529.999999999985
53832145,Big private room in Sunnyside NYC 7 min Subway,Queens,Sunnyside,40.73575,-73.9206,374.0,5.0,12.0,0.2273972602739726,31042.0,64515.0
19074249,Big private room in Sunnyside NYC 7 min Subway,Queens,Sunnyside,40.73575,-73.9206,374.0,5.0,12.0,0.2273972602739726,31042.0,64515.0
27076524,"3 bedroom beautiful, cozy apt close to Times Sq.",Queens,Sunnyside,40.74174,-73.90817,305.0,5.0,1.0,0.12054794520547946,13420.0,64507.5
8663946,Cozy bedroom in Astoria,Queens,Astoria,40.75869,-73.91899,367.0,5.0,5.0,0.2191780821917808,29360.0,64408.499999999985
25373783,Large one of a kind designer loft in Williamsburg!,Brooklyn,Williamsburg,40.71902,-73.96414,820.0,5.0,4.0,0.4849315068493151,145140.0,64370.0
49438598,"1br Apartment EastVillage,Manhattan",Manhattan,East Village,40.72379,-73.98224,319.0,5.0,76.0,0.14794520547945206,17226.0,64278.5
10875908,"1br Apartment EastVillage,Manhattan",Manhattan,East Village,40.72379,-73.98224,319.0,5.0,76.0,0.14794520547945206,17226.0,64278.5
35915533,Spacious and affordable private room in Woodside,Queens,Woodside,40.74202,-73.89363,377.0,5.0,10.0,0.2328767123287671,32044.999999999996,64278.499999999985
35386429,2BR Flex w/CV: Cleaning CDC guidelines implemented,Brooklyn,Greenpoint,40.72756,-73.9407,500.0,5.0,16.0,0.34794520547945207,63500.0,64250.0
3058654,"Upper E. side, one month minimum",Manhattan,Upper East Side,40.78158,-73.94808,372.0,5.0,3.0,0.2273972602739726,30876.0,64169.999999999985
8779377,"East Village 3 Beds, 2 bedrooms. Sleeps 5  MAX",Manhattan,East Village,40.7276,-73.98635,586.0,5.0,101.0,0.4,85556.0,64167.0
48379839,BayRidge Brooklyn Apartment,Brooklyn,Fort Hamilton,40.61707,-74.03473,376.0,5.0,1.0,0.2328767123287671,31960.0,64108.0
9817149,BayRidge Brooklyn Apartment,Brooklyn,Fort Hamilton,40.61707,-74.03473,376.0,5.0,1.0,0.2328767123287671,31960.0,64108.0
30055630,Bright 2BR in Williamsburg (Steps to the Subway!),Brooklyn,Williamsburg,40.71283,-73.94781,361.0,5.0,14.0,0.2136986301369863,28158.0,64077.5
32897213,Two bedroom apt in the heart of Williamsburg .,Brooklyn,Williamsburg,40.7102,-73.96058,664.0,5.0,5.0,0.43561643835616437,105576.0,64075.99999999997
37900499,Alexander's 2BR Quarters,Brooklyn,Bedford-Stuyvesant,40.68766,-73.93861,569.0,5.0,151.0,0.3917808219178082,81367.0,64012.49999999997
7083816,Brooklyn Basement Apartment,Brooklyn,Kensington,40.64291,-73.97928,382.0,5.0,1.0,0.2410958904109589,33616.0,63984.999999999985
9886738,All New Garden Apartment,Brooklyn,Crown Heights,40.67968,-73.9595,804.0,5.0,132.0,0.4821917808219178,141504.0,63917.99999999997
48449429,All New Garden Apartment,Brooklyn,Crown Heights,40.67968,-73.9595,804.0,5.0,132.0,0.4821917808219178,141504.0,63917.99999999997
33847722,Private room for 1 w/XL Full sized bed & Fan: RM3,Brooklyn,Bedford-Stuyvesant,40.68304,-73.91458,308.0,5.0,13.0,0.13150684931506848,14783.999999999998,63910.0
21075784,Cozy nook in Bronx 5 mins from Botanical Gardens!,Bronx,Fordham,40.86777,-73.88397,253.0,5.0,2.0,0.00821917808219178,758.9999999999999,63882.5
55833680,Cozy nook in Bronx 5 mins from Botanical Gardens!,Bronx,Fordham,40.86777,-73.88397,253.0,5.0,2.0,0.00821917808219178,758.9999999999999,63882.5
35487500,Cozy Place,Staten Island,Rossville,40.5479,-74.21088,408.0,5.0,49.0,0.27123287671232876,40392.0,63851.999999999985
30061153,"Spacious 1-bedroom apartment Brooklyn, NY!",Brooklyn,Crown Heights,40.67531,-73.9426,300.0,5.0,10.0,0.1178082191780822,12899.999999999998,63750.0
1856296,NYC 1st Shipping Container Home,Brooklyn,Williamsburg,40.70995,-73.95536,822.0,5.0,404.0,0.4876712328767123,146316.0,63705.0
17658704,"Convenient, Quiet and Sunny 1 BR Condo in Flushing",Queens,Flushing,40.76105,-73.82317,520.0,5.0,4.0,0.3643835616438356,69160.0,63700.0
52416600,"Convenient, Quiet and Sunny 1 BR Condo in Flushing",Queens,Flushing,40.76105,-73.82317,520.0,5.0,4.0,0.3643835616438356,69160.0,63700.0
41384407,"Convenient, Quiet and Sunny 1 BR Condo in Flushing",Queens,Flushing,40.76105,-73.82317,520.0,5.0,4.0,0.3643835616438356,69160.0,63700.0
4900574,Charming Townhouse Near RSD Park!  2 Bedroom Apt,Manhattan,Upper West Side,40.78305,-73.98398,316.0,5.0,16.0,0.14794520547945206,17064.0,63674.0
29762359,Great Location w/ Backyard Short Walk to Times Sq,Manhattan,Hell's Kitchen,40.76007,-73.99137,843.0,5.0,70.0,0.4931506849315068,151739.99999999997,63646.5
7778609,Charming Tenament Apt Great View,Manhattan,East Village,40.72776,-73.98328,627.0,5.0,1.0,0.42191780821917807,96558.0,63640.5
28536253,Room c,Queens,Long Island City,40.75595,-73.93662,319.0,5.0,28.0,0.15342465753424658,17864.000000000004,63640.5
7342292,Big Bright Room in Bushwick NEXT to L and M Train,Brooklyn,Bushwick,40.69744,-73.90773,480.0,5.0,57.0,0.336986301369863,59040.0,63600.0
5701409,Harlem luxury w/ great amenities!,Manhattan,Harlem,40.82589,-73.95094,780.0,5.0,126.0,0.4767123287671233,135720.0,63570.0
22814977,Spacious Bedroom in the heart of Fort Greene 1L-3,Brooklyn,Fort Greene,40.69691,-73.97376,575.0,5.0,1.0,0.3972602739726027,83375.0,63537.5
6175282,New/spacious 2 bedrooom 1.5 bath!,Manhattan,Washington Heights,40.83524,-73.943,364.0,5.0,1.0,0.2219178082191781,29484.0,63518.0
25087139,Private room in Mckibbin Lofts. Rooftop access,Brooklyn,Williamsburg,40.70621,-73.93663,665.0,5.0,18.0,0.4383561643835616,106399.99999999999,63507.499999999985
36751163,Panoramic Water Views  |  Luxury building Studio,Manhattan,Financial District,40.70795,-74.00974,672.0,5.0,1.0,0.4410958904109589,108192.00000000001,63503.999999999985
21690494,Amazing one bedroom for a getaway in Brooklyn,Brooklyn,Flatbush,40.63919,-73.95219,494.0,5.0,2.0,0.34794520547945207,62738.0,63478.999999999985
42559150,Spacious Luxury 2B2B in the Heart of Manhattan,Manhattan,Midtown,40.74362,-73.98207,465.0,5.0,13.0,0.32602739726027397,55334.99999999999,63472.50000000001
30432298,Modern 1 Bedroom 5FL with Marble Bathroom,Manhattan,Upper East Side,40.7614,-73.96526,619.0,5.0,2.0,0.4191780821917808,94707.00000000001,63447.499999999956
23668280,Bright High Ceiling Bedroom in East Williamsburg,Brooklyn,Williamsburg,40.70754,-73.94228,701.0,5.0,6.0,0.4520547945205479,115665.0,63440.5
36357925,Private 1Br with Balcony + Laundry + Dishwasher,Queens,Ditmars Steinway,40.77707,-73.90232,535.0,5.0,1.0,0.37534246575342467,73295.0,63397.5
35371517,EXTREMELY CLEAN 2 BEDROOMS PRIVATE,Queens,Ozone Park,40.68311,-73.85361,248.0,5.0,3.0,0.0,0.0,63364.0
26079070,prime central park location - 2 mins to subway,Manhattan,East Harlem,40.79247,-73.94892,513.0,5.0,8.0,0.36164383561643837,67716.0,63355.499999999985
31322054,CHARMING  ROOM CLOSE TO MANHATTAN,Queens,Astoria,40.76795,-73.92312,367.0,5.0,185.0,0.2273972602739726,30461.0,63307.499999999985
34395603,"✴Comfy 2BR, Work Collection /(Long-term Flex)",Brooklyn,Prospect Heights,40.67565,-73.96431,656.0,5.0,17.0,0.43561643835616437,104304.0,63304.0
10922301,Chic pied-a-terre w/ terrace -15mins to Manhattan,Queens,Astoria,40.7671,-73.91261,409.0,5.0,64.0,0.27671232876712326,41309.0,63190.499999999985
49484992,Chic pied-a-terre w/ terrace -15mins to Manhattan,Queens,Astoria,40.7671,-73.91261,409.0,5.0,64.0,0.27671232876712326,41309.0,63190.499999999985
28907950,Entire rental unit:Lovely3-Bedroom Apt in Bushwick,Brooklyn,Bushwick,40.6938,-73.90625,714.0,5.0,7.0,0.4575342465753425,119238.0,63188.99999999997
35108623,Superior @ The Box House Hotel,Brooklyn,Greenpoint,40.73823,-73.95492,473.0,5.0,1.0,0.33424657534246577,57706.00000000001,63145.49999999998
40018570,Private Room In a Modern Loft,Brooklyn,Williamsburg,40.7084,-73.94153,443.0,5.0,148.0,0.3095890410958904,50059.0,63127.499999999985
32729866,Lovely 1-bedroom Loft Space In Queens By Airports,Queens,Kew Gardens,40.70359,-73.83498,248.0,5.0,3.0,0.0027397260273972603,248.0,63116.0
41416993,"HARLEM HOME AWAY FROM HOME , SHORT - EXTENDED STAY",Manhattan,Harlem,40.80497,-73.94952,336.0,5.0,7.0,0.1863013698630137,22848.000000000004,63000.0
17691290,"HARLEM HOME AWAY FROM HOME , SHORT - EXTENDED STAY",Manhattan,Harlem,40.80497,-73.94952,336.0,5.0,7.0,0.1863013698630137,22848.000000000004,63000.0
52449186,"HARLEM HOME AWAY FROM HOME , SHORT - EXTENDED STAY",Manhattan,Harlem,40.80497,-73.94952,336.0,5.0,7.0,0.1863013698630137,22848.000000000004,63000.0
41579369,"Large, Sunny Private Bedroom in Kingsbridge, Bronx",Bronx,Fordham,40.86737,-73.89415,720.0,5.0,14.0,0.4602739726027397,120960.0,62999.99999999997
17853666,"Large, Sunny Private Bedroom in Kingsbridge, Bronx",Bronx,Fordham,40.86737,-73.89415,720.0,5.0,14.0,0.4602739726027397,120960.0,62999.99999999997
52611562,"Large, Sunny Private Bedroom in Kingsbridge, Bronx",Bronx,Fordham,40.86737,-73.89415,720.0,5.0,14.0,0.4602739726027397,120960.0,62999.99999999997
42859601,"3-Bedroom Apartment, 10 Minutes from Manhattan",Queens,Astoria,40.75539,-73.91709,479.0,5.0,7.0,0.33972602739726027,59396.0,62988.499999999985
11287924,"3-Bedroom Apartment, 10 Minutes from Manhattan",Queens,Astoria,40.75539,-73.91709,479.0,5.0,7.0,0.33972602739726027,59396.0,62988.499999999985
49850614,"3-Bedroom Apartment, 10 Minutes from Manhattan",Queens,Astoria,40.75539,-73.91709,479.0,5.0,7.0,0.33972602739726027,59396.0,62988.499999999985
34155353,"4bdr Apartment, Hudson Yards, 53E",Manhattan,Hell's Kitchen,40.756,-73.9964,365.0,5.0,17.0,0.2273972602739726,30295.0,62962.499999999985
35742111,Your Haven in the Upper West Side,Manhattan,Harlem,40.80592,-73.95172,608.0,5.0,24.0,0.41643835616438357,92416.0,62928.0
28972570,Lovely 3 bedroom rental unit with free parking,Queens,Arverne,40.59654,-73.79913,461.0,5.0,6.0,0.32602739726027397,54859.0,62926.5
6692788,The City Farmhouse APT B **MONTHLY RENTALS**,Queens,Astoria,40.75837,-73.91387,320.0,5.0,61.0,0.16164383561643836,18880.0,62880.0
35968001,"Cozy 1 Bed Garden
Pets 4/20
French Italian Spanish",Brooklyn,Crown Heights,40.67405,-73.95995,268.0,5.0,2.0,0.057534246575342465,5628.0,62846.0
6577357,Harlem's Finest Beautiful Garden Apt w/Backyard!,Manhattan,Harlem,40.80739,-73.94196,352.0,5.0,91.0,0.21095890410958903,27104.0,62831.999999999985
2472663,Family-Friendly Artist Loft in West Village,Manhattan,West Village,40.73721,-74.00973,297.0,5.0,1.0,0.12054794520547946,13068.0,62815.499999999985
21429808,Private community close to all the NYC & NJ action,Staten Island,Rosebank,40.60816,-74.07634,456.0,5.0,19.0,0.3232876712328767,53808.00000000001,62699.99999999999
39939591,Manhattan NYC - The Blue Room,Manhattan,Harlem,40.82865,-73.94621,357.0,5.0,61.0,0.2191780821917808,28559.999999999996,62653.499999999985
34789393,1st Floor Entire 2 Bedroom Cozy & Clean Apartment,Brooklyn,Bedford-Stuyvesant,40.68118,-73.94533,267.0,5.0,56.0,0.057534246575342465,5607.0,62611.499999999985
34154800,"Midtown/Hudson Yards private room ,41d3",Manhattan,Hell's Kitchen,40.75569,-73.99831,257.0,5.0,10.0,0.03287671232876712,3083.9999999999995,62579.499999999985
31466756,Quiet Room at walking distance to Central Park!,Manhattan,Harlem,40.81667,-73.94253,258.0,5.0,94.0,0.03561643835616438,3354.0000000000005,62565.0
3038771,Sunny Room in Beautiful Artist's Home,Manhattan,Washington Heights,40.83426,-73.94758,439.0,5.0,17.0,0.3095890410958904,49607.0,62557.499999999985
38001570,Luxury High end Studio Midtown,Manhattan,Midtown,40.75404,-73.96265,259.0,5.0,2.0,0.038356164383561646,3626.0000000000005,62548.5
24382957,Luxurious 1BR Gorgeous City View High Elevation,Manhattan,Hell's Kitchen,40.76195,-73.98771,610.0,5.0,14.0,0.4191780821917808,93330.0,62525.0
42391803,Luxurious 1BR Gorgeous City View High Elevation,Manhattan,Hell's Kitchen,40.76195,-73.98771,610.0,5.0,14.0,0.4191780821917808,93330.0,62525.0
39488362,"Warm, Comfortable, Inviting Home",Brooklyn,Flatlands,40.61676,-73.92552,298.0,5.0,219.0,0.12602739726027398,13708.0,62431.0
36467281,Newly Furnished Beautiful & Quiet,Brooklyn,Fort Hamilton,40.6189,-74.03154,586.0,5.0,34.0,0.40821917808219177,87314.0,62409.0
42941341,"Ultramodern Luxury 1 BR w/ Terrace, Crown Heights",Brooklyn,Crown Heights,40.67162,-73.95009,279.0,5.0,19.0,0.08767123287671233,8928.0,62356.5
11369664,"Ultramodern Luxury 1 BR w/ Terrace, Crown Heights",Brooklyn,Crown Heights,40.67162,-73.95009,279.0,5.0,19.0,0.08767123287671233,8928.0,62356.5
49932355,"Ultramodern Luxury 1 BR w/ Terrace, Crown Heights",Brooklyn,Crown Heights,40.67162,-73.95009,279.0,5.0,19.0,0.08767123287671233,8928.0,62356.5
14676836,"@Ferry,Large Private Rm,Renovated/Stylish,Views...",Staten Island,St. George,40.64478,-74.07897,711.0,5.0,63.0,0.4602739726027397,119448.0,62212.5
46248514,"@Ferry,Large Private Rm,Renovated/Stylish,Views...",Staten Island,St. George,40.64478,-74.07897,711.0,5.0,63.0,0.4602739726027397,119448.0,62212.5
21540821,Nice room available in Astoria for the holidays!,Queens,Astoria,40.7673,-73.91194,792.0,5.0,3.0,0.4849315068493151,140184.0,62172.0
29544200,Royal Oxford,Staten Island,Tompkinsville,40.63395,-74.08691,254.0,5.0,88.0,0.030136986301369864,2794.0,62102.99999999999
8455177,Room Near JFK Twin Beds,Queens,Jamaica,40.66939,-73.76975,295.0,5.0,576.0,0.1232876712328767,13274.999999999998,62097.5
4853629,"Enjoy Central Park,",Manhattan,Upper East Side,40.77595,-73.95573,316.0,5.0,28.0,0.16164383561643836,18644.0,62094.0
36418678,"Bushwick + exposed brick, 23 min to Manhattan #96",Brooklyn,Bushwick,40.69648,-73.90592,243.0,5.0,1.0,0.0,0.0,62086.5
8338089,Artistic! Sunny! 1BR Brownstone Apt,Brooklyn,Bedford-Stuyvesant,40.68357,-73.93176,331.0,5.0,1.0,0.1863013698630137,22508.0,62062.5
5749459,Sunny&Stylish 1BR★Terrace★Doorman,Manhattan,Lower East Side,40.71966,-73.99236,537.0,5.0,5.0,0.3835616438356164,75180.0,62023.5
49630246,Queens Village Vacation Getaway,Queens,Queens Village,40.71168,-73.74037,275.0,5.0,152.0,0.0821917808219178,8249.999999999998,62012.5
11067556,Queens Village Vacation Getaway,Queens,Queens Village,40.71168,-73.74037,275.0,5.0,152.0,0.0821917808219178,8249.999999999998,62012.5
23336348,"Stay like a NYker - Cheap, clean and close to All",Queens,Elmhurst,40.74057,-73.86975,510.0,5.0,17.0,0.36712328767123287,68340.0,61965.0
3544678,SOHO Studio Best Location,Manhattan,Nolita,40.72243,-73.99655,620.0,5.0,3.0,0.4273972602739726,96720.00000000001,61689.999999999985
32542084,Large & Quiet 2 Bedroom Oasis in Top East Village,Manhattan,East Village,40.72251,-73.97956,293.0,5.0,28.0,0.1232876712328767,13184.999999999998,61676.5
35154463,Beautiful Large Studio in the Heart of Park Slope,Brooklyn,Park Slope,40.67123,-73.9779,674.0,5.0,11.0,0.44931506849315067,110535.99999999999,61670.999999999985
4603437,Beautiful Brooklyn Apartment Share (Purple Room),Brooklyn,Bushwick,40.69439,-73.9068,579.0,5.0,5.0,0.40821917808219177,86271.0,61663.49999999997
33247372,Gorgeous Condo in Wall St,Manhattan,Financial District,40.70632,-74.01219,444.0,5.0,13.0,0.32054794520547947,51948.00000000001,61493.99999999998
37205706,NEW_Duplex_BreathtakingViews_Beauty,Manhattan,Hell's Kitchen,40.7665,-73.98844,346.0,5.0,16.0,0.2136986301369863,26988.000000000004,61415.0
16516548,Bed-Stuy modern one bedroom plus private bathroom,Brooklyn,Bedford-Stuyvesant,40.69687,-73.94111,240.0,5.0,4.0,0.0,0.0,61320.0
30514591,Charming 1875 Victorian,Brooklyn,Crown Heights,40.67742,-73.9448,743.0,5.0,100.0,0.473972602739726,128538.99999999999,61297.500000000015
39295057,Two Bridges District Chinatown NYC,Manhattan,Chinatown,40.71668,-73.99073,504.0,5.0,162.0,0.36712328767123287,67536.0,61235.999999999985
6018429,Large Room in Central Apt,Manhattan,Upper West Side,40.801,-73.96647,559.0,5.0,76.0,0.4,81614.00000000001,61210.499999999956
41046952,Cute East Village 2 Bedroom Apt.,Manhattan,East Village,40.72504,-73.97905,381.0,5.0,146.0,0.2602739726027397,36195.0,61150.5
2110907,2 Bedroom Bushwick Apartment,Brooklyn,Bushwick,40.69982,-73.91957,520.0,5.0,106.0,0.3780821917808219,71760.0,61100.0
7589723,"1BR steps from park, museums, more",Manhattan,Upper East Side,40.78397,-73.95041,273.0,5.0,18.0,0.08767123287671233,8736.0,61015.5
7112536,BedStuy's Chillest,Brooklyn,Bedford-Stuyvesant,40.69562,-73.94734,259.0,5.0,9.0,0.0547945205479452,5180.0,60994.5
54690419,"Convenience, comfort & charm on the Upper West",Manhattan,Upper West Side,40.78461,-73.98078,578.0,5.0,2.0,0.410958904109589,86700.0,60979.0
19932523,"Convenience, comfort & charm on the Upper West",Manhattan,Upper West Side,40.78461,-73.98078,578.0,5.0,2.0,0.410958904109589,86700.0,60979.0
38858187,<3 Summer in East Village! BEST DEAL,Manhattan,East Village,40.72653,-73.98539,382.0,5.0,33.0,0.26301369863013696,36672.0,60928.999999999985
30700164,La Casa in Brooklyn: Stylish Apt. with Patio,Brooklyn,Crown Heights,40.67088,-73.94727,583.0,5.0,190.0,0.4136986301369863,88033.0,60923.5
3172427,"Guest rm, 2 stops from GrandCentral",Queens,Long Island City,40.74955,-73.95081,673.0,5.0,37.0,0.4520547945205479,111044.99999999999,60906.500000000015
30914456,Entire 1 Bedroom Apartment in Parkchester,Bronx,Parkchester,40.83825,-73.85484,323.0,5.0,22.0,0.18356164383561643,21641.0,60885.5
27031787,Luggage storage only No Beds Available.,Brooklyn,Fort Hamilton,40.61819,-74.03296,250.0,5.0,1.0,0.03287671232876712,2999.9999999999995,60875.0
7257790,Large Serene Garden Apartment Historic Harlem,Manhattan,Harlem,40.81057,-73.94565,251.0,5.0,3.0,0.03561643835616438,3263.0,60867.49999999999
10108211,Doorman Lux Huge Studio Prime 5176,Manhattan,Theater District,40.76264,-73.98569,665.0,5.0,3.0,0.44931506849315067,109059.99999999999,60847.499999999985
48670901,Doorman Lux Huge Studio Prime 5176,Manhattan,Theater District,40.76264,-73.98569,665.0,5.0,3.0,0.44931506849315067,109059.99999999999,60847.499999999985
7739948,Bedroom in spacious apt w/ backyard,Manhattan,East Village,40.724,-73.98376,536.0,5.0,1.0,0.38904109589041097,76112.0,60836.0
47544209,Renovated Large Studio Apartment,Manhattan,Upper West Side,40.79153,-73.97174,703.0,5.0,3.0,0.46301369863013697,118806.99999999999,60809.500000000015
8981519,Renovated Large Studio Apartment,Manhattan,Upper West Side,40.79153,-73.97174,703.0,5.0,3.0,0.46301369863013697,118806.99999999999,60809.500000000015
37139982,"Huge Fort Greene Loft, Prime!",Brooklyn,Fort Greene,40.69191,-73.97285,404.0,5.0,16.0,0.2876712328767123,42420.0,60801.999999999985
24485684,Spend a Night or Seven with a Living NYC Artist!,Bronx,Morris Heights,40.84615,-73.91546,462.0,5.0,25.0,0.33972602739726027,57288.0,60752.999999999985
42494530,Spend a Night or Seven with a Living NYC Artist!,Bronx,Morris Heights,40.84615,-73.91546,462.0,5.0,25.0,0.33972602739726027,57288.0,60752.999999999985
31047008,"1 min walk to Times Square,Share Apt, Amazing View",Manhattan,Theater District,40.75983,-73.98777,495.0,5.0,81.0,0.3643835616438356,65835.0,60637.5
48324057,Spacious East Village Bedroom,Manhattan,East Village,40.72817,-73.98041,380.0,5.0,18.0,0.26301369863013696,36479.99999999999,60610.00000000001
9761366,Spacious East Village Bedroom,Manhattan,East Village,40.72817,-73.98041,380.0,5.0,18.0,0.26301369863013696,36479.99999999999,60610.00000000001
33445647,Cozy with Great location !!,Brooklyn,Sheepshead Bay,40.60005,-73.95589,237.0,5.0,181.0,0.0,0.0,60553.49999999999
55786735,Cozy room by South Seaport,Manhattan,Financial District,40.70417,-74.00928,706.0,5.0,31.0,0.4657534246575342,120019.99999999999,60363.000000000015
22215731,*Groovy Budget room for the traveler!,Brooklyn,Bedford-Stuyvesant,40.68052,-73.91216,239.0,5.0,5.0,0.00821917808219178,716.9999999999999,60347.49999999999
32999389,"Charming Private Room at Times SQ, Boutique Hotel.",Manhattan,Theater District,40.76127,-73.98575,237.0,5.0,10.0,0.0027397260273972603,237.0,60316.49999999999
16742991,Aquamarine Bedroom,Brooklyn,Bedford-Stuyvesant,40.69459,-73.95551,336.0,5.0,22.0,0.20821917808219179,25536.0,60312.0
31856128,west village 1BR!best value!,Manhattan,West Village,40.73368,-74.00797,445.0,5.0,22.0,0.3287671232876712,53400.0,60297.5
37961804,"NYC 30 min by Subway, Brooklyn 2",Brooklyn,Brighton Beach,40.58294,-73.96384,680.0,5.0,73.0,0.4575342465753425,113560.00000000001,60179.999999999956
7758727,Amazing 1BR Apt in the heart of East Village,Manhattan,East Village,40.72636,-73.98454,680.0,5.0,51.0,0.4575342465753425,113560.00000000001,60179.999999999956
1413352,"Private Room Very Near L train, Bushwick",Brooklyn,Bushwick,40.70278,-73.92673,370.0,5.0,21.0,0.2547945205479452,34410.0,60125.0
19297378,15 Mins to Rockefeller Center!,Bronx,Concourse,40.83193,-73.92223,240.0,5.0,29.0,0.0136986301369863,1200.0,60120.0
54055274,15 Mins to Rockefeller Center!,Bronx,Concourse,40.83193,-73.92223,240.0,5.0,29.0,0.0136986301369863,1200.0,60120.0
6424922,Top Floor Brownstone - Park Slope,Brooklyn,South Slope,40.66671,-73.98172,623.0,5.0,5.0,0.43561643835616437,99056.99999999999,60119.500000000015
20404187,Spacious Lower East Side Room,Manhattan,Lower East Side,40.72093,-73.98596,765.0,5.0,17.0,0.4849315068493151,135405.0,60052.5
55162083,Spacious Lower East Side Room,Manhattan,Lower East Side,40.72093,-73.98596,765.0,5.0,17.0,0.4849315068493151,135405.0,60052.5
20404187,Spacious Lower East Side Room,Manhattan,Lower East Side,40.72093,-73.98596,765.0,5.0,17.0,0.4849315068493151,135405.0,60052.5
29973889,Home away from home,Brooklyn,East New York,40.65953,-73.89367,256.0,5.0,14.0,0.057534246575342465,5376.0,60031.99999999999
22926541,The Williamsburg Urban Haven,Brooklyn,Williamsburg,40.71408,-73.95501,482.0,5.0,37.0,0.3589041095890411,63142.0,60008.999999999985
53562622,A NYC apartment,Brooklyn,Bedford-Stuyvesant,40.6811,-73.94541,376.0,5.0,2.0,0.26301369863013696,36096.0,59972.0
18804727,A NYC apartment,Brooklyn,Bedford-Stuyvesant,40.6811,-73.94541,376.0,5.0,2.0,0.26301369863013696,36096.0,59972.0
33114267,Wanderlust. A perfect private space to unwind.,Queens,Woodside,40.74395,-73.89418,470.0,5.0,315.0,0.3506849315068493,60160.0,59925.0
29003498,Entire place just for you,Brooklyn,Bensonhurst,40.6075,-73.99717,245.0,5.0,4.0,0.030136986301369864,2695.0000000000005,59902.5
2379325,nice room in bedstuy H,Brooklyn,Bedford-Stuyvesant,40.6824,-73.95039,497.0,5.0,127.0,0.3698630136986301,67094.99999999999,59888.5
30353320,Broadway Location Midtown Studio,Manhattan,Midtown,40.74811,-73.98664,283.0,5.0,69.0,0.12054794520547946,12452.0,59854.5
14606694,Cozy private room in Williamsburg,Brooklyn,Williamsburg,40.71262,-73.94156,432.0,5.0,1.0,0.32054794520547947,50544.0,59831.999999999985
46178371,Cozy private room in Williamsburg,Brooklyn,Williamsburg,40.71262,-73.94156,432.0,5.0,1.0,0.32054794520547947,50544.0,59831.999999999985
34329880,Large 2 Bedroom Eloquent NYC Apartment,Manhattan,Harlem,40.83052,-73.94758,329.0,5.0,8.0,0.20273972602739726,24346.0,59713.5
5719635,WoodyAllen FilmSet-Like Digs (Room),Brooklyn,Williamsburg,40.70664,-73.95399,741.0,5.0,13.0,0.4794520547945205,129675.0,59650.49999999997
8339194,1 bd available in 3bd apt in UWS,Manhattan,Upper West Side,40.78347,-73.97748,293.0,5.0,2.0,0.14246575342465753,15235.999999999998,59625.5
34131604,Amazing Oasis,Queens,Laurelton,40.6783,-73.73684,486.0,5.0,54.0,0.3643835616438356,64638.0,59535.0
8018860,Unique Duplex Loft Private Roof,Manhattan,Nolita,40.72116,-73.9959,502.0,5.0,23.0,0.37534246575342467,68774.0,59486.999999999985
6027266,ACADIA Spacious 2 Bedroom Apt - Close to Hospitals,Manhattan,Upper East Side,40.76021,-73.96157,586.0,5.0,10.0,0.42191780821917807,90244.0,59479.0
6027266,ACADIA Spacious 2 Bedroom Apt - Close to Hospitals,Manhattan,Upper East Side,40.76021,-73.96157,586.0,5.0,10.0,0.42191780821917807,90244.0,59479.0
51516351,Chic Space in Chelsea,Manhattan,Chelsea,40.7435,-74.00119,417.0,5.0,128.0,0.3095890410958904,47121.00000000001,59422.49999999998
12953660,Chic Space in Chelsea,Manhattan,Chelsea,40.7435,-74.00119,417.0,5.0,128.0,0.3095890410958904,47121.00000000001,59422.49999999998
57185710,Chic Space in Chelsea,Manhattan,Chelsea,40.7435,-74.00119,417.0,5.0,128.0,0.3095890410958904,47121.00000000001,59422.49999999998
44525338,Chic Space in Chelsea,Manhattan,Chelsea,40.7435,-74.00119,417.0,5.0,128.0,0.3095890410958904,47121.00000000001,59422.49999999998
5291050,CHARMING ROOM W/ ROOF DECK ACCESS 1 :),Brooklyn,Bedford-Stuyvesant,40.69498,-73.96002,392.0,5.0,35.0,0.28493150684931506,40768.0,59387.999999999985
1787811,Apt Near Central Park & Columbia!,Manhattan,Upper West Side,40.79913,-73.96057,649.0,5.0,19.0,0.44931506849315067,106436.0,59383.49999999997
35127401,Manhattan Hideaway,Manhattan,Upper East Side,40.77982,-73.94668,397.0,5.0,2.0,0.29041095890410956,42081.99999999999,59351.49999999999
6371901,Chic pad steps from Prospect Park,Brooklyn,Prospect-Lefferts Gardens,40.66037,-73.95901,552.0,5.0,7.0,0.4054794520547945,81696.0,59340.0
8524767,great private room,Manhattan,Roosevelt Island,40.76882,-73.94315,527.0,5.0,7.0,0.3917808219178082,75361.0,59287.5
29939647,Sunny Room in a Cozy & Spacious Apartment,Brooklyn,Sunset Park,40.66171,-73.99067,270.0,5.0,132.0,0.09863013698630137,9720.0,59265.0
36205490,Prolonged Traveler's Dream (a month first & more),Bronx,Hunts Point,40.81288,-73.88736,259.0,5.0,23.0,0.07397260273972603,6993.0,59181.5
16475677,Executive Museum 1 BR Elevator Best Location,Manhattan,Upper West Side,40.78383,-73.97529,309.0,5.0,8.0,0.17534246575342466,19776.0,59173.5
6672352,Cozy artsy space in Brooklyn,Brooklyn,Crown Heights,40.67082,-73.9278,613.0,5.0,39.0,0.43561643835616437,97466.99999999999,59154.500000000015
56097679,Chic Bedford Studio,Brooklyn,Bedford-Stuyvesant,40.68561,-73.95431,535.0,5.0,13.0,0.3972602739726027,77575.0,59117.5
11865629,Chic Bedford Studio,Brooklyn,Bedford-Stuyvesant,40.68561,-73.95431,535.0,5.0,13.0,0.3972602739726027,77575.0,59117.5
43437307,Chic Bedford Studio,Brooklyn,Bedford-Stuyvesant,40.68561,-73.95431,535.0,5.0,13.0,0.3972602739726027,77575.0,59117.5
50428320,Chic Bedford Studio,Brooklyn,Bedford-Stuyvesant,40.68561,-73.95431,535.0,5.0,13.0,0.3972602739726027,77575.0,59117.5
34921945,"Spotlessly clean one bedroom, ten minutes to ferry",Staten Island,West Brighton,40.63042,-74.10299,385.0,5.0,3.0,0.27945205479452057,39270.00000000001,59097.49999999999
5938346,Convenient Room In Greenpoint,Brooklyn,Greenpoint,40.73376,-73.95443,645.0,5.0,2.0,0.44931506849315067,105780.0,59017.49999999997
21047065,Prolonged Traveler's Dream (a month first & more),Bronx,Hunts Point,40.81377,-73.88933,279.0,5.0,3.0,0.12054794520547946,12276.0,59008.5
55804960,Prolonged Traveler's Dream (a month first & more),Bronx,Hunts Point,40.81377,-73.88933,279.0,5.0,3.0,0.12054794520547946,12276.0,59008.5
2273835,Harlem Short Term Stay,Manhattan,Harlem,40.80477,-73.9512,318.0,5.0,37.0,0.1917808219178082,22259.999999999996,58989.0
31113837,Family Perfect Room - 2 Full Beds,Manhattan,Hell's Kitchen,40.75562,-73.9933,336.0,5.0,14.0,0.2191780821917808,26880.0,58968.0
34835786,Sophisticated Upper East Apt Best Location,Manhattan,Upper East Side,40.77364,-73.95701,265.0,5.0,9.0,0.09041095890410959,8745.0,58962.5
16372950,Cozy Affordable room in Brooklyn,Brooklyn,Bedford-Stuyvesant,40.6786,-73.9255,791.0,5.0,13.0,0.4958904109589041,143171.0,58929.49999999997
2266655,THE PUTNAM,Brooklyn,Bedford-Stuyvesant,40.68674,-73.93845,448.0,5.0,27.0,0.33972602739726027,55552.0,58911.999999999985
39161400,Stunning ! near U.N. & Central Park,Manhattan,Midtown,40.75666,-73.9655,335.0,5.0,17.0,0.2191780821917808,26800.0,58792.499999999985
8720281,Serene luxury in Harlem,Manhattan,Harlem,40.80708,-73.95211,476.0,5.0,10.0,0.36164383561643837,62832.0,58786.0
39583357,Artist's Jungle Suite + Private Bathroom,Brooklyn,Flatbush,40.64073,-73.95832,747.0,5.0,169.0,0.4849315068493151,132219.0,58639.5
6319985,2 Bedroom in Heart of Williamsburg,Brooklyn,Williamsburg,40.71452,-73.95486,306.0,5.0,1.0,0.17534246575342466,19584.0,58599.0
2091576,Cozy Room in Charming Brownstone,Brooklyn,Sunset Park,40.64902,-74.00897,766.0,5.0,43.0,0.4904109589041096,137114.0,58598.99999999997
39396680,Great find- 2 bedroom apartment in Williamsburg!,Brooklyn,Williamsburg,40.70989,-73.95347,417.0,5.0,1.0,0.3150684931506849,47954.99999999999,58588.49999999999
36830142,Large Private Room in Spacious Apt,Brooklyn,Bushwick,40.69756,-73.90778,256.0,5.0,161.0,0.07397260273972603,6912.0,58495.99999999999
15299831,1630 Madison Avenue 4C,Manhattan,East Harlem,40.79633,-73.94819,570.0,5.0,3.0,0.4191780821917808,87210.0,58425.0
46871508,1630 Madison Avenue 4C,Manhattan,East Harlem,40.79633,-73.94819,570.0,5.0,3.0,0.4191780821917808,87210.0,58425.0
23500381,Room In West Brooklyn,Brooklyn,Bensonhurst,40.61245,-73.99684,434.0,5.0,2.0,0.3315068493150685,52514.00000000001,58372.99999999998
21784937,Beautiful Private Room 20 min to city X,Brooklyn,Bedford-Stuyvesant,40.68921,-73.95035,232.0,5.0,26.0,0.010958904109589041,928.0000000000001,58347.99999999999
35391400,Comfortable place in downtown NYC,Manhattan,Financial District,40.70357,-74.00971,230.0,5.0,26.0,0.005479452054794521,460.0,58305.0
29844651,Luxury Modern Brooklyn Townhouse,Brooklyn,Crown Heights,40.67937,-73.964,637.0,5.0,9.0,0.44931506849315067,104468.0,58285.5
38801853,"Modern Home, Amazing Location Master Suite",Brooklyn,Canarsie,40.64162,-73.90891,229.0,5.0,2.0,0.0027397260273972603,229.0,58280.49999999999
32318955,"Cozy, sparkle clean private studio!",Queens,Cambria Heights,40.70141,-73.72491,292.0,5.0,53.0,0.15342465753424658,16352.000000000002,58253.999999999985
14031198,Workspace Room 1,Brooklyn,Bushwick,40.68615,-73.9141,279.0,5.0,7.0,0.12876712328767123,13112.999999999998,58171.5
45602875,Workspace Room 1,Brooklyn,Bushwick,40.68615,-73.9141,279.0,5.0,7.0,0.12876712328767123,13112.999999999998,58171.5
9107995,3rd Floor 3br Timeless Brooklyn Apt,Brooklyn,Crown Heights,40.67169,-73.94612,705.0,5.0,130.0,0.473972602739726,121965.00000000001,58162.499999999956
47670686,3rd Floor 3br Timeless Brooklyn Apt,Brooklyn,Crown Heights,40.67169,-73.94612,705.0,5.0,130.0,0.473972602739726,121965.00000000001,58162.499999999956
36999145,Midtown West Furnished Luxury 1 Bed / 1 Bath Apt.,Manhattan,Hell's Kitchen,40.76142,-73.98808,622.0,5.0,1.0,0.4438356164383562,100764.0,58157.0
28450646,NEW apt in Central Astoria near Laguardia Airport!,Queens,Ditmars Steinway,40.78061,-73.91619,602.0,5.0,12.0,0.43561643835616437,95718.0,58093.0
5001645,Sunny 2BR Flex w/CityView From Bed!,Brooklyn,Greenpoint,40.72738,-73.94077,284.0,5.0,9.0,0.13972602739726028,14484.0,58078.0
37621588,"Cozy UES 1 Bed w/ Gym, Pool,  Amazing views #6138",Manhattan,Upper East Side,40.78477,-73.94988,759.0,5.0,6.0,0.4904109589041096,135861.0,58063.49999999997
10123675,Garden level apartment in Bed-Stuy,Brooklyn,Bedford-Stuyvesant,40.68378,-73.94118,227.0,5.0,94.0,0.0,0.0,57998.49999999999
48686366,Garden level apartment in Bed-Stuy,Brooklyn,Bedford-Stuyvesant,40.68378,-73.94118,227.0,5.0,94.0,0.0,0.0,57998.49999999999
50044471,Historic Serene Chelsea Brownstone 2.5 Bed,Manhattan,Chelsea,40.74787,-74.00088,338.0,5.0,42.0,0.23013698630136986,28392.0,57967.0
43053458,Historic Serene Chelsea Brownstone 2.5 Bed,Manhattan,Chelsea,40.74787,-74.00088,338.0,5.0,42.0,0.23013698630136986,28392.0,57967.0
11481781,Historic Serene Chelsea Brownstone 2.5 Bed,Manhattan,Chelsea,40.74787,-74.00088,338.0,5.0,42.0,0.23013698630136986,28392.0,57967.0
48397513,Comfortable Sofa bed 15 minutes to Manhattan,Bronx,Parkchester,40.83049,-73.87354,481.0,5.0,9.0,0.3698630136986301,64935.0,57960.5
9834822,Comfortable Sofa bed 15 minutes to Manhattan,Bronx,Parkchester,40.83049,-73.87354,481.0,5.0,9.0,0.3698630136986301,64935.0,57960.5
2302555,Luxury 1 Bedroom Central Park Views,Manhattan,Upper West Side,40.79208,-73.96482,670.0,5.0,24.0,0.46301369863013697,113230.0,57954.99999999997
11706015,"Beautiful Apartment
Great location- Holidays in NY",Brooklyn,Clinton Hill,40.68572,-73.96627,757.0,5.0,5.0,0.4904109589041096,135503.0,57910.5
50268705,"Beautiful Apartment
Great location- Holidays in NY",Brooklyn,Clinton Hill,40.68572,-73.96627,757.0,5.0,5.0,0.4904109589041096,135503.0,57910.5
43277692,"Beautiful Apartment
Great location- Holidays in NY",Brooklyn,Clinton Hill,40.68572,-73.96627,757.0,5.0,5.0,0.4904109589041096,135503.0,57910.5
7521790,"Sunny, Spacious, Botanical Greenpoint 1 Bdrm",Brooklyn,Greenpoint,40.72697,-73.94712,249.0,5.0,19.0,0.06301369863013699,5727.000000000001,57892.49999999999
35825508,Spacious Modern Room | PRIVATE BATHROOM,Brooklyn,Bushwick,40.6922,-73.91157,252.0,5.0,1.0,0.07123287671232877,6552.0,57833.99999999999
48866416,**Stunning 1 bedroom Apt. + Amazing amenities,Manhattan,Hell's Kitchen,40.76258,-73.99771,229.0,5.0,1.0,0.00821917808219178,686.9999999999999,57822.49999999999
22520601,Private Room in A Family House,Staten Island,Arrochar,40.59107,-74.07061,229.0,5.0,1.0,0.00821917808219178,686.9999999999999,57822.49999999999
10303725,**Stunning 1 bedroom Apt. + Amazing amenities,Manhattan,Hell's Kitchen,40.76258,-73.99771,229.0,5.0,1.0,0.00821917808219178,686.9999999999999,57822.49999999999
55222836,Ladies bedroom Bed 1,Brooklyn,Bedford-Stuyvesant,40.69425,-73.95668,226.0,5.0,15.0,0.0,0.0,57742.99999999999
20464940,Ladies bedroom Bed 1,Brooklyn,Bedford-Stuyvesant,40.69425,-73.95668,226.0,5.0,15.0,0.0,0.0,57742.99999999999
53113603,"HOTEL ROOM LIKE!!   WITH AFFORDABLE RATE!!  ""O""",Queens,Woodhaven,40.68614,-73.86682,242.0,5.0,31.0,0.04657534246575343,4114.0,57716.99999999999
18355707,"HOTEL ROOM LIKE!!   WITH AFFORDABLE RATE!!  ""O""",Queens,Woodhaven,40.68614,-73.86682,242.0,5.0,31.0,0.04657534246575343,4114.0,57716.99999999999
35047870,New 9 Bed 4 Full Bath 3000 SF Spacious Apartment,Brooklyn,Crown Heights,40.66485,-73.93022,691.0,5.0,14.0,0.4712328767123288,118852.0,57698.5
32003040,The Ideal Vacation Home in Brooklyn:,Brooklyn,Bushwick,40.69019,-73.91593,773.0,5.0,72.0,0.4958904109589041,139913.0,57588.49999999997
20322447,"Be Our Guest! Live, Love Bed-Stuy",Brooklyn,Bedford-Stuyvesant,40.68387,-73.94162,404.0,5.0,44.0,0.3095890410958904,45652.0,57569.999999999985
20322447,"Be Our Guest! Live, Love Bed-Stuy",Brooklyn,Bedford-Stuyvesant,40.68387,-73.94162,404.0,5.0,44.0,0.3095890410958904,45652.0,57569.999999999985
55080343,"Be Our Guest! Live, Love Bed-Stuy",Brooklyn,Bedford-Stuyvesant,40.68387,-73.94162,404.0,5.0,44.0,0.3095890410958904,45652.0,57569.999999999985
5570514,Your home away from home,Brooklyn,Bushwick,40.6861,-73.91241,636.0,5.0,70.0,0.4520547945205479,104939.99999999999,57558.000000000015
37614408,Quiet Studio in Midtown manhattan,Manhattan,Murray Hill,40.74848,-73.97757,226.0,5.0,3.0,0.0027397260273972603,226.0,57516.99999999999
23151328,JFK Airport Great place to stay 6 minutes away,Queens,Jamaica,40.66823,-73.78374,243.0,5.0,65.0,0.052054794520547946,4617.0,57469.5
36405975,"Renovated Designed Studio, Swimming-Pool Access .",Brooklyn,Bedford-Stuyvesant,40.68234,-73.9385,761.0,5.0,9.0,0.4931506849315068,136980.0,57455.49999999997
30931025,UNTITLED at Freeman - Tower Balcony Studio 1302,Manhattan,Lower East Side,40.72162,-73.99352,649.0,5.0,25.0,0.4575342465753425,108383.00000000001,57436.499999999956
28695315,Times Square/Hell's Kitchen City View Studio Apt,Manhattan,Hell's Kitchen,40.76201,-73.99939,278.0,5.0,4.0,0.13424657534246576,13622.000000000002,57407.0
28861005,Entire floor of duplex.Private entrance & 1/2 bath,Brooklyn,Bushwick,40.70167,-73.91291,318.0,5.0,1.0,0.2054794520547945,23849.999999999996,57399.0
4909411,Modern Studio Apt in Williamsburg,Brooklyn,Williamsburg,40.71768,-73.95355,549.0,5.0,1.0,0.4136986301369863,82899.0,57370.49999999997
7088234,Huge Gorgeous1 Bed Apt Williamsburg,Brooklyn,Williamsburg,40.71369,-73.95523,554.0,5.0,2.0,0.41643835616438357,84208.0,57338.99999999997
48507973,Beautiful 3 bedroom loft  Greenpoint/Williamsburg!,Brooklyn,Greenpoint,40.73333,-73.95699,780.0,5.0,87.0,0.4986301369863014,141960.0,57330.0
9945282,Beautiful 3 bedroom loft  Greenpoint/Williamsburg!,Brooklyn,Greenpoint,40.73333,-73.95699,780.0,5.0,87.0,0.4986301369863014,141960.0,57330.0
5030365,2br Duplex w/Roof Deck Close to Empire State Build,Manhattan,Kips Bay,40.74205,-73.97997,241.0,5.0,13.0,0.049315068493150684,4338.0,57237.49999999999
28471633,My Little Guest Room in Flushing,Queens,Flushing,40.75485,-73.81795,288.0,5.0,550.0,0.15616438356164383,16416.0,57168.0
21476202,"Sun-filled room in a quiet, historic neighborhood.",Queens,Sunnyside,40.7366,-73.92358,401.0,5.0,1.0,0.3095890410958904,45313.0,57142.5
2784160,Futon 2.0,Manhattan,Harlem,40.80026,-73.95197,285.0,5.0,229.0,0.1506849315068493,15674.999999999998,57142.5
5940003,Clean & sunny private room (fits 3),Manhattan,East Harlem,40.79487,-73.93477,377.0,5.0,68.0,0.28493150684931506,39208.0,57115.499999999985
4549864,Cozy 1BR in the heart of Harlem,Manhattan,Harlem,40.8136,-73.94999,645.0,5.0,5.0,0.4575342465753425,107715.0,57082.49999999997
21313825,1Master BR in a Brand new apt W/D- By Subway,Manhattan,Lower East Side,40.71271,-73.99084,521.0,5.0,9.0,0.4,76066.0,57049.5
20953726,Bright & Peaceful Brooklyn Abode!,Brooklyn,Crown Heights,40.6716,-73.9564,637.0,5.0,37.0,0.4547945205479452,105742.0,57011.5
55711622,Bright & Peaceful Brooklyn Abode!,Brooklyn,Crown Heights,40.6716,-73.9564,637.0,5.0,37.0,0.4547945205479452,105742.0,57011.5
7082159,Private Bedroom in Chic East Village Apartment,Manhattan,East Village,40.7298,-73.9791,511.0,5.0,86.0,0.39452054794520547,73584.0,56976.5
23202691,Very Clean and Very Large,Manhattan,Washington Heights,40.84258,-73.93789,223.0,5.0,9.0,0.0,0.0,56976.5
1447042,"Cozy, Clean Cobble Hill Brownstone",Brooklyn,Cobble Hill,40.68538,-74.00056,233.0,5.0,103.0,0.030136986301369864,2563.0,56968.5
33092175,Astoria Large single private room 2H,Queens,Astoria,40.76763,-73.92476,231.0,5.0,7.0,0.024657534246575342,2079.0,56941.49999999999
34359704,East Village Charmer,Manhattan,East Village,40.72334,-73.97719,377.0,5.0,79.0,0.2876712328767123,39584.99999999999,56738.49999999999
32365348,Designed Ideal room for WFH/Private Bath w.Laundry,Brooklyn,Bedford-Stuyvesant,40.67842,-73.94351,248.0,5.0,1.0,0.07397260273972603,6696.0,56668.0
24210087,Cozy private room and bathroom in Times Square,Manhattan,Hell's Kitchen,40.76086,-73.98927,389.0,5.0,16.0,0.3013698630136986,42790.0,56599.499999999985
42218933,Cozy private room and bathroom in Times Square,Manhattan,Hell's Kitchen,40.76086,-73.98927,389.0,5.0,16.0,0.3013698630136986,42790.0,56599.499999999985
32612227,"Hotel 32 32, Full Superior",Manhattan,Midtown,40.74644,-73.98448,317.0,5.0,47.0,0.21095890410958903,24409.0,56584.499999999985
34237093,Cosy & Quiet BD in Central Harlem,Manhattan,Harlem,40.80632,-73.94821,292.0,5.0,47.0,0.16986301369863013,18104.0,56501.999999999985
34824740,"Large Brooklyn Apt,Private Backyard",Brooklyn,Crown Heights,40.67378,-73.95446,306.0,5.0,78.0,0.19452054794520549,21726.0,56457.0
34208374,Large Bedroom with Ensuite BR minutes from RUMC,Staten Island,Tompkinsville,40.63133,-74.0912,256.0,5.0,5.0,0.0958904109589041,8960.0,56447.99999999999
37183614,"Luxury building, gym, laundry, rooftop 5FL -#168",Brooklyn,Bushwick,40.68886,-73.92059,335.0,5.0,1.0,0.23835616438356164,29145.0,56447.499999999985
2604663,Close to trains! Special long-term rates!!,Brooklyn,East Flatbush,40.6526,-73.94999,356.0,5.0,48.0,0.26575342465753427,34532.0,56426.0
19581813,Esteem's Place Deux,Bronx,Parkchester,40.83791,-73.85845,280.0,5.0,14.0,0.14794520547945206,15120.0,56420.0
54339709,Esteem's Place Deux,Bronx,Parkchester,40.83791,-73.85845,280.0,5.0,14.0,0.14794520547945206,15120.0,56420.0
39825265,"BIG, COMFY, PRIV. room, Big apt, yard, Will-B dplx",Brooklyn,Williamsburg,40.71149,-73.94504,345.0,5.0,7.0,0.25205479452054796,31740.0,56407.499999999985
54863289,Private 2 Bd Guest House. Great for Quiet Getaway,Queens,Rego Park,40.71662,-73.85971,250.0,5.0,11.0,0.0821917808219178,7499.999999999999,56375.0
20105393,Private 2 Bd Guest House. Great for Quiet Getaway,Queens,Rego Park,40.71662,-73.85971,250.0,5.0,11.0,0.0821917808219178,7499.999999999999,56375.0
29657974,Sunny Spacious room in a multicultural neighborhood,Queens,Elmhurst,40.74287,-73.87127,349.0,5.0,10.0,0.25753424657534246,32806.0,56363.5
33440124,"Amazing 1bedroom uptown, Manhattan",Manhattan,Harlem,40.82244,-73.94542,223.0,5.0,25.0,0.00821917808219178,669.0,56307.5
4706717,"Amazing 2BR (5) UES, (MIN 30 DAYS)",Manhattan,Upper East Side,40.77427,-73.95325,376.0,5.0,8.0,0.29041095890410956,39855.99999999999,56212.00000000001
37364216,Bright Junior 1 bedroom Suite in the heart of NYC,Manhattan,Murray Hill,40.74926,-73.97643,220.0,5.0,1.0,0.0,0.0,56210.0
7418510,Queen bedroom & huge private bath,Brooklyn,Fort Greene,40.68785,-73.97682,447.0,5.0,1.0,0.3561643835616438,58110.0,56098.499999999985
2339007,Sunny Bedroom in Clinton Hill,Brooklyn,Clinton Hill,40.69258,-73.96649,663.0,5.0,11.0,0.4684931506849315,113373.00000000001,56023.499999999985
36226478,Prime Bushwick Duplex with 14ft Ceiling -#89,Brooklyn,Bushwick,40.69937,-73.91956,526.0,5.0,1.0,0.40821917808219177,78374.0,56019.0
2600245,Gorgeous NewModern_BestLocation!NYC,Manhattan,Hell's Kitchen,40.76544,-73.9882,372.0,5.0,7.0,0.2876712328767123,39060.0,55985.999999999985
31699827,Spacious 1 BR with Custom Home Office by Anyplace,Manhattan,Financial District,40.7077,-74.00878,315.0,5.0,1.0,0.2136986301369863,24570.000000000004,55912.5
48673111,Charming studio West Harlem / sleep three,Manhattan,Harlem,40.81162,-73.95046,484.0,5.0,5.0,0.3835616438356164,67760.0,55901.999999999985
10110420,Charming studio West Harlem / sleep three,Manhattan,Harlem,40.81162,-73.95046,484.0,5.0,5.0,0.3835616438356164,67760.0,55901.999999999985
7894592,Brooklyn Charm,Brooklyn,Bedford-Stuyvesant,40.68777,-73.9387,412.0,5.0,5.0,0.3287671232876712,49439.99999999999,55825.99999999999
34244273,Two Bedroom Apt in Midtown East,Manhattan,Upper East Side,40.76242,-73.9658,290.0,5.0,46.0,0.1726027397260274,18270.000000000004,55825.0
11009564,lovely home on 38th street,Manhattan,Murray Hill,40.74737,-73.97407,606.0,5.0,4.0,0.44931506849315067,99384.0,55449.0
49572255,lovely home on 38th street,Manhattan,Murray Hill,40.74737,-73.97407,606.0,5.0,4.0,0.44931506849315067,99384.0,55449.0
32341600,Brooklyn Bohemian Suite,Brooklyn,Bedford-Stuyvesant,40.68782,-73.93307,331.0,5.0,8.0,0.2410958904109589,29128.0,55442.5
19223370,Cozy Private Bedroom In The Heart Of Midtown,Manhattan,Hell's Kitchen,40.76907,-73.98814,672.0,5.0,52.0,0.473972602739726,116255.99999999999,55440.000000000015
53981266,Cozy Private Bedroom In The Heart Of Midtown,Manhattan,Hell's Kitchen,40.76907,-73.98814,672.0,5.0,52.0,0.473972602739726,116255.99999999999,55440.000000000015
36553439,Historic Manhattan Home to make your stay special!,Manhattan,Kips Bay,40.74505,-73.97932,520.0,5.0,29.0,0.40821917808219177,77480.0,55380.0
22870207,Spacious apartment in East Williamsburg!,Brooklyn,Williamsburg,40.7054,-73.94239,696.0,5.0,1.0,0.4821917808219178,122496.0,55332.0
10207625,Sun-drenched apartment w/ backyard,Brooklyn,Bushwick,40.69903,-73.91722,610.0,5.0,1.0,0.4520547945205479,100650.0,55205.0
48770315,Sun-drenched apartment w/ backyard,Brooklyn,Bushwick,40.69903,-73.91722,610.0,5.0,1.0,0.4520547945205479,100650.0,55205.0
35642144,World Trade Center Delight,Manhattan,Financial District,40.70568,-74.01075,730.0,5.0,9.0,0.4931506849315068,131400.0,55114.99999999997
31552363,Zen Cozy Clean Williamsburg Oasis - best location,Brooklyn,Williamsburg,40.7186,-73.94593,321.0,5.0,23.0,0.23013698630136986,26964.0,55051.5
33261731,Modern & Hip in Bedstuy!,Brooklyn,Bedford-Stuyvesant,40.68043,-73.9401,223.0,5.0,81.0,0.024657534246575342,2006.9999999999998,54969.5
39604345,Gorgeous Brooklyn Getaway,Brooklyn,Bedford-Stuyvesant,40.6953,-73.95832,215.0,5.0,28.0,0.0,0.0,54932.5
30110860,1 bedroom clean & simple in manhattan.,Manhattan,Two Bridges,40.71168,-73.99585,351.0,5.0,140.0,0.27123287671232876,34749.0,54931.5
13750077,Spacious 2bed private rm close St.BarnabasHospital,Bronx,Tremont,40.84594,-73.89358,256.0,5.0,49.0,0.11232876712328767,10496.0,54911.99999999999
45321754,Spacious 2bed private rm close St.BarnabasHospital,Bronx,Tremont,40.84594,-73.89358,256.0,5.0,49.0,0.11232876712328767,10496.0,54911.99999999999
45098625,Luxury 2 Bedroom Apartment!!,Manhattan,Financial District,40.70468,-74.00722,408.0,5.0,19.0,0.3315068493150685,49368.00000000001,54875.99999999998
13526948,Luxury 2 Bedroom Apartment!!,Manhattan,Financial District,40.70468,-74.00722,408.0,5.0,19.0,0.3315068493150685,49368.00000000001,54875.99999999998
40169347,"Great Chelsea Location, Couch/2nd bed, Free WiFi",Manhattan,Chelsea,40.75028,-73.99533,546.0,5.0,45.0,0.4246575342465753,84629.99999999999,54873.000000000015
13763884,Charming 2brs w/ private garden in Carroll Gardens,Brooklyn,Gowanus,40.67862,-73.9923,236.0,5.0,2.0,0.06301369863013699,5428.000000000001,54869.99999999999
45335562,Charming 2brs w/ private garden in Carroll Gardens,Brooklyn,Gowanus,40.67862,-73.9923,236.0,5.0,2.0,0.06301369863013699,5428.000000000001,54869.99999999999
26145898,Sunny New York Apartment w/ 2 Spacious Bedrooms!,Manhattan,Upper East Side,40.77388,-73.9568,437.0,5.0,2.0,0.3561643835616438,56809.99999999999,54843.49999999999
30077722,Amazing Two-Story Brownstone Apartment,Manhattan,Harlem,40.81471,-73.94591,240.0,5.0,1.0,0.07397260273972603,6480.0,54840.0
35645458,Private bedroom in relaxed apt in Upper Manhattan,Manhattan,Washington Heights,40.837,-73.94209,348.0,5.0,5.0,0.2684931506849315,34104.0,54810.0
48041832,Modern Loft Studio with Views,Manhattan,Gramercy,40.7363,-73.98691,509.0,5.0,37.0,0.4054794520547945,75332.0,54717.499999999985
9479141,Modern Loft Studio with Views,Manhattan,Gramercy,40.7363,-73.98691,509.0,5.0,37.0,0.4054794520547945,75332.0,54717.499999999985
39536412,3 BR Apartment in Heart of Brooklyn,Brooklyn,Crown Heights,40.66983,-73.94322,381.0,5.0,158.0,0.30684931506849317,42672.0,54673.5
30927159,Premium Queen B - Yotel Times Square,Manhattan,Hell's Kitchen,40.7585,-73.99441,219.0,5.0,3.0,0.01643835616438356,1313.9999999999998,54640.49999999999
25125800,Spectacular 2bedroom near Subway-Cafes-Shop & MORE,Manhattan,Upper West Side,40.7867,-73.97594,494.0,5.0,5.0,0.3972602739726027,71630.0,54586.999999999985
17111375,Luxurious Midtown Manhattan Apartment -Ladies Only,Manhattan,Kips Bay,40.74351,-73.97857,254.0,5.0,4.0,0.11232876712328767,10414.0,54482.99999999999
32494587,Artist' Duplex Penthouse with 5 balconies!,Brooklyn,Williamsburg,40.71808,-73.94463,703.0,5.0,5.0,0.4876712328767123,125134.0,54482.5
37911545,Regina's Dainty One bedroom Apartment close to All,Queens,Jamaica,40.69546,-73.81105,315.0,5.0,24.0,0.2273972602739726,26145.0,54337.5
31631342,Beautiful Furnished 1BR in Midtown + Gym,Manhattan,Hell's Kitchen,40.75385,-73.99518,242.0,5.0,1.0,0.08493150684931507,7502.0,54328.99999999999
35768621,Reno Studio Gramercy~Sleeps3!,Manhattan,Stuyvesant Town,40.73357,-73.98082,313.0,5.0,17.0,0.22465753424657534,25665.999999999996,54305.5
16971091,Private Room on Greene,Brooklyn,Bedford-Stuyvesant,40.69049,-73.93262,259.0,5.0,23.0,0.12602739726027398,11914.0,54260.5
25668159,Beaut room 10min away from the city with Prkg Avbl,Queens,Astoria,40.76701,-73.91208,316.0,5.0,2.0,0.23013698630136986,26544.000000000004,54194.0
5286632,Comfortable classy 1br in Ditmas Pk,Brooklyn,Flatbush,40.64802,-73.96063,277.0,5.0,11.0,0.1643835616438356,16620.0,54153.499999999985
28662729,"Newly renovated house, 10 minutes from Manhattan",Queens,Sunnyside,40.74017,-73.92447,698.0,5.0,23.0,0.4876712328767123,124244.0,54095.0
9210171,Upscale in The Heights,Manhattan,Washington Heights,40.84443,-73.94118,303.0,5.0,29.0,0.21095890410958903,23331.0,54085.5
47772862,Upscale in The Heights,Manhattan,Washington Heights,40.84443,-73.94118,303.0,5.0,29.0,0.21095890410958903,23331.0,54085.5
40745396,Beautiful Room in Bushwick.,Brooklyn,Bedford-Stuyvesant,40.68053,-73.90879,414.0,5.0,4.0,0.3424657534246575,51750.0,54026.999999999985
5026498,New BLDG~Balcony~W/D~Prime location,Manhattan,Hell's Kitchen,40.76685,-73.98644,532.0,5.0,20.0,0.42191780821917807,81928.0,53998.0
4369814,Beautiful Loft in LES Manhattan!,Manhattan,Lower East Side,40.71331,-73.98189,484.0,5.0,2.0,0.39452054794520547,69696.0,53965.999999999985
8233152,large Tribeca loft,Manhattan,Chinatown,40.71844,-74.00228,276.0,5.0,16.0,0.1643835616438356,16560.0,53958.0
8810858,Luxury 1 bdrm Apt in Clinton Hills.,Brooklyn,Clinton Hill,40.6869,-73.96324,300.0,5.0,161.0,0.20821917808219179,22800.0,53850.0
4220140,Perfect Private Room in Luxury Bldg w/Gym/Rooftop,Manhattan,Financial District,40.70948,-74.00654,319.0,5.0,23.0,0.23835616438356164,27752.999999999996,53751.5
28763800,Beautiful urban 2BR with private deck and yard!!!,Brooklyn,Fort Hamilton,40.6225,-74.031,557.0,5.0,76.0,0.43561643835616437,88563.0,53750.5
30630574,The Red Room/pet friendly,Brooklyn,Bedford-Stuyvesant,40.68326,-73.9315,377.0,5.0,59.0,0.3095890410958904,42601.0,53722.499999999985
2756545,Apt near Museum Mile,Manhattan,Upper East Side,40.76981,-73.95812,461.0,5.0,249.0,0.38082191780821917,64079.0,53706.5
36871564,brand new Studio~Gramercy~W/D in unit~Best value,Manhattan,Kips Bay,40.73961,-73.9815,469.0,5.0,1.0,0.3863013698630137,66129.0,53700.499999999985
5612489,Dominique's LowerLevel 1 bdrm pad*video projects,Bronx,Eastchester,40.88241,-73.83422,498.0,5.0,6.0,0.4054794520547945,73704.0,53534.999999999985
40026302,nice room in bedstuy N,Brooklyn,Bedford-Stuyvesant,40.68388,-73.95019,227.0,5.0,85.0,0.0547945205479452,4540.0,53458.49999999999
17314621,Studio Apartment Above Stephen Colbert Show,Manhattan,Midtown,40.76334,-73.98257,679.0,5.0,4.0,0.4849315068493151,120183.0,53301.49999999997
52072517,Studio Apartment Above Stephen Colbert Show,Manhattan,Midtown,40.76334,-73.98257,679.0,5.0,4.0,0.4849315068493151,120183.0,53301.49999999997
44904768,Cozy 1 bedroom apartment in Queens,Queens,Maspeth,40.72736,-73.89659,393.0,5.0,87.0,0.3287671232876712,47160.0,53251.499999999985
13333090,Cozy 1 bedroom apartment in Queens,Queens,Maspeth,40.72736,-73.89659,393.0,5.0,87.0,0.3287671232876712,47160.0,53251.499999999985
14717154,SUNNY PRIVATE ROOM,Queens,Ditmars Steinway,40.77324,-73.90385,239.0,5.0,70.0,0.09041095890410959,7887.0,53177.49999999999
46288831,SUNNY PRIVATE ROOM,Queens,Ditmars Steinway,40.77324,-73.90385,239.0,5.0,70.0,0.09041095890410959,7887.0,53177.49999999999
46299325,West 57th Street by Hilton Midtown Manhattan,Manhattan,Midtown,40.76394,-73.97825,208.0,5.0,1.0,0.0,0.0,53144.0
14727648,West 57th Street by Hilton Midtown Manhattan,Manhattan,Midtown,40.76394,-73.97825,208.0,5.0,1.0,0.0,0.0,53144.0
19770699,Sala star sofacama amplio cerca al Aeropuerto.,Queens,East Elmhurst,40.76109,-73.88898,420.0,5.0,32.0,0.35342465753424657,54179.99999999999,53130.00000000001
54528595,Sala star sofacama amplio cerca al Aeropuerto.,Queens,East Elmhurst,40.76109,-73.88898,420.0,5.0,32.0,0.35342465753424657,54179.99999999999,53130.00000000001
23662205,Eddies place #3,Staten Island,Huguenot,40.53987,-74.17258,355.0,5.0,11.0,0.29041095890410956,37630.0,53072.499999999985
30818908,Beautiful Modern 1 BR in the Heart of West Village,Manhattan,West Village,40.73301,-74.00131,277.0,5.0,1.0,0.17534246575342466,17728.0,53045.499999999985
36999698,"Luxury building 3FL, balcony, gym, rooftop -#174",Brooklyn,Bushwick,40.68886,-73.9206,397.0,5.0,1.0,0.33424657534246577,48434.00000000001,52999.49999999998
2652713,High Floor apt.near Columbus Circle,Manhattan,Hell's Kitchen,40.76708,-73.986,657.0,5.0,119.0,0.4794520547945205,114975.0,52888.5
15498659,Beautiful Home in Queens,Queens,Springfield Gardens,40.66257,-73.76514,282.0,5.0,55.0,0.1863013698630137,19176.0,52874.999999999985
47070336,Beautiful Home in Queens,Queens,Springfield Gardens,40.66257,-73.76514,282.0,5.0,55.0,0.1863013698630137,19176.0,52874.999999999985
35091501,"Great for Family Trips! 2 Modern Units in the Heart of NYC! Onsite Dining, Near Soho Shopping, and Times Square!",Manhattan,Midtown,40.75304,-73.98647,208.0,5.0,3.0,0.005479452054794521,416.0,52728.0
34781109,A getaway for the night in the Bronx,Bronx,Unionport,40.82656,-73.84468,206.0,5.0,1.0,0.0,0.0,52632.99999999999
33401463,Room D,Queens,Long Island City,40.75605,-73.9369,272.0,5.0,10.0,0.16986301369863013,16864.0,52631.999999999985
37246024,"Priv. Room in a House, 15min to Manhattan",Bronx,Claremont Village,40.84217,-73.91198,314.0,5.0,62.0,0.2410958904109589,27632.0,52595.0
23013805,Cool Private Bedroom & Office/Living Room Bushwick,Brooklyn,Williamsburg,40.7033,-73.93583,523.0,5.0,1.0,0.4246575342465753,81065.0,52561.5
17877967,La Quinta Central Park West,Manhattan,Upper West Side,40.77597,-73.97686,327.0,5.0,4.0,0.2602739726027397,31065.0,52483.499999999985
52635863,La Quinta Central Park West,Manhattan,Upper West Side,40.77597,-73.97686,327.0,5.0,4.0,0.2602739726027397,31065.0,52483.499999999985
41603671,La Quinta Central Park West,Manhattan,Upper West Side,40.77597,-73.97686,327.0,5.0,4.0,0.2602739726027397,31065.0,52483.499999999985
32345466,Welcome Home Sweet Home,Brooklyn,Canarsie,40.63188,-73.906,206.0,5.0,4.0,0.0027397260273972603,206.0,52426.99999999999
32289131,"Beautiful Bright Private Room,  steps from subway",Brooklyn,East Flatbush,40.63984,-73.94991,205.0,5.0,22.0,0.0,0.0,52377.5
34708205,Carnegie Hill 3 Bedroom 2 Bath Apartment + Laundry,Manhattan,East Harlem,40.78491,-73.94708,339.0,5.0,97.0,0.27671232876712326,34238.99999999999,52375.50000000001
6513290,Beautiful&New Bedrooms near everything you want!,Manhattan,Upper West Side,40.80188,-73.96696,395.0,5.0,26.0,0.336986301369863,48585.0,52337.5
35109727,KO LOFT & LOUNGE,Brooklyn,Bedford-Stuyvesant,40.69102,-73.95335,251.0,5.0,5.0,0.12876712328767123,11796.999999999998,52333.49999999999
21397775,Creative House for Travelers and Other Creatives,Brooklyn,Bedford-Stuyvesant,40.69032,-73.95283,658.0,5.0,19.0,0.4821917808219178,115808.0,52311.0
4910515,"Close to subway, Manhattan, & shops with kitchen",Queens,Elmhurst,40.74038,-73.87599,314.0,5.0,31.0,0.24383561643835616,27946.0,52281.0
28838913,The Alice Studio in Williamsburg ⋆ Best location ⋆,Brooklyn,Williamsburg,40.71146,-73.94341,430.0,5.0,140.0,0.36712328767123287,57620.0,52245.0
28659968,MedRoom 444-5,Brooklyn,Bedford-Stuyvesant,40.69276,-73.95312,681.0,5.0,5.0,0.4904109589041096,121899.0,52096.5
19968423,"*NO GUEST SERVICE FEE* One Bedroom Suite w/ Queen Bed, Close to 51st St Subway",Manhattan,Midtown,40.75444,-73.96497,489.0,5.0,2.0,0.40821917808219177,72861.0,52078.499999999985
54726319,"*NO GUEST SERVICE FEE* One Bedroom Suite w/ Queen Bed, Close to 51st St Subway",Manhattan,Midtown,40.75444,-73.96497,489.0,5.0,2.0,0.40821917808219177,72861.0,52078.499999999985
31313217,Huge Luxury 1-bedroom with fire place &workplace,Queens,Woodhaven,40.69454,-73.85715,207.0,5.0,17.0,0.010958904109589041,828.0,52060.49999999999
34286800,Brooklyn 3BR Near Subways,Brooklyn,Crown Heights,40.67497,-73.92336,439.0,5.0,211.0,0.37534246575342467,60143.0,52021.499999999985
25211407,HUGE Master Suite in Spacious Duplex,Manhattan,Hell's Kitchen,40.76537,-73.98767,671.0,5.0,2.0,0.4876712328767123,119438.0,52002.5
29025590,"Sunny, serene airport NYC getaway",Queens,Howard Beach,40.65697,-73.83344,305.0,5.0,353.0,0.2328767123287671,25925.0,52002.5
11938533,5 Star Luxury 2 BR Suite Heart of Manhattan,Manhattan,Midtown,40.7611,-73.97412,204.0,5.0,3.0,0.0027397260273972603,204.0,51917.99999999999
50501224,5 Star Luxury 2 BR Suite Heart of Manhattan,Manhattan,Midtown,40.7611,-73.97412,204.0,5.0,3.0,0.0027397260273972603,204.0,51917.99999999999
56170583,5 Star Luxury 2 BR Suite Heart of Manhattan,Manhattan,Midtown,40.7611,-73.97412,204.0,5.0,3.0,0.0027397260273972603,204.0,51917.99999999999
43510210,5 Star Luxury 2 BR Suite Heart of Manhattan,Manhattan,Midtown,40.7611,-73.97412,204.0,5.0,3.0,0.0027397260273972603,204.0,51917.99999999999
6728687,Room in a Beautiful East Village Apt!,Manhattan,East Village,40.72157,-73.97861,629.0,5.0,42.0,0.473972602739726,108817.0,51892.49999999997
33332978,Beautiful 2 Bedroom apartment with workspace,Manhattan,Upper West Side,40.79201,-73.97232,560.0,5.0,3.0,0.4465753424657534,91280.0,51800.0
48834934,Your Own Apartment corner of Bedford and Grand!,Brooklyn,Williamsburg,40.7157,-73.95983,530.0,5.0,97.0,0.4328767123287671,83740.0,51675.0
10272244,Your Own Apartment corner of Bedford and Grand!,Brooklyn,Williamsburg,40.7157,-73.95983,530.0,5.0,97.0,0.4328767123287671,83740.0,51675.0
33823420,Cozy room in Brooklyn,Brooklyn,Sunset Park,40.63688,-74.00859,408.0,5.0,6.0,0.35342465753424657,52632.0,51611.999999999985
21686628,Luxury Apt near the Statue of Liberty,Manhattan,Financial District,40.7041,-74.0155,268.0,5.0,27.0,0.1726027397260274,16884.0,51590.0
3855622,Private room in 3 bedroom apartment Bed Stuy,Brooklyn,Bedford-Stuyvesant,40.68905,-73.92685,252.0,5.0,8.0,0.13972602739726028,12852.0,51533.99999999999
35410731,Designer Williamsburg Apt with Terrace,Brooklyn,Williamsburg,40.71891,-73.94339,446.0,5.0,242.0,0.3835616438356164,62440.0,51513.0
24047710,Modern & Cozy 1 Bedroom Apt in the heart of NYC,Manhattan,Hell's Kitchen,40.76142,-73.98987,300.0,5.0,17.0,0.23013698630136986,25200.0,51450.0
42056557,Modern & Cozy 1 Bedroom Apt in the heart of NYC,Manhattan,Hell's Kitchen,40.76142,-73.98987,300.0,5.0,17.0,0.23013698630136986,25200.0,51450.0
39139308,Amazing West Village Apt,Manhattan,West Village,40.73948,-74.00504,259.0,5.0,25.0,0.15616438356164383,14762.999999999998,51411.5
6773976,Rare Find: Stylish West Village Townhouse,Manhattan,West Village,40.73221,-74.00928,358.0,5.0,19.0,0.30684931506849317,40096.0,51373.0
25188210,Crown Heights Amazing,Brooklyn,Crown Heights,40.67637,-73.94309,291.0,5.0,6.0,0.21643835616438356,22989.0,51361.5
33545614,Park Avenue Sophistication,Manhattan,Upper East Side,40.77187,-73.96135,437.0,5.0,3.0,0.3780821917808219,60306.00000000001,51347.49999999998
21721423,Entire Brooklyn Brownstone Apartment with Laundry,Brooklyn,Fort Greene,40.69083,-73.97301,532.0,5.0,21.0,0.43561643835616437,84588.0,51338.0
23571628,Private exquisite apartment with modern amenities,Bronx,Mott Haven,40.81132,-73.92037,433.0,5.0,19.0,0.37534246575342467,59321.0,51310.499999999985
53060029,Huge Bright Bedroom in Brooklyn Townhouse,Brooklyn,Crown Heights,40.67004,-73.92207,444.0,5.0,6.0,0.3835616438356164,62160.0,51281.999999999985
18302134,Huge Bright Bedroom in Brooklyn Townhouse,Brooklyn,Crown Heights,40.67004,-73.92207,444.0,5.0,6.0,0.3835616438356164,62160.0,51281.999999999985
20535082,Luxury 1BR 2 bed; no cleanup fee; fast response!,Manhattan,Financial District,40.70402,-74.00964,203.0,5.0,17.0,0.00821917808219178,609.0,51257.5
55292978,Luxury 1BR 2 bed; no cleanup fee; fast response!,Manhattan,Financial District,40.70402,-74.00964,203.0,5.0,17.0,0.00821917808219178,609.0,51257.5
50930361,Private Studio & Kitchen in Renovated Brownstone,Brooklyn,Bedford-Stuyvesant,40.68974,-73.94283,418.0,5.0,68.0,0.3643835616438356,55594.0,51204.999999999985
12367670,Private Studio & Kitchen in Renovated Brownstone,Brooklyn,Bedford-Stuyvesant,40.68974,-73.94283,418.0,5.0,68.0,0.3643835616438356,55594.0,51204.999999999985
43939347,Private Studio & Kitchen in Renovated Brownstone,Brooklyn,Bedford-Stuyvesant,40.68974,-73.94283,418.0,5.0,68.0,0.3643835616438356,55594.0,51204.999999999985
56599720,Private Studio & Kitchen in Renovated Brownstone,Brooklyn,Bedford-Stuyvesant,40.68974,-73.94283,418.0,5.0,68.0,0.3643835616438356,55594.0,51204.999999999985
33600844,"Greenwood Gardens - 1 bedroom, office and backyard",Brooklyn,Sunset Park,40.66129,-73.99064,224.0,5.0,26.0,0.07397260273972603,6048.0,51183.99999999999
32824862,Georgian Studio in the Heart of Chelsea,Manhattan,Chelsea,40.73932,-73.99545,210.0,5.0,215.0,0.03287671232876712,2519.9999999999995,51135.0
8496047,SoHo Gem *Amazing Deal!!,Manhattan,SoHo,40.72542,-74.00158,293.0,5.0,2.0,0.2219178082191781,23733.000000000004,51128.5
21284554,Lava Bedroom,Brooklyn,Bedford-Stuyvesant,40.69366,-73.95563,291.0,5.0,7.0,0.2191780821917808,23280.0,51070.5
6031684,Nice 1 BR Apartment at Central Park,Manhattan,East Harlem,40.7984,-73.94777,577.0,5.0,4.0,0.4575342465753425,96359.0,51064.5
6031684,Nice 1 BR Apartment at Central Park,Manhattan,East Harlem,40.7984,-73.94777,577.0,5.0,4.0,0.4575342465753425,96359.0,51064.5
19965661,*NO GUEST SERVICE FEE* 1 Bed Studio Suite - Close to UN Headquarters,Manhattan,Midtown,40.75397,-73.96697,540.0,5.0,5.0,0.4410958904109589,86940.00000000001,51029.999999999985
54723557,*NO GUEST SERVICE FEE* 1 Bed Studio Suite - Close to UN Headquarters,Manhattan,Midtown,40.75397,-73.96697,540.0,5.0,5.0,0.4410958904109589,86940.00000000001,51029.999999999985
2072246,1 ROOM IN AMAZING ARTIST NYC LOFT,Brooklyn,Williamsburg,40.7106,-73.96532,339.0,5.0,35.0,0.2876712328767123,35595.0,51019.5
34843519,Urban Bungalow 1095 (UB1095) #1   w/sunroom&office,Brooklyn,Brownsville,40.65391,-73.90804,206.0,5.0,1.0,0.021917808219178082,1648.0,50984.99999999999
22731580,Door man condo near 61st St station,Queens,Woodside,40.74188,-73.90146,423.0,5.0,2.0,0.3698630136986301,57104.99999999999,50971.49999999999
50341057,One of a kind Sun Filled Elegant Studio.,Brooklyn,East Flatbush,40.6393,-73.9472,557.0,5.0,53.0,0.44931506849315067,91348.0,50965.5
11778366,One of a kind Sun Filled Elegant Studio.,Brooklyn,East Flatbush,40.6393,-73.9472,557.0,5.0,53.0,0.44931506849315067,91348.0,50965.5
56010416,One of a kind Sun Filled Elegant Studio.,Brooklyn,East Flatbush,40.6393,-73.9472,557.0,5.0,53.0,0.44931506849315067,91348.0,50965.5
43350043,One of a kind Sun Filled Elegant Studio.,Brooklyn,East Flatbush,40.6393,-73.9472,557.0,5.0,53.0,0.44931506849315067,91348.0,50965.5
6236035,1 Bed in a Lux Apt on Wall Street,Manhattan,Financial District,40.70583,-74.00717,292.0,5.0,2.0,0.2219178082191781,23652.0,50953.999999999985
34375168,#1 Sunny private unit 5 blocks from Central Park!,Manhattan,Upper East Side,40.77264,-73.95589,402.0,5.0,3.0,0.35342465753424657,51858.0,50852.999999999985
28432420,New Airbnb NowAvailable  Entire Penthouse 2 guest.,Brooklyn,East Flatbush,40.64766,-73.95142,215.0,5.0,35.0,0.052054794520547946,4085.0,50847.5
19824825,"Beautiful, cozy overnight place by Times Square",Manhattan,Hell's Kitchen,40.76462,-73.9886,440.0,5.0,29.0,0.3835616438356164,61599.99999999999,50820.00000000001
54582721,"Beautiful, cozy overnight place by Times Square",Manhattan,Hell's Kitchen,40.76462,-73.9886,440.0,5.0,29.0,0.3835616438356164,61599.99999999999,50820.00000000001
17748177,1 bedroom with 3 beds in the heart of Times Square,Manhattan,Hell's Kitchen,40.7551,-73.99363,639.0,5.0,81.0,0.4821917808219178,112464.0,50800.49999999997
41473880,1 bedroom with 3 beds in the heart of Times Square,Manhattan,Hell's Kitchen,40.7551,-73.99363,639.0,5.0,81.0,0.4821917808219178,112464.0,50800.49999999997
52506073,1 bedroom with 3 beds in the heart of Times Square,Manhattan,Hell's Kitchen,40.7551,-73.99363,639.0,5.0,81.0,0.4821917808219178,112464.0,50800.49999999997
37841955,145 Mulberry-Renovated Studio in Little Italy,Manhattan,Little Italy,40.71899,-73.99773,310.0,5.0,8.0,0.25205479452054796,28520.000000000004,50685.0
52615428,"Apto En la exclusiva zona Austin St, Forest Hills",Queens,Forest Hills,40.71895,-73.84249,238.0,5.0,3.0,0.1178082191780822,10234.0,50575.0
41583235,"Apto En la exclusiva zona Austin St, Forest Hills",Queens,Forest Hills,40.71895,-73.84249,238.0,5.0,3.0,0.1178082191780822,10234.0,50575.0
17857532,"Apto En la exclusiva zona Austin St, Forest Hills",Queens,Forest Hills,40.71895,-73.84249,238.0,5.0,3.0,0.1178082191780822,10234.0,50575.0
5739518,Sunny lrg 1 BR in Chilled Bushwick,Brooklyn,Bushwick,40.70338,-73.91374,239.0,5.0,2.0,0.12054794520547946,10516.0,50548.49999999999
39200061,Modern Studio w/ Private Entry - Heart of Chelsea,Manhattan,Chelsea,40.7428,-73.99748,469.0,5.0,354.0,0.4054794520547945,69412.0,50417.499999999985
33773161,Beautiful Spacious 3 BR Cozy Apt.,Manhattan,Harlem,40.81616,-73.94991,207.0,5.0,80.0,0.03287671232876712,2483.9999999999995,50404.49999999999
2099861,Spacious Bushwick Duplex Apartment,Brooklyn,Bushwick,40.68777,-73.91601,202.0,5.0,22.0,0.01643835616438356,1211.9999999999998,50398.99999999999
32956309,3 Bedroom apt on 1 fl Host by Preet,Queens,Richmond Hill,40.68679,-73.82902,473.0,5.0,2.0,0.40821917808219177,70477.0,50374.499999999985
14588468,Cozy and private room in the East Village,Manhattan,East Village,40.72295,-73.98487,421.0,5.0,23.0,0.3726027397260274,57256.00000000001,50309.49999999999
46160146,Cozy and private room in the East Village,Manhattan,East Village,40.72295,-73.98487,421.0,5.0,23.0,0.3726027397260274,57256.00000000001,50309.49999999999
34510482,Huge beautiful one bed West Village,Manhattan,West Village,40.73095,-74.00657,459.0,5.0,9.0,0.4,67014.00000000001,50260.49999999997
33569362,"Sutter GardenNY, 2nd Private Studio! 3mil from JFK",Queens,South Ozone Park,40.67118,-73.79307,315.0,5.0,11.0,0.26301369863013696,30239.999999999996,50242.5
6023952,"Artist home, Greenwich Village, NYC",Manhattan,Greenwich Village,40.73104,-73.99708,495.0,5.0,1.0,0.42191780821917807,76230.0,50242.5
51653874,Spacious room in front of prospect park,Brooklyn,Prospect-Lefferts Gardens,40.66042,-73.96234,259.0,5.0,45.0,0.16986301369863013,16058.0,50116.5
13091183,Spacious room in front of prospect park,Brooklyn,Prospect-Lefferts Gardens,40.66042,-73.96234,259.0,5.0,45.0,0.16986301369863013,16058.0,50116.5
57323233,Spacious room in front of prospect park,Brooklyn,Prospect-Lefferts Gardens,40.66042,-73.96234,259.0,5.0,45.0,0.16986301369863013,16058.0,50116.5
44662860,Spacious room in front of prospect park,Brooklyn,Prospect-Lefferts Gardens,40.66042,-73.96234,259.0,5.0,45.0,0.16986301369863013,16058.0,50116.5
55906031,TIMES SQ. MEETS BRYANT PARK #1 ULTIMATE LOCATION!,Manhattan,Hell's Kitchen,40.75603,-73.99214,430.0,5.0,3.0,0.38082191780821917,59770.0,50095.0
21148135,TIMES SQ. MEETS BRYANT PARK #1 ULTIMATE LOCATION!,Manhattan,Hell's Kitchen,40.75603,-73.99214,430.0,5.0,3.0,0.38082191780821917,59770.0,50095.0
31691542,"Nolitan Hotel, Balcony Room Accessible",Manhattan,Nolita,40.72086,-73.99421,479.0,5.0,23.0,0.4136986301369863,72329.0,50055.499999999985
33384894,Spacious New Brownstone Garden 1BR Home-Office W/D,Brooklyn,Bedford-Stuyvesant,40.68262,-73.94142,308.0,5.0,12.0,0.2547945205479452,28644.0,50050.0
19028408,"Modern, comfy studio apartment",Queens,Queens Village,40.72105,-73.73444,274.0,5.0,45.0,0.2,20002.0,50005.0
53786304,"Modern, comfy studio apartment",Queens,Queens Village,40.72105,-73.73444,274.0,5.0,45.0,0.2,20002.0,50005.0
7357757,Cozy 1 Bedroom apt right by park!,Brooklyn,Prospect-Lefferts Gardens,40.66141,-73.9615,637.0,5.0,1.0,0.4849315068493151,112749.0,50004.5
6075868,Clean & Cozy- Private Room by Park and Subway!,Brooklyn,Flatbush,40.65452,-73.9596,605.0,5.0,55.0,0.473972602739726,104665.0,49912.5
6075868,Clean & Cozy- Private Room by Park and Subway!,Brooklyn,Flatbush,40.65452,-73.9596,605.0,5.0,55.0,0.473972602739726,104665.0,49912.5
36355716,Exclusive Deluxe  Suite Times SQ Boutique Hotel,Manhattan,Theater District,40.75965,-73.98558,196.0,5.0,9.0,0.0027397260273972603,196.0,49881.99999999999
33416375,Designer open space in TriBeCa Soho 1000sq ft,Manhattan,SoHo,40.72215,-74.00416,455.0,5.0,16.0,0.4,66430.0,49822.5
35747081,3bdrm cozy attic 15 mins from jfk & Belmont track,Queens,St. Albans,40.7003,-73.75054,256.0,5.0,26.0,0.16712328767123288,15616.0,49791.99999999999
5337996,Lovely Soho / Village 1BR,Manhattan,SoHo,40.72703,-74.00286,207.0,5.0,10.0,0.0410958904109589,3105.0,49783.49999999999
48174936,Sunny Studio Apartment in Ridgewood,Queens,Ridgewood,40.70005,-73.8952,320.0,5.0,5.0,0.273972602739726,32000.0,49760.0
9612245,Sunny Studio Apartment in Ridgewood,Queens,Ridgewood,40.70005,-73.8952,320.0,5.0,5.0,0.273972602739726,32000.0,49760.0
19897728,Beautiful bright Brooklyn Heights 1 bedroom,Brooklyn,Boerum Hill,40.69033,-73.98994,588.0,5.0,6.0,0.4684931506849315,100548.00000000001,49685.999999999985
54655624,Beautiful bright Brooklyn Heights 1 bedroom,Brooklyn,Boerum Hill,40.69033,-73.98994,588.0,5.0,6.0,0.4684931506849315,100548.00000000001,49685.999999999985
2881918,"Clean, spacious entire 1br in NYC!",Manhattan,Midtown,40.76326,-73.98165,242.0,5.0,37.0,0.13972602739726028,12342.000000000002,49488.99999999999
39901482,Cozy Carroll Gardens Brownstone Apt,Brooklyn,Carroll Gardens,40.68304,-73.99819,456.0,5.0,279.0,0.40273972602739727,67032.0,49476.0
23117637,Quiet One-Bedroom in Williamsburg Close to Subway,Brooklyn,Williamsburg,40.70627,-73.95484,388.0,5.0,11.0,0.3506849315068493,49664.0,49469.999999999985
3092896,Great UWS Apt Along Central Park,Manhattan,Upper West Side,40.78498,-73.97284,370.0,5.0,7.0,0.33424657534246577,45140.0,49395.0
32349884,Private  Studio with workstation  Museum Block UWS,Manhattan,Upper West Side,40.77652,-73.97792,349.0,5.0,297.0,0.31232876712328766,39786.0,49383.5
48431203,"Nice,Safe&Quiet Great Value Room",Brooklyn,Sunset Park,40.64748,-73.99802,506.0,5.0,2.0,0.4328767123287671,79948.0,49335.0
9868513,"Nice,Safe&Quiet Great Value Room",Brooklyn,Sunset Park,40.64748,-73.99802,506.0,5.0,2.0,0.4328767123287671,79948.0,49335.0
47060947,**Amazing Studio Balcony Steps from Time Square**,Manhattan,Hell's Kitchen,40.7605,-73.99189,246.0,5.0,1.0,0.1506849315068493,13530.0,49322.99999999999
15489270,**Amazing Studio Balcony Steps from Time Square**,Manhattan,Hell's Kitchen,40.7605,-73.99189,246.0,5.0,1.0,0.1506849315068493,13530.0,49322.99999999999
30134056,Entire suite close to LGA & JFK with free parking,Queens,East Elmhurst,40.75909,-73.87839,628.0,5.0,138.0,0.4849315068493151,111156.00000000001,49297.999999999985
33911788,Queen bed + Loft. 2 Room deal with Yard.,Brooklyn,Bushwick,40.70127,-73.91805,210.0,5.0,15.0,0.057534246575342465,4410.0,49245.0
31859994,Sunny Double Room,Brooklyn,Bedford-Stuyvesant,40.69386,-73.9457,257.0,5.0,50.0,0.17534246575342466,16448.0,49215.499999999985
30857017,Shay’s Hut,Queens,St. Albans,40.69158,-73.75647,244.0,5.0,119.0,0.14794520547945206,13176.0,49165.99999999999
3338117,Experience ELEGANT LIFESTYLE,Manhattan,Upper West Side,40.77852,-73.98577,258.0,5.0,24.0,0.1780821917808219,16769.999999999996,49149.0
30048450,Private Bedroom in Cozy Apartment in Willimasburg,Brooklyn,Williamsburg,40.71017,-73.94854,504.0,5.0,8.0,0.4328767123287671,79632.0,49139.999999999985
22085941,Fresh Room One Block From Metro!!,Brooklyn,Bedford-Stuyvesant,40.6891,-73.95596,230.0,5.0,23.0,0.11506849315068493,9660.0,49105.0
34812037,#3 PRIVATE LUXURY BEDROOM - Queen Size Bed,Queens,Laurelton,40.67918,-73.75384,192.0,5.0,2.0,0.0,0.0,49055.99999999999
9499024,Sexy red room with the softest bed!,Brooklyn,Bedford-Stuyvesant,40.68042,-73.91811,354.0,5.0,7.0,0.32054794520547947,41418.0,49029.0
48061714,Sexy red room with the softest bed!,Brooklyn,Bedford-Stuyvesant,40.68042,-73.91811,354.0,5.0,7.0,0.32054794520547947,41418.0,49029.0
9701166,Comfortable and cozy Apartment in Manhattan,Manhattan,Harlem,40.82863,-73.94757,309.0,5.0,57.0,0.26575342465753427,29973.000000000004,48976.5
48263856,Comfortable and cozy Apartment in Manhattan,Manhattan,Harlem,40.82863,-73.94757,309.0,5.0,57.0,0.26575342465753427,29973.000000000004,48976.5
37261488,Cozy & Modern Home Share for Young Professionals,Brooklyn,Bedford-Stuyvesant,40.68628,-73.95076,214.0,5.0,3.0,0.07397260273972603,5778.0,48898.99999999999
33687002,Spacious 1-bedroom with living room + home office,Manhattan,Hell's Kitchen,40.7574,-73.99276,459.0,5.0,3.0,0.40821917808219177,68391.0,48883.499999999985
41077881,Luis and Melanie's B and B,Brooklyn,Bushwick,40.6938,-73.92562,306.0,5.0,85.0,0.26301369863013696,29375.999999999996,48807.0
29058728,Cozy apartment in a private house | 3 nights 10%,Queens,Jackson Heights,40.75395,-73.88387,293.0,5.0,57.0,0.24383561643835616,26076.999999999996,48784.5
32585164,"Garden Apt, 5 mins from LaGuardia",Queens,East Elmhurst,40.76514,-73.88991,213.0,5.0,172.0,0.07397260273972603,5751.0,48670.5
43785256,Queen Bed Room in Gowanus Boutique Hotel,Brooklyn,Gowanus,40.67831,-73.98358,191.0,5.0,34.0,0.0027397260273972603,190.99999999999997,48609.49999999999
50776269,Queen Bed Room in Gowanus Boutique Hotel,Brooklyn,Gowanus,40.67831,-73.98358,191.0,5.0,34.0,0.0027397260273972603,190.99999999999997,48609.49999999999
56445628,Queen Bed Room in Gowanus Boutique Hotel,Brooklyn,Gowanus,40.67831,-73.98358,191.0,5.0,34.0,0.0027397260273972603,190.99999999999997,48609.49999999999
12213578,Queen Bed Room in Gowanus Boutique Hotel,Brooklyn,Gowanus,40.67831,-73.98358,191.0,5.0,34.0,0.0027397260273972603,190.99999999999997,48609.49999999999
13027669,PRIVATE BATHROOM ! PRIME LOCATION,Brooklyn,Williamsburg,40.7141,-73.95064,251.0,5.0,28.0,0.16986301369863013,15562.0,48568.49999999999
51590359,PRIVATE BATHROOM ! PRIME LOCATION,Brooklyn,Williamsburg,40.7141,-73.95064,251.0,5.0,28.0,0.16986301369863013,15562.0,48568.49999999999
44599346,PRIVATE BATHROOM ! PRIME LOCATION,Brooklyn,Williamsburg,40.7141,-73.95064,251.0,5.0,28.0,0.16986301369863013,15562.0,48568.49999999999
57259719,PRIVATE BATHROOM ! PRIME LOCATION,Brooklyn,Williamsburg,40.7141,-73.95064,251.0,5.0,28.0,0.16986301369863013,15562.0,48568.49999999999
5320874,Spacious UWS pre-war guest room!,Manhattan,Harlem,40.82335,-73.94887,361.0,5.0,4.0,0.3315068493150685,43681.00000000001,48554.49999999999
8254692,"Spacious, Private Bushwick Room",Brooklyn,Bushwick,40.7049,-73.92,220.0,5.0,1.0,0.0958904109589041,7699.999999999999,48510.0
23789234,Amazing Studio at the Time square area/5-3A,Manhattan,Hell's Kitchen,40.76165,-73.99351,218.0,5.0,2.0,0.09041095890410959,7194.000000000001,48505.0
34012307,S and V's Place,Queens,East Elmhurst,40.76487,-73.87651,302.0,5.0,55.0,0.2602739726027397,28690.0,48470.999999999985
54745649,AWESOME SUNNY 2 BEDS A NEAR 3 METROS WILLIAMSBURG,Brooklyn,Williamsburg,40.7089,-73.94447,208.0,5.0,17.0,0.06301369863013699,4784.0,48360.0
19987753,AWESOME SUNNY 2 BEDS A NEAR 3 METROS WILLIAMSBURG,Brooklyn,Williamsburg,40.7089,-73.94447,208.0,5.0,17.0,0.06301369863013699,4784.0,48360.0
4835403,Charming private Studio,Staten Island,West Brighton,40.63182,-74.124,528.0,5.0,196.0,0.44931506849315067,86592.0,48312.0
4747587,Modern & luxurious close to trains,Queens,Ozone Park,40.68559,-73.8496,437.0,5.0,129.0,0.3972602739726027,63364.99999999999,48288.49999999999
3028277,"CENTRAL PARK, NYC APT",Manhattan,Upper West Side,40.78616,-73.97348,252.0,5.0,121.0,0.17534246575342466,16128.000000000002,48257.99999999999
33688659,Williamsburg Jewel — Beautiful Gallery Apartment,Brooklyn,Williamsburg,40.71263,-73.95528,283.0,5.0,2.0,0.2328767123287671,24055.0,48251.5
32810502,15 Mins to Times Square & Manhattan-3 BR Apartment,Queens,Sunnyside,40.73871,-73.92499,436.0,5.0,225.0,0.3972602739726027,63220.0,48178.0
24872294,STOP n SLEEP Large - LGA LaGuardia Airport and JFK,Queens,East Elmhurst,40.75985,-73.88294,479.0,5.0,8.0,0.4246575342465753,74245.0,48139.499999999985
23377771,The Hudson,Manhattan,Harlem,40.82645,-73.95235,240.0,5.0,1.0,0.1506849315068493,13199.999999999998,48120.0
32302386,Lovely one bedroom unit in Manhattan,Manhattan,Harlem,40.80394,-73.955,247.0,5.0,2.0,0.16712328767123288,15067.000000000002,48041.49999999999
33254551,huge sunny 1 bed Times Square!!!!!!,Manhattan,Hell's Kitchen,40.76485,-73.99316,188.0,5.0,11.0,0.0,0.0,48034.0
32181433,Awesome Private Room with 2 Beds Near 2 Metros,Brooklyn,Williamsburg,40.70598,-73.9406,203.0,5.0,83.0,0.052054794520547946,3857.0,48009.5
32680159,Sunny Room near subway!!,Manhattan,Inwood,40.86203,-73.92737,252.0,5.0,38.0,0.1780821917808219,16379.999999999998,48005.99999999999
32184746,"Best of Brooklyn 2: FAST Internet, Desk, Pets ok!",Brooklyn,Bedford-Stuyvesant,40.69233,-73.95225,404.0,5.0,87.0,0.37534246575342467,55348.0,47873.999999999985
34906481,Private Room perfect for medical Staff and student,Staten Island,Tompkinsville,40.63363,-74.09242,204.0,5.0,3.0,0.057534246575342465,4284.0,47837.99999999999
6784469,Modern Manhattan Oasis,Manhattan,Lower East Side,40.72126,-73.98482,471.0,5.0,76.0,0.42191780821917807,72534.0,47806.5
35395266,"Beach 67th Camper, Tiny house, Rockaway Beach",Queens,Arverne,40.59607,-73.79557,457.0,5.0,30.0,0.4136986301369863,69007.0,47756.499999999985
21694912,Chambers Queen - Modernist Room | Minutes from 5th,Manhattan,Midtown,40.7637,-73.97422,444.0,5.0,5.0,0.4054794520547945,65712.0,47729.999999999985
29685589,Lovely two bedroom with patio.,Manhattan,Washington Heights,40.83641,-73.94312,253.0,5.0,16.0,0.18356164383561643,16951.0,47690.5
34069194,1 BR Ultra Sunny Modern Apartment,Manhattan,Inwood,40.86822,-73.92027,224.0,5.0,25.0,0.1178082191780822,9632.0,47599.99999999999
29434292,Updated Large home 15 minutes from midtown,Queens,Long Island City,40.76078,-73.93065,265.0,5.0,55.0,0.20821917808219179,20140.0,47567.5
43204788,"Huge Apt 5 miles to Manhattan, Parking available",Queens,Maspeth,40.72693,-73.90319,230.0,5.0,92.0,0.13424657534246576,11270.0,47495.0
50195802,"Huge Apt 5 miles to Manhattan, Parking available",Queens,Maspeth,40.72693,-73.90319,230.0,5.0,92.0,0.13424657534246576,11270.0,47495.0
11633111,"Huge Apt 5 miles to Manhattan, Parking available",Queens,Maspeth,40.72693,-73.90319,230.0,5.0,92.0,0.13424657534246576,11270.0,47495.0
48940976,"Peaceful, Light-filled Room - Greenpoint, BK",Brooklyn,Greenpoint,40.73265,-73.95393,418.0,5.0,38.0,0.38904109589041097,59356.0,47442.999999999985
10378285,"Peaceful, Light-filled Room - Greenpoint, BK",Brooklyn,Greenpoint,40.73265,-73.95393,418.0,5.0,38.0,0.38904109589041097,59356.0,47442.999999999985
40421196,Light-Drenched Private 1 Bedroom,Brooklyn,Crown Heights,40.66664,-73.92805,636.0,5.0,56.0,0.4958904109589041,115116.0,47382.0
2326856,One-Bedroom Apt. on Upper East Side,Manhattan,Upper East Side,40.76841,-73.95213,627.0,5.0,8.0,0.4931506849315068,112859.99999999999,47338.500000000015
47296779,Homey studio in Midtown Manhattan,Manhattan,Murray Hill,40.75001,-73.97573,186.0,5.0,2.0,0.0027397260273972603,186.0,47336.99999999999
15725102,Homey studio in Midtown Manhattan,Manhattan,Murray Hill,40.75001,-73.97573,186.0,5.0,2.0,0.0027397260273972603,186.0,47336.99999999999
40508460,Luxury Upper East Side Apartment,Manhattan,Upper East Side,40.76205,-73.96382,251.0,5.0,145.0,0.18356164383561643,16817.0,47313.49999999999
48421262,Lovely Two Bedroom Apt in Prime North Williamsburg,Brooklyn,Williamsburg,40.71827,-73.95494,406.0,5.0,51.0,0.38082191780821917,56434.0,47299.0
9858571,Lovely Two Bedroom Apt in Prime North Williamsburg,Brooklyn,Williamsburg,40.71827,-73.95494,406.0,5.0,51.0,0.38082191780821917,56434.0,47299.0
29376853,Private Spacious Queen Room in the ❤️ of Bed-Stuy,Brooklyn,Bedford-Stuyvesant,40.68217394,-73.93880375,237.0,5.0,4.0,0.15342465753424658,13272.000000000002,47281.49999999999
3853966,"Sunny zen apt in Park Slope, BK",Brooklyn,Gowanus,40.6779,-73.98421,230.0,5.0,9.0,0.136986301369863,11500.0,47265.0
54620829,Cozy Private Room in Bedsty,Brooklyn,Bedford-Stuyvesant,40.68374,-73.94368,194.0,5.0,20.0,0.03287671232876712,2328.0,47238.99999999999
19862933,Cozy Private Room in Bedsty,Brooklyn,Bedford-Stuyvesant,40.68374,-73.94368,194.0,5.0,20.0,0.03287671232876712,2328.0,47238.99999999999
36299934,"Sohotel, Deluxe King",Manhattan,Little Italy,40.71933,-73.994843,253.0,5.0,6.0,0.18904109589041096,17457.0,47184.5
29472953,Home in the Sky | Brand New 2BR Penthouse,Manhattan,Hell's Kitchen,40.76054,-73.99775,221.0,5.0,13.0,0.11506849315068493,9282.0,47183.49999999999
9605618,Beautiful Sunlight Studio Apt,Brooklyn,Bedford-Stuyvesant,40.69175,-73.95554,356.0,5.0,4.0,0.336986301369863,43788.0,47170.0
48168308,Beautiful Sunlight Studio Apt,Brooklyn,Bedford-Stuyvesant,40.69175,-73.95554,356.0,5.0,4.0,0.336986301369863,43788.0,47170.0
7045155,"Full Bedroom Avaliable, Astoria",Queens,Astoria,40.76615,-73.91325,423.0,5.0,6.0,0.39452054794520547,60912.0,47164.499999999985
2779742,Sunny bedroom in Williamsburg,Brooklyn,Williamsburg,40.71278,-73.94035,297.0,5.0,1.0,0.26575342465753427,28809.0,47074.499999999985
28785340,TRIBECA/SOHO 2 BEDROOM LUXURY LOFT w FIREPLACE,Manhattan,SoHo,40.72054,-74.00198,276.0,5.0,40.0,0.2328767123287671,23459.999999999996,47058.0
5434096,"Sunny, Charming Williamsburg 1-BR",Brooklyn,Williamsburg,40.70778,-73.94953,381.0,5.0,7.0,0.36164383561643837,50292.00000000001,47053.49999999999
39281249,Williamsburg 2b apartment with deck,Brooklyn,Williamsburg,40.71739,-73.95472,407.0,5.0,338.0,0.3835616438356164,56980.0,47008.499999999985
34394499,Cozy Bright Room In Bushwick NEXT to L and M train,Brooklyn,Bushwick,40.69719,-73.90813,400.0,5.0,76.0,0.3780821917808219,55200.0,47000.0
2022539,ON HIGHLINE! Private room & bath,Manhattan,Chelsea,40.75284,-74.00138,221.0,5.0,251.0,0.1178082191780822,9503.0,46962.49999999999
27100273,Jackson Heights stay near everything,Queens,Elmhurst,40.74509,-73.88492,212.0,5.0,1.0,0.09315068493150686,7208.000000000001,46957.99999999999
25291490,McDonald,Queens,Jackson Heights,40.75606,-73.87787,195.0,5.0,3.0,0.0410958904109589,2925.0,46897.5
33905713,3 Bedroom unit For large groups and gatherings,Brooklyn,East Flatbush,40.63491,-73.94758,185.0,5.0,8.0,0.005479452054794521,370.0,46897.5
23653921,A3 Cozy private room,Brooklyn,Bushwick,40.69217,-73.90396,199.0,5.0,11.0,0.0547945205479452,3979.9999999999995,46864.49999999999
38890773,Sunny Private Bedroom in a Luxurious Apartment,Queens,Astoria,40.7623,-73.91645,184.0,5.0,26.0,0.0027397260273972603,184.0,46827.99999999999
35913876,Large Luxury Studio with a view,Manhattan,East Harlem,40.80243,-73.9373,184.0,5.0,88.0,0.0027397260273972603,184.0,46827.99999999999
36843397,Standard Charming Suite at times SQ Boutique Hotel,Manhattan,Theater District,40.76003,-73.98547,184.0,5.0,8.0,0.0027397260273972603,184.0,46827.99999999999
3609297,Garden apt 15 mins from Manhattan,Queens,Sunnyside,40.73873,-73.92435,494.0,5.0,9.0,0.4410958904109589,79534.0,46682.999999999985
32751958,NEW Stylish 2br loft + garden,Manhattan,SoHo,40.72615,-73.99936,533.0,5.0,6.0,0.4602739726027397,89544.0,46637.5
15567144,Charming bright room in SoHo w/access to rooftop,Manhattan,SoHo,40.72709,-74.00447,360.0,5.0,20.0,0.3452054794520548,45360.0,46619.999999999985
47138821,Charming bright room in SoHo w/access to rooftop,Manhattan,SoHo,40.72709,-74.00447,360.0,5.0,20.0,0.3452054794520548,45360.0,46619.999999999985
14722677,Convenient & Cozy Upper East Side Apartment,Manhattan,Upper East Side,40.7593,-73.95967,182.0,5.0,10.0,0.0,0.0,46501.0
46294354,Convenient & Cozy Upper East Side Apartment,Manhattan,Upper East Side,40.7593,-73.95967,182.0,5.0,10.0,0.0,0.0,46501.0
46902437,2 Bed BK Duplex w/ terrace & amazing NYC view,Brooklyn,Greenpoint,40.73227,-73.95149,228.0,5.0,20.0,0.14246575342465753,11855.999999999998,46398.0
15330760,2 Bed BK Duplex w/ terrace & amazing NYC view,Brooklyn,Greenpoint,40.73227,-73.95149,228.0,5.0,20.0,0.14246575342465753,11855.999999999998,46398.0
16906471,Modern Room in Coliving/15min walk to Williamsburg,Brooklyn,Bedford-Stuyvesant,40.69676,-73.93959,213.0,5.0,4.0,0.10410958904109589,8094.0,46327.5
55325564,Sonder | 180 Water | Beautiful Studio + Rooftop,Manhattan,Financial District,40.70619,-74.0064,443.0,5.0,1.0,0.4136986301369863,66893.0,46293.499999999985
20567668,Sonder | 180 Water | Beautiful Studio + Rooftop,Manhattan,Financial District,40.70619,-74.0064,443.0,5.0,1.0,0.4136986301369863,66893.0,46293.499999999985
45723829,Bright & lovely 1BD Apartment,Queens,Ridgewood,40.70684,-73.89474,575.0,5.0,2.0,0.4794520547945205,100625.0,46287.5
14152151,Bright & lovely 1BD Apartment,Queens,Ridgewood,40.70684,-73.89474,575.0,5.0,2.0,0.4794520547945205,100625.0,46287.5
29046578,Sunny Bloomingdale,Manhattan,Upper West Side,40.79998,-73.9655,273.0,5.0,143.0,0.2356164383561644,23478.0,46273.5
8572264,Spacious Private Room in Brooklyn,Brooklyn,Bushwick,40.69288,-73.90831,206.0,5.0,54.0,0.08493150684931507,6386.0,46246.99999999999
2156748,Dumbo Loft With A Beautiful View,Brooklyn,DUMBO,40.70447,-73.98754,393.0,5.0,14.0,0.3780821917808219,54234.0,46177.499999999985
37115681,New 1BR~Elevator~Walk to C park~W/D~Juliat Balcony,Manhattan,Hell's Kitchen,40.76652,-73.98651,202.0,5.0,3.0,0.07397260273972603,5454.0,46156.99999999999
1466373,E Williamsburg Apartment with Yard,Brooklyn,Williamsburg,40.71143,-73.94159,459.0,5.0,98.0,0.4246575342465753,71145.0,46129.499999999985
36112152,"Lovely Room in Sunnsyide, 15 min ride to Manhattan",Queens,Sunnyside,40.73733,-73.92165,212.0,5.0,6.0,0.10410958904109589,8056.0,46109.99999999999
20312506,New York Hotel,Manhattan,Midtown,40.75355,-73.97352,618.0,5.0,3.0,0.4958904109589041,111858.0,46041.0
20312506,New York Hotel,Manhattan,Midtown,40.75355,-73.97352,618.0,5.0,3.0,0.4958904109589041,111858.0,46041.0
55070401,New York Hotel,Manhattan,Midtown,40.75355,-73.97352,618.0,5.0,3.0,0.4958904109589041,111858.0,46041.0
20207016,Lovely 3 bedroom Townhouse in BK Historic District,Brooklyn,Prospect-Lefferts Gardens,40.6626,-73.95598,350.0,5.0,33.0,0.33972602739726027,43400.0,46024.999999999985
24171978,Cozy and Comfortable Vacation Apartment in Queens!,Queens,Maspeth,40.73173,-73.899,626.0,5.0,13.0,0.4986301369863014,113932.00000000001,46010.999999999985
42180824,Cozy and Comfortable Vacation Apartment in Queens!,Queens,Maspeth,40.73173,-73.899,626.0,5.0,13.0,0.4986301369863014,113932.00000000001,46010.999999999985
4624976,Nirvana On Riverside,Manhattan,Harlem,40.82501,-73.95373,405.0,5.0,4.0,0.38904109589041097,57510.00000000001,45967.49999999999
3809782,"BRAND NEW 1BD, Columbus Circle!!",Manhattan,Hell's Kitchen,40.76882,-73.98699,423.0,5.0,10.0,0.40273972602739727,62181.0,45895.499999999985
36371733,433 West 53-Two Bedroom apartment,Manhattan,Hell's Kitchen,40.76542,-73.98986,404.0,5.0,3.0,0.38904109589041097,57368.00000000001,45853.99999999998
43833306,Whole 2 bedrooms apartment in HK,Manhattan,Hell's Kitchen,40.7625,-73.98802,247.0,5.0,31.0,0.1917808219178082,17290.0,45818.49999999999
50824319,Whole 2 bedrooms apartment in HK,Manhattan,Hell's Kitchen,40.7625,-73.98802,247.0,5.0,31.0,0.1917808219178082,17290.0,45818.49999999999
12261628,Whole 2 bedrooms apartment in HK,Manhattan,Hell's Kitchen,40.7625,-73.98802,247.0,5.0,31.0,0.1917808219178082,17290.0,45818.49999999999
56493679,Whole 2 bedrooms apartment in HK,Manhattan,Hell's Kitchen,40.7625,-73.98802,247.0,5.0,31.0,0.1917808219178082,17290.0,45818.49999999999
8445788,West Village Dream *Newly Renovated,Manhattan,West Village,40.7313,-74.00154,614.0,5.0,5.0,0.4958904109589041,111134.0,45742.99999999997
22380317,"Lofty UES 1BR w/ Indoor pool, Doorman, City views by Blueground",Manhattan,Upper East Side,40.77518,-73.9491,364.0,5.0,1.0,0.3561643835616438,47319.99999999999,45682.00000000001
34170817,Private room in Williamsburg with backyard access,Brooklyn,Williamsburg,40.71213,-73.9632,366.0,5.0,1.0,0.3589041095890411,47946.0,45567.0
14725439,Traveler/Student Prvt Rm w/  1/2 Bath (001),Staten Island,Concord,40.60613,-74.08907,192.0,5.0,19.0,0.052054794520547946,3648.0,45407.99999999999
46297116,Traveler/Student Prvt Rm w/  1/2 Bath (001),Staten Island,Concord,40.60613,-74.08907,192.0,5.0,19.0,0.052054794520547946,3648.0,45407.99999999999
25115306,"subway  1 min away,  manhattan 10 min.",Queens,Astoria,40.75839,-73.91191,196.0,5.0,9.0,0.06575342465753424,4703.999999999999,45373.99999999999
38910103,The ocean view room size 12x14,Brooklyn,Crown Heights,40.67139,-73.93131,269.0,5.0,11.0,0.23835616438356164,23402.999999999996,45326.5
35903382,CONTACT B4 you BOOK! Nice apt!2 blocks fromTSquare,Manhattan,Hell's Kitchen,40.76425,-73.98764,399.0,5.0,2.0,0.38904109589041097,56658.00000000001,45286.49999999998
29413305,*TRANQUILITY Private Room. let the birds sing !*,Queens,Elmhurst,40.74375,-73.8832,211.0,5.0,92.0,0.11232876712328767,8651.0,45259.49999999999
33730634,"Cozy & Luxury Bedroom  Astoria  NY, 15 m Manhattan",Queens,Ditmars Steinway,40.77685,-73.90748,228.0,5.0,2.0,0.15616438356164383,12996.0,45258.0
8223763,Spacious Private 1-Bedroom Apartment,Queens,Long Island City,40.74691,-73.95348,607.0,5.0,93.0,0.4958904109589041,109867.00000000001,45221.499999999985
26011689,Unique Home Besides Times Square!! NYC!!!,Manhattan,Hell's Kitchen,40.76383,-73.98704,576.0,5.0,2.0,0.4849315068493151,101952.0,45216.0
8034324,Sunset Retreat - Charming Oasis,Brooklyn,Sunset Park,40.64218,-74.01175,468.0,5.0,75.0,0.43561643835616437,74412.0,45161.999999999985
55263706,Beautiful 2 Bedroom Apartment Near LGA and City,Queens,East Elmhurst,40.76708,-73.8795,242.0,5.0,52.0,0.18904109589041096,16698.0,45132.99999999999
20505811,Beautiful 2 Bedroom Apartment Near LGA and City,Queens,East Elmhurst,40.76708,-73.8795,242.0,5.0,52.0,0.18904109589041096,16698.0,45132.99999999999
10023157,Brighton Beach Studio Half Block From the Ocean,Brooklyn,Brighton Beach,40.57509,-73.96603,394.0,5.0,1.0,0.3863013698630137,55554.0,45112.999999999985
48585847,Brighton Beach Studio Half Block From the Ocean,Brooklyn,Brighton Beach,40.57509,-73.96603,394.0,5.0,1.0,0.3863013698630137,55554.0,45112.999999999985
14561958,Private and Comfortable bedroom,Queens,Richmond Hill,40.70008,-73.83344,200.0,5.0,53.0,0.0821917808219178,5999.999999999999,45100.0
46133635,Private and Comfortable bedroom,Queens,Richmond Hill,40.70008,-73.83344,200.0,5.0,53.0,0.0821917808219178,5999.999999999999,45100.0
39662336,Stylish West VILLAGE Water Views,Manhattan,West Village,40.73227,-74.00949,234.0,5.0,38.0,0.1726027397260274,14742.0,45044.99999999999
13461224,"Private second floor, 2 BR, wood-frame farmhouse.",Brooklyn,Clinton Hill,40.69368,-73.9671,330.0,5.0,109.0,0.32602739726027397,39270.0,45044.999999999985
35082112,Gorgeous light filled 1-bedroom apt- Crown Heights,Brooklyn,Crown Heights,40.66789,-73.95744,462.0,5.0,3.0,0.4328767123287671,72996.0,45044.999999999985
45032901,"Private second floor, 2 BR, wood-frame farmhouse.",Brooklyn,Clinton Hill,40.69368,-73.9671,330.0,5.0,109.0,0.32602739726027397,39270.0,45044.999999999985
36635180,1 female only looking to relax get some rest!,Staten Island,Richmondtown,40.5734,-74.13084,176.0,5.0,4.0,0.0,0.0,44967.99999999999
39115559,Sonder at One Platt | Superior One-Bedroom Apartment w/ Den,Manhattan,Financial District,40.70624,-74.00643,245.0,5.0,20.0,0.19726027397260273,17640.0,44957.5
30968029,Lovely one bedroom basement with huge space,Brooklyn,Bushwick,40.69365,-73.91382,178.0,5.0,1.0,0.00821917808219178,533.9999999999999,44945.0
21971062,DaDukes Giza,Queens,Long Island City,40.76538,-73.93882,177.0,5.0,18.0,0.005479452054794521,354.0,44869.5
33104878,Big brownstone garden apt w patio on great block,Manhattan,Harlem,40.82293,-73.94954,319.0,5.0,108.0,0.3150684931506849,36685.0,44819.5
16073051,Charming Prvt Rm  Students/Travelers 8 min to SIUH,Staten Island,Arrochar,40.59746,-74.08406,218.0,5.0,26.0,0.136986301369863,10899.999999999998,44799.0
48673663,UWS Room May 30 - June 8,Manhattan,Upper West Side,40.77282,-73.9808,196.0,5.0,1.0,0.07397260273972603,5292.0,44785.99999999999
10110972,UWS Room May 30 - June 8,Manhattan,Upper West Side,40.77282,-73.9808,196.0,5.0,1.0,0.07397260273972603,5292.0,44785.99999999999
40015256,Cozy Retreat in Brooklyn Apartment,Brooklyn,Kensington,40.6412,-73.9786,221.0,5.0,8.0,0.14520547945205478,11713.0,44752.49999999999
39752913,"Chic, quiet 1BR with patio (steps from the subway)",Brooklyn,Crown Heights,40.67121,-73.95534,345.0,5.0,125.0,0.3452054794520548,43470.00000000001,44677.49999999998
44836282,"Deluxe Private Bedroom, Near Manhattan NYC",Brooklyn,Crown Heights,40.67089,-73.9182,404.0,5.0,81.0,0.3972602739726027,58579.99999999999,44641.99999999999
51827296,"Deluxe Private Bedroom, Near Manhattan NYC",Brooklyn,Crown Heights,40.67089,-73.9182,404.0,5.0,81.0,0.3972602739726027,58579.99999999999,44641.99999999999
13264605,"Deluxe Private Bedroom, Near Manhattan NYC",Brooklyn,Crown Heights,40.67089,-73.9182,404.0,5.0,81.0,0.3972602739726027,58579.99999999999,44641.99999999999
4410684,Bushwick Duplex 1,Brooklyn,Bushwick,40.69213,-73.92371,283.0,5.0,4.0,0.2684931506849315,27734.0,44572.5
31675526,Modern Mid-Century Townhouse in Williamsburg!,Brooklyn,Williamsburg,40.71248,-73.96095,266.0,5.0,31.0,0.2410958904109589,23408.0,44555.0
48734968,Comfortable 2-bedroom centrally located in NYC!,Manhattan,Kips Bay,40.74429,-73.97663,540.0,5.0,2.0,0.473972602739726,93420.0,44550.0
10172278,Comfortable 2-bedroom centrally located in NYC!,Manhattan,Kips Bay,40.74429,-73.97663,540.0,5.0,2.0,0.473972602739726,93420.0,44550.0
33068979,Home away from Home: Comforts,Queens,East Elmhurst,40.7616,-73.87273,186.0,5.0,17.0,0.043835616438356165,2976.0,44546.99999999999
36725757,Your Exclusive  STAY  at Times SQ  Boutique Hotel,Manhattan,Hell's Kitchen,40.76175,-73.98735,175.0,5.0,2.0,0.0027397260273972603,175.0,44537.49999999999
37756349,Studio w/CV: Cleaning CDC guidelines implemented,Brooklyn,Greenpoint,40.7269,-73.94198,265.0,5.0,8.0,0.2410958904109589,23320.0,44387.5
39299475,Modern private room in condominium,Brooklyn,Williamsburg,40.71483,-73.96216,243.0,5.0,124.0,0.2,17739.0,44347.5
5053009,Sunny Room by Prospect Park,Brooklyn,Flatbush,40.65323,-73.96223,603.0,5.0,91.0,0.4986301369863014,109746.00000000001,44320.499999999985
37535981,"Luxury UWS 1 Bed w/ Gym, Laundry, Rooftop #6128",Manhattan,Upper West Side,40.79086,-73.97214,263.0,5.0,6.0,0.23835616438356164,22881.0,44315.5
34982698,Stylish 2 beds in a perfect location - by subway,Manhattan,Midtown,40.755787,-73.965126,315.0,5.0,5.0,0.3150684931506849,36225.0,44257.5
2617918,One very large room two beds,Brooklyn,Bedford-Stuyvesant,40.68208,-73.9104,339.0,5.0,2.0,0.3424657534246575,42375.0,44239.5
46836161,Quiet&Comfy Private Room near F/G train,Brooklyn,Kensington,40.64179,-73.97941,364.0,5.0,13.0,0.36712328767123287,48776.0,44226.0
15264484,Quiet&Comfy Private Room near F/G train,Brooklyn,Kensington,40.64179,-73.97941,364.0,5.0,13.0,0.36712328767123287,48776.0,44226.0
33410852,"Lovely 1 bedroom apartment in Astoria, NY",Queens,Astoria,40.76586,-73.90941,173.0,5.0,1.0,0.0,0.0,44201.5
30620080,"Cool Woodside room ->7 express , airport & Midtown",Queens,Woodside,40.74411,-73.9001,183.0,5.0,3.0,0.038356164383561646,2562.0000000000005,44194.5
28989139,Luxury Penthouse - Prime Upper East Side,Manhattan,Upper East Side,40.76543699,-73.96514107,207.0,5.0,4.0,0.11506849315068493,8694.0,44194.49999999999
33434601,"Cheerful, Comfortable & Convenient",Manhattan,Upper West Side,40.79859,-73.96442,505.0,5.0,114.0,0.4602739726027397,84840.0,44187.5
44810877,Williamsburg Dream Home,Brooklyn,Williamsburg,40.71724,-73.94492,499.0,5.0,8.0,0.4575342465753425,83333.0,44161.499999999985
13239199,Williamsburg Dream Home,Brooklyn,Williamsburg,40.71724,-73.94492,499.0,5.0,8.0,0.4575342465753425,83333.0,44161.499999999985
51801890,Williamsburg Dream Home,Brooklyn,Williamsburg,40.71724,-73.94492,499.0,5.0,8.0,0.4575342465753425,83333.0,44161.499999999985
56658816,Beautiful Area. Central Park views. Classic Apt,Manhattan,Upper East Side,40.77547,-73.9623,203.0,5.0,35.0,0.10410958904109589,7714.0,44152.5
12426766,Beautiful Area. Central Park views. Classic Apt,Manhattan,Upper East Side,40.77547,-73.9623,203.0,5.0,35.0,0.10410958904109589,7714.0,44152.5
50989457,Beautiful Area. Central Park views. Classic Apt,Manhattan,Upper East Side,40.77547,-73.9623,203.0,5.0,35.0,0.10410958904109589,7714.0,44152.5
43998443,Beautiful Area. Central Park views. Classic Apt,Manhattan,Upper East Side,40.77547,-73.9623,203.0,5.0,35.0,0.10410958904109589,7714.0,44152.5
22911077,2Beds Studio apartment in Prime Location,Manhattan,Midtown,40.74657,-73.98685,227.0,5.0,12.0,0.16712328767123288,13847.0,44151.49999999999
9778488,Studio Apartment near Columbia U,Manhattan,Upper West Side,40.80129,-73.96611,472.0,5.0,3.0,0.4438356164383562,76464.0,44131.999999999985
48341178,Studio Apartment near Columbia U,Manhattan,Upper West Side,40.80129,-73.96611,472.0,5.0,3.0,0.4438356164383562,76464.0,44131.999999999985
13686010,Spacious bedroom in Brooklyn - Great for couples!,Brooklyn,Kensington,40.63255,-73.97324,189.0,5.0,116.0,0.06027397260273973,4158.0,44131.49999999999
45257687,Spacious bedroom in Brooklyn - Great for couples!,Brooklyn,Kensington,40.63255,-73.97324,189.0,5.0,116.0,0.06027397260273973,4158.0,44131.49999999999
23901351,Cozy Escape in the thriving heart of Bed-Stuy,Brooklyn,Bedford-Stuyvesant,40.68529,-73.94028,230.0,5.0,9.0,0.17534246575342466,14720.0,44045.0
41910197,Cozy Escape in the thriving heart of Bed-Stuy,Brooklyn,Bedford-Stuyvesant,40.68529,-73.94028,230.0,5.0,9.0,0.17534246575342466,14720.0,44045.0
5154080,Master w/ private bath and sleeping loft. 2 beds,Manhattan,Upper West Side,40.78913,-73.97021,356.0,5.0,7.0,0.36164383561643837,46992.00000000001,43965.99999999999
1993819,Home Sweet Room-SAPPHIRE-Queens NYC,Queens,Elmhurst,40.73698,-73.87763,290.0,5.0,89.0,0.28493150684931506,30160.0,43935.0
12573126,Pretty modern 3-B APT near Everything you want!,Manhattan,Upper West Side,40.80007,-73.96524,193.0,5.0,4.0,0.07671232876712329,5404.0,43907.5
51135816,Pretty modern 3-B APT near Everything you want!,Manhattan,Upper West Side,40.80007,-73.96524,193.0,5.0,4.0,0.07671232876712329,5404.0,43907.5
56805176,Pretty modern 3-B APT near Everything you want!,Manhattan,Upper West Side,40.80007,-73.96524,193.0,5.0,4.0,0.07671232876712329,5404.0,43907.5
44144803,Pretty modern 3-B APT near Everything you want!,Manhattan,Upper West Side,40.80007,-73.96524,193.0,5.0,4.0,0.07671232876712329,5404.0,43907.5
7233489,"Bright, airy, private room/shared bath-W Harlem",Manhattan,Harlem,40.82219,-73.9448,424.0,5.0,58.0,0.41643835616438357,64448.0,43883.999999999985
2284881,Private Home w/ Parking in Brooklyn,Brooklyn,Kensington,40.64024,-73.96976,310.0,5.0,1.0,0.31232876712328766,35340.0,43865.0
29677857,Modern 3BR with huge garden in trendy Bed-Stuy,Brooklyn,Bedford-Stuyvesant,40.68725,-73.95225,230.0,5.0,22.0,0.1780821917808219,14950.0,43815.0
41125931,"Gorgeous Brooklyn Brownstone Flat, Great Location!",Brooklyn,Bedford-Stuyvesant,40.68121,-73.93038,287.0,5.0,188.0,0.2821917808219178,29561.0,43767.499999999985
11112844,Clean and Spacious Brooklyn Loft (Rear),Brooklyn,Williamsburg,40.70468,-73.93681,176.0,5.0,5.0,0.019178082191780823,1232.0000000000002,43735.99999999999
49675535,Clean and Spacious Brooklyn Loft (Rear),Brooklyn,Williamsburg,40.70468,-73.93681,176.0,5.0,5.0,0.019178082191780823,1232.0000000000002,43735.99999999999
18761647,Comfy one bedroom with backyard,Manhattan,Upper West Side,40.8004,-73.96867,252.0,5.0,23.0,0.22465753424657534,20664.0,43721.99999999999
53519543,Comfy one bedroom with backyard,Manhattan,Upper West Side,40.8004,-73.96867,252.0,5.0,23.0,0.22465753424657534,20664.0,43721.99999999999
28958210,★NEW★ | ❤eART of Bushwick | King Suite + Free pkng,Brooklyn,Cypress Hills,40.67895,-73.8927,354.0,5.0,10.0,0.36164383561643837,46728.0,43719.0
29168084,East Elmhurst room near LAG.,Queens,East Elmhurst,40.76146,-73.88029,192.0,5.0,53.0,0.07671232876712329,5376.0,43679.99999999999
28410880,"Beautiful, Private, & Spacious apt close to NYC",Brooklyn,East Flatbush,40.64476,-73.94842,228.0,5.0,34.0,0.17534246575342466,14592.0,43662.0
37758558,521 West 48-Studio near Time Square,Manhattan,Hell's Kitchen,40.76411,-73.99371,191.0,5.0,8.0,0.07397260273972603,5157.0,43643.49999999999
34619285,CheKell's Cozy Suite  B w/ patio  in Canarsie,Brooklyn,Canarsie,40.63638,-73.90926,194.0,5.0,11.0,0.08493150684931507,6014.000000000001,43552.99999999999
37801085,Artist 1 Bdrm 1 bath w/ Shrine Room,Brooklyn,Bedford-Stuyvesant,40.69674,-73.93703,569.0,5.0,120.0,0.4904109589041096,101851.0,43528.49999999997
7700735,Cozy Private Room in 2 bedroom APT,Brooklyn,Prospect-Lefferts Gardens,40.65837,-73.96115,255.0,5.0,67.0,0.2328767123287671,21675.0,43477.5
23521921,Amazing and Lofty 2BD space in Williamsburg,Brooklyn,Williamsburg,40.71524,-73.9553,197.0,5.0,14.0,0.0958904109589041,6895.0,43438.49999999999
32886167,有家客居 53,Queens,Flushing,40.74262,-73.81538,170.0,5.0,9.0,0.0,0.0,43434.99999999999
5815183,Sunny 1BR in hip East Village,Manhattan,East Village,40.72354,-73.9819,267.0,5.0,17.0,0.2547945205479452,24831.0,43387.499999999985
5535719,Beautiful West Village Apartment,Manhattan,West Village,40.74039,-74.00665,277.0,5.0,3.0,0.27123287671232876,27423.0,43350.499999999985
3479506,Times Square Unique Studio,Manhattan,Hell's Kitchen,40.75771,-73.99407,525.0,5.0,257.0,0.473972602739726,90825.0,43312.5
34693845,The York Flat,Manhattan,Upper East Side,40.77667,-73.94955,217.0,5.0,1.0,0.15342465753424658,12152.000000000002,43291.49999999999
27219569,Sunny and clean bedroom 25 min from Manhattan,Brooklyn,Crown Heights,40.67615,-73.93046,172.0,5.0,5.0,0.010958904109589041,688.0,43258.0
34239302,"Beautiful 5bedrm duplex, great 4 groups sleeps 10",Manhattan,Harlem,40.82358,-73.94498,181.0,5.0,80.0,0.04657534246575343,3077.0,43168.49999999999
30603511,Newly renovated and cozy 1-bedroom in Brooklyn,Brooklyn,Bay Ridge,40.63351,-74.0282,536.0,5.0,189.0,0.4794520547945205,93799.99999999999,43148.000000000015
37017371,Central Park Apts - Small twin bed studio 30,Manhattan,Upper West Side,40.79753,-73.96188,323.0,5.0,1.0,0.33424657534246577,39406.0,43120.5
6454746,GREAT APARTMENT IN BED STUY,Brooklyn,Bedford-Stuyvesant,40.6862,-73.9542,487.0,5.0,7.0,0.4575342465753425,81329.0,43099.499999999985
38180515,Lovely Single Room | 1 block Central Park,Manhattan,Upper West Side,40.79954,-73.96146,185.0,5.0,1.0,0.06301369863013699,4255.0,43012.5
31721367,Sonder Battery Park | Superior One-Bedroom Apartment,Manhattan,Financial District,40.70619,-74.01461,173.0,5.0,37.0,0.019178082191780823,1211.0,42990.5
16884379,3-BR duplex in Bed-Stuy Brownstone,Brooklyn,Bedford-Stuyvesant,40.68376,-73.95109,392.0,5.0,41.0,0.4,57232.00000000001,42923.99999999998
37042225,(P2)Entire private studio/Please contact before!,Manhattan,Hell's Kitchen,40.76442,-73.99026,584.0,5.0,2.0,0.4986301369863014,106288.0,42923.99999999997
48709562,Spacious artsy apartment near Gramercy/Flatiron,Manhattan,Flatiron District,40.74154,-73.98515,430.0,5.0,1.0,0.4273972602739726,67080.0,42785.0
10146872,Spacious artsy apartment near Gramercy/Flatiron,Manhattan,Flatiron District,40.74154,-73.98515,430.0,5.0,1.0,0.4273972602739726,67080.0,42785.0
40883471,Large Chill and Vibes 1 Bedroom,Brooklyn,Bushwick,40.69881,-73.93057,545.0,5.0,2.0,0.4849315068493151,96465.00000000001,42782.499999999985
30308583,Amazing Columbus Circle/Central Park 3 Bedroom,Manhattan,Upper West Side,40.76846,-73.98254,361.0,5.0,180.0,0.37534246575342467,49457.0,42778.5
35589124,Cozy Studio Gravesend Coney Island Hospital Beach,Brooklyn,Gravesend,40.58717,-73.97176,199.0,5.0,25.0,0.11232876712328767,8158.999999999999,42685.49999999999
35589124,Cozy Studio Gravesend Coney Island Hospital Beach,Brooklyn,Gravesend,40.58717,-73.97176,199.0,5.0,25.0,0.11232876712328767,8158.999999999999,42685.49999999999
36424201,Charming Brownstone 3 - Near PRATT,Brooklyn,Bedford-Stuyvesant,40.67946,-73.95417,354.0,5.0,72.0,0.3698630136986301,47790.0,42657.0
23202139,Cozy JFK,Queens,St. Albans,40.68985,-73.75265,535.0,5.0,10.0,0.4821917808219178,94160.0,42532.5
47622084,Spacious & sunny room in Brooklyn!,Brooklyn,Crown Heights,40.6718,-73.94266,192.0,5.0,2.0,0.09315068493150686,6528.0,42527.99999999999
9059393,Spacious & sunny room in Brooklyn!,Brooklyn,Crown Heights,40.6718,-73.94266,192.0,5.0,2.0,0.09315068493150686,6528.0,42527.99999999999
31456815,Brooklyn modern studio apartment!,Brooklyn,Bedford-Stuyvesant,40.68355,-73.95401,427.0,5.0,135.0,0.4273972602739726,66612.0,42486.499999999985
8505988,Spacious 2 bdr Bed-Stuy Brownstone,Brooklyn,Bedford-Stuyvesant,40.69145,-73.93536,197.0,5.0,1.0,0.1095890410958904,7879.999999999999,42453.49999999999
20848789,Sonder | 21 Chelsea | Lively 1BR + Rooftop,Manhattan,Chelsea,40.7425,-73.99427,384.0,5.0,1.0,0.3972602739726027,55679.99999999999,42431.99999999999
55606685,Sonder | 21 Chelsea | Lively 1BR + Rooftop,Manhattan,Chelsea,40.7425,-73.99427,384.0,5.0,1.0,0.3972602739726027,55679.99999999999,42431.99999999999
40696794,Manhattan/ private room & private toilet.,Manhattan,Little Italy,40.71912,-73.99776,409.0,5.0,6.0,0.41643835616438357,62168.00000000001,42331.49999999998
32113500,Cozy 2 bedroom 5min LGA/15min JFK  on main floor,Queens,East Elmhurst,40.76474,-73.87659,178.0,5.0,19.0,0.049315068493150684,3204.0,42275.0
35101995,Blue Moon Hotel | Charming Double Queen with Balcony,Manhattan,Lower East Side,40.71929,-73.98903,178.0,5.0,7.0,0.049315068493150684,3204.0,42275.0
50074296,Room In Gorgeous Gut Renovated NY Apartment,Manhattan,Murray Hill,40.74825,-73.97673,166.0,5.0,3.0,0.0027397260273972603,166.0,42246.99999999999
11511605,Room In Gorgeous Gut Renovated NY Apartment,Manhattan,Murray Hill,40.74825,-73.97673,166.0,5.0,3.0,0.0027397260273972603,166.0,42246.99999999999
43083282,Room In Gorgeous Gut Renovated NY Apartment,Manhattan,Murray Hill,40.74825,-73.97673,166.0,5.0,3.0,0.0027397260273972603,166.0,42246.99999999999
25585314,Amazing Cozy 2 Bedroom | Heart of Lower Manhattan!,Manhattan,Chinatown,40.713,-73.99645,224.0,5.0,5.0,0.18356164383561643,15008.0,42223.99999999999
42190213,Brooklyn Artist Loft,Brooklyn,Bushwick,40.69835,-73.9361,195.0,5.0,5.0,0.10684931506849316,7605.0,42217.5
24181367,Brooklyn Artist Loft,Brooklyn,Bushwick,40.69835,-73.9361,195.0,5.0,5.0,0.10684931506849316,7605.0,42217.5
2291509,Amazing Upper West Side Loft-Studio,Manhattan,Upper West Side,40.78898,-73.97589,328.0,5.0,12.0,0.34794520547945207,41656.0,42148.0
2801834,Family house in South Park Slope,Brooklyn,South Slope,40.66583,-73.98956,269.0,5.0,10.0,0.27123287671232876,26631.0,42098.5
21055901,4min subway.free parking big private room温馨漂亮大睡房,Queens,Forest Hills,40.71984,-73.83969,440.0,5.0,28.0,0.4383561643835616,70399.99999999999,42020.000000000015
55813797,4min subway.free parking big private room温馨漂亮大睡房,Queens,Forest Hills,40.71984,-73.83969,440.0,5.0,28.0,0.4383561643835616,70399.99999999999,42020.000000000015
7263866,Beautiful Quiet Chelsea Apartment,Manhattan,Chelsea,40.7442,-74.00123,172.0,5.0,1.0,0.03287671232876712,2064.0,41882.0
30774724,Great One Bedroom  Apartment Next  Empire State #4,Manhattan,Midtown,40.74605,-73.98889,242.0,5.0,7.0,0.2273972602739726,20086.0,41744.99999999999
31998621,"Airy, modern apartment in a Brooklyn Brownstone",Brooklyn,Bedford-Stuyvesant,40.67992,-73.93789,488.0,5.0,117.0,0.4657534246575342,82960.0,41723.999999999985
49399937,Queen of Elevated Castle,Manhattan,Hell's Kitchen,40.76492,-73.99128,202.0,5.0,119.0,0.13424657534246576,9898.0,41712.99999999999
10837247,Queen of Elevated Castle,Manhattan,Hell's Kitchen,40.76492,-73.99128,202.0,5.0,119.0,0.13424657534246576,9898.0,41712.99999999999
23775427,Charming Bedroom in West Village,Manhattan,West Village,40.73231,-74.00377,189.0,5.0,4.0,0.0958904109589041,6615.0,41674.49999999999
29801020,Authentic Brownstone New York Living,Brooklyn,Bedford-Stuyvesant,40.68269,-73.94207,228.0,5.0,57.0,0.2,16644.0,41610.0
40304109,Cozy NY-style 1BDRM Apartment UES.,Manhattan,Upper East Side,40.76358,-73.95895,445.0,5.0,20.0,0.4438356164383562,72090.0,41607.5
27285293,Best Location! Massive 5BR Townhouse w/ Deck!,Manhattan,Midtown,40.7624,-73.9693,300.0,5.0,2.0,0.32054794520547947,35100.0,41550.0
9708898,Bright & Spacious Studio Apartment,Brooklyn,Williamsburg,40.71121,-73.96698,474.0,5.0,5.0,0.4602739726027397,79632.0,41474.999999999985
48271588,Bright & Spacious Studio Apartment,Brooklyn,Williamsburg,40.71121,-73.96698,474.0,5.0,5.0,0.4602739726027397,79632.0,41474.999999999985
42557493,"Classy apartment in downtown 
Everything you need",Manhattan,Stuyvesant Town,40.73223,-73.98134,347.0,5.0,26.0,0.3726027397260274,47192.0,41466.499999999985
34276306,Wonderful  Family Friendly Home Near  Broadway #87,Manhattan,Midtown,40.74816,-73.98874,281.0,5.0,7.0,0.2958904109589041,30348.0,41447.5
18151908,Charming Historic House in Marble Hill!,Manhattan,Marble Hill,40.87621,-73.90997,322.0,5.0,3.0,0.34794520547945207,40894.00000000001,41376.99999999998
52909804,Charming Historic House in Marble Hill!,Manhattan,Marble Hill,40.87621,-73.90997,322.0,5.0,3.0,0.34794520547945207,40894.00000000001,41376.99999999998
46773199,Cool studio in midtown Manhattan,Manhattan,Murray Hill,40.7482,-73.97525,185.0,5.0,4.0,0.08767123287671233,5920.0,41347.5
15201521,Cool studio in midtown Manhattan,Manhattan,Murray Hill,40.7482,-73.97525,185.0,5.0,4.0,0.08767123287671233,5920.0,41347.5
36862727,Lower East Side Studio - Great location! #13,Manhattan,Lower East Side,40.72181,-73.99226,346.0,5.0,5.0,0.3726027397260274,47056.00000000001,41346.99999999999
48700726,LARGE SUNNY 2 BEDROOM APARTMENT IN BROOKLYN!,Brooklyn,Crown Heights,40.67206,-73.9429,501.0,5.0,13.0,0.473972602739726,86673.0,41332.5
2181601,Entire 1bdrm cnr of Fort Greene- off Park,Brooklyn,Fort Greene,40.68859,-73.9729,167.0,5.0,3.0,0.021917808219178082,1336.0,41332.5
10138035,LARGE SUNNY 2 BEDROOM APARTMENT IN BROOKLYN!,Brooklyn,Crown Heights,40.67206,-73.9429,501.0,5.0,13.0,0.473972602739726,86673.0,41332.5
30473169,"3Beds UES, next to Central Park",Manhattan,Upper East Side,40.77332,-73.95689,218.0,5.0,8.0,0.18082191780821918,14388.000000000002,41311.0
20882479,Bedroom Apartment in the Heart of Manhattan,Manhattan,Murray Hill,40.74536,-73.97506,208.0,5.0,13.0,0.15616438356164383,11855.999999999998,41288.0
55640375,Bedroom Apartment in the Heart of Manhattan,Manhattan,Murray Hill,40.74536,-73.97506,208.0,5.0,13.0,0.15616438356164383,11855.999999999998,41288.0
32814921,Large bedroom apartment  to rest,Staten Island,Clifton,40.61784,-74.0804,163.0,5.0,17.0,0.00821917808219178,489.0,41157.5
32427758,Cozy Love Nest Prospect Heights,Brooklyn,Prospect Heights,40.67379,-73.96623,169.0,5.0,160.0,0.03287671232876712,2028.0,41151.5
2731692,1 BR Penthouse with Private Terrace,Manhattan,Upper West Side,40.78618,-73.97339,310.0,5.0,38.0,0.336986301369863,38130.0,41075.0
40765831,Huge Room with Private Backyard - 25% OFF,Brooklyn,Crown Heights,40.67839,-73.95434,434.0,5.0,158.0,0.4410958904109589,69874.0,41012.999999999985
34517662,Brownstone garden apartment with access to patio,Bronx,Mott Haven,40.81149,-73.92376,167.0,5.0,69.0,0.0273972602739726,1669.9999999999998,40998.5
30733854,"Delightful, Bright and Comfortable Bedroom",Manhattan,Harlem,40.8115,-73.93957,452.0,5.0,21.0,0.4520547945205479,74580.0,40905.999999999985
54439675,Aery Room near all,Brooklyn,Bedford-Stuyvesant,40.68845,-73.95659,160.0,5.0,32.0,0.0,0.0,40880.0
19681779,Aery Room near all,Brooklyn,Bedford-Stuyvesant,40.68845,-73.95659,160.0,5.0,32.0,0.0,0.0,40880.0
29874475,Luxury 3 Bed in Manhattan close to everything!!!!,Manhattan,Washington Heights,40.85002,-73.93937,219.0,5.0,12.0,0.18904109589041096,15111.0,40843.49999999999
34018382,Beautiful newly furnished 1BR APT~ In unit laundry,Manhattan,Hell's Kitchen,40.76271,-73.99233,328.0,5.0,3.0,0.3589041095890411,42968.0,40836.0
17399123,The clove,Brooklyn,Prospect-Lefferts Gardens,40.65676,-73.94139,161.0,5.0,1.0,0.005479452054794521,322.0,40813.49999999999
52157019,The clove,Brooklyn,Prospect-Lefferts Gardens,40.65676,-73.94139,161.0,5.0,1.0,0.005479452054794521,322.0,40813.49999999999
6062613,Beautiful convenient Brooklyn loft,Brooklyn,Williamsburg,40.70711,-73.95136,446.0,5.0,5.0,0.44931506849315067,73144.0,40809.0
6062613,Beautiful convenient Brooklyn loft,Brooklyn,Williamsburg,40.70711,-73.95136,446.0,5.0,5.0,0.44931506849315067,73144.0,40809.0
33996843,Cozy room at Pat's Paradise,Queens,Rockaway Beach,40.5834,-73.81674,394.0,5.0,12.0,0.41643835616438357,59888.0,40778.999999999985
29667915,CENTERED LOCATION*2TH FLOOR*STUDIO FOR 6 PEOPLE,Manhattan,Midtown,40.74769,-73.98788,290.0,5.0,81.0,0.3150684931506849,33349.99999999999,40745.00000000001
9302957,A cozy place to set your mind free.,Brooklyn,East New York,40.67729,-73.87996,263.0,5.0,37.0,0.27671232876712326,26562.999999999996,40633.5
46150756,Beautiful Private Room,Manhattan,Harlem,40.82747,-73.94224,285.0,5.0,42.0,0.3095890410958904,32205.000000000004,40612.5
14579079,Beautiful Private Room,Manhattan,Harlem,40.82747,-73.94224,285.0,5.0,42.0,0.3095890410958904,32205.000000000004,40612.5
14961271,"Quite, clean & relaxing double bed room",Manhattan,Washington Heights,40.84532,-73.93814,283.0,5.0,34.0,0.30684931506849317,31696.000000000004,40610.5
46532948,"Quite, clean & relaxing double bed room",Manhattan,Washington Heights,40.84532,-73.93814,283.0,5.0,34.0,0.30684931506849317,31696.000000000004,40610.5
44167447,Spacious and Modern 2 Bedroom Apartment,Brooklyn,Bushwick,40.68994,-73.91556,268.0,5.0,113.0,0.28493150684931506,27872.0,40602.0
51158461,Spacious and Modern 2 Bedroom Apartment,Brooklyn,Bushwick,40.68994,-73.91556,268.0,5.0,113.0,0.28493150684931506,27872.0,40602.0
12595770,Spacious and Modern 2 Bedroom Apartment,Brooklyn,Bushwick,40.68994,-73.91556,268.0,5.0,113.0,0.28493150684931506,27872.0,40602.0
56827820,Spacious and Modern 2 Bedroom Apartment,Brooklyn,Bushwick,40.68994,-73.91556,268.0,5.0,113.0,0.28493150684931506,27872.0,40602.0
46103259,BedStuy Dream-house,Brooklyn,Bedford-Stuyvesant,40.68474,-73.91825,181.0,5.0,3.0,0.08767123287671233,5792.0,40453.49999999999
14531581,BedStuy Dream-house,Brooklyn,Bedford-Stuyvesant,40.68474,-73.91825,181.0,5.0,3.0,0.08767123287671233,5792.0,40453.49999999999
2908980,Classic Chelsea Brownstone 1 Bedroom,Manhattan,Chelsea,40.74374,-74.00044,224.0,5.0,177.0,0.2054794520547945,16800.0,40431.99999999999
54861080,Private room in east Williamsburg Brooklyn Loft,Brooklyn,Williamsburg,40.70859,-73.93572,515.0,5.0,47.0,0.4849315068493151,91155.0,40427.5
20103184,Private room in east Williamsburg Brooklyn Loft,Brooklyn,Williamsburg,40.70859,-73.93572,515.0,5.0,47.0,0.4849315068493151,91155.0,40427.5
6330479,Hip & Trendy Williamsburg 2 BR 2BA Apartment,Brooklyn,Williamsburg,40.71303,-73.9558,160.0,5.0,28.0,0.00821917808219178,480.0,40400.0
40231205,Charming Room in Astoria!!,Queens,Astoria,40.76752,-73.9273,158.0,5.0,12.0,0.0,0.0,40369.0
3747924,Williamsville Sleep & Stay,Brooklyn,Clinton Hill,40.6818,-73.96238,472.0,5.0,83.0,0.4657534246575342,80239.99999999999,40356.0
43057324,Stay in Solar Powered Apartment in NYC!!!,Queens,Long Island City,40.75957,-73.92863,202.0,5.0,95.0,0.15342465753424658,11312.0,40298.99999999999
11485647,Stay in Solar Powered Apartment in NYC!!!,Queens,Long Island City,40.75957,-73.92863,202.0,5.0,95.0,0.15342465753424658,11312.0,40298.99999999999
50048338,Stay in Solar Powered Apartment in NYC!!!,Queens,Long Island City,40.75957,-73.92863,202.0,5.0,95.0,0.15342465753424658,11312.0,40298.99999999999
5334682,Charming Brownstone Apartment,Brooklyn,Bedford-Stuyvesant,40.67955,-73.94662,194.0,5.0,42.0,0.13150684931506848,9312.0,40254.99999999999
29601087,NYC UPTOWN LIVING! Large Clean & Comfy 1-Bdrm Apt.,Manhattan,Harlem,40.81575,-73.9538,191.0,5.0,13.0,0.1232876712328767,8595.0,40205.49999999999
2813985,Colorful 1 Bedroom APT in the East Village,Manhattan,East Village,40.7334,-73.98801,272.0,5.0,34.0,0.2958904109589041,29376.0,40119.999999999985
30075513,2 Double beds w Skyline Views in Lower Manhattan,Manhattan,Financial District,40.71072,-74.01211,268.0,5.0,5.0,0.29041095890410956,28408.0,40066.0
32510603,Cozy Rockaway Getaway near JFK Airport sleeps 4!,Brooklyn,Canarsie,40.64128,-73.89376,158.0,5.0,2.0,0.005479452054794521,316.0,40053.0
49277327,"Cozy bedroom, convenient, Woodside, 7 train",Queens,Sunnyside,40.74582,-73.91233,369.0,5.0,78.0,0.40273972602739727,54243.0,40036.5
10714636,"Cozy bedroom, convenient, Woodside, 7 train",Queens,Sunnyside,40.74582,-73.91233,369.0,5.0,78.0,0.40273972602739727,54243.0,40036.5
10720711,LEGO Garden 1BR Apt +Patio near JFK & LGA Airports,Queens,Briarwood,40.71409,-73.82382,232.0,5.0,72.0,0.2273972602739726,19256.0,40019.99999999999
49283402,LEGO Garden 1BR Apt +Patio near JFK & LGA Airports,Queens,Briarwood,40.71409,-73.82382,232.0,5.0,72.0,0.2273972602739726,19256.0,40019.99999999999
33059037,2 bed room minutes away from NYC unit C,Staten Island,St. George,40.64557,-74.08443,159.0,5.0,19.0,0.010958904109589041,636.0,39988.5
31131510,Luxurious 2 Bed in Historic Brownstone w Backyard,Brooklyn,Crown Heights,40.67252,-73.94623,390.0,5.0,18.0,0.4191780821917808,59669.99999999999,39975.00000000001
53762003,Beautiful Modern Spacious 3 bedroom Apartment,Brooklyn,Flatlands,40.62915,-73.9198,473.0,5.0,64.0,0.4684931506849315,80883.0,39968.499999999985
19004107,Beautiful Modern Spacious 3 bedroom Apartment,Brooklyn,Flatlands,40.62915,-73.9198,473.0,5.0,64.0,0.4684931506849315,80883.0,39968.499999999985
27100825,AMAZING APARTMENT BROWNSTONE CONFI AND BIG!,Brooklyn,Bedford-Stuyvesant,40.69252,-73.93787,170.0,5.0,1.0,0.057534246575342465,3569.9999999999995,39864.99999999999
21778862,Hart st,Brooklyn,Bedford-Stuyvesant,40.69351,-73.95161,156.0,5.0,1.0,0.0,0.0,39857.99999999999
30864749,A cozy garden apartment,Brooklyn,Crown Heights,40.67711,-73.94861,211.0,5.0,165.0,0.18356164383561643,14137.0,39773.49999999999
40680777,"Beautiful studio aprt Cobble Hill, BK",Brooklyn,Boerum Hill,40.68589,-73.99102,285.0,5.0,38.0,0.3178082191780822,33060.00000000001,39757.49999999999
35804521,Beautiful studio in midtown Manhattan,Manhattan,Murray Hill,40.74831,-73.97672,347.0,5.0,3.0,0.3863013698630137,48927.0,39731.499999999985
16052063,Sunny Private Couples  Studio,Brooklyn,Bedford-Stuyvesant,40.69095,-73.95338,499.0,5.0,2.0,0.4821917808219178,87824.00000000001,39670.49999999997
7594141,Spacious Sunny room in East Village,Manhattan,East Village,40.72283,-73.98356,221.0,5.0,6.0,0.20821917808219179,16796.0,39669.49999999999
31392196,Studio basement apt,Bronx,Throgs Neck,40.82729,-73.82451,475.0,5.0,3.0,0.4712328767123288,81700.0,39662.5
31845082,Room for Two in Midtown West,Manhattan,Hell's Kitchen,40.76119,-73.99225,178.0,5.0,19.0,0.09041095890410959,5874.000000000001,39605.0
37989972,NON-SMOKING NY BROADWAY DOUBLE DOUBLE ROOM,Manhattan,Hell's Kitchen,40.75642,-73.99778,155.0,5.0,18.0,0.0,0.0,39602.5
38602472,"Cozy private room, 10 mins away from Central Park!",Manhattan,East Harlem,40.80111,-73.94246,155.0,5.0,144.0,0.0,0.0,39602.5
40263791,NEW_2BR_PrivateRoof&CityView_Beauty,Manhattan,Hell's Kitchen,40.76703,-73.98874,177.0,5.0,17.0,0.08767123287671233,5664.0,39559.5
19750816,Dazzling Room with 2 Beds+ Laundry in Williamsburg,Brooklyn,Williamsburg,40.71013,-73.9637,157.0,5.0,37.0,0.010958904109589041,628.0,39485.5
15605253,Bronx room,Bronx,Belmont,40.85444,-73.88462,157.0,5.0,5.0,0.010958904109589041,628.0,39485.5
54508712,Dazzling Room with 2 Beds+ Laundry in Williamsburg,Brooklyn,Williamsburg,40.71013,-73.9637,157.0,5.0,37.0,0.010958904109589041,628.0,39485.5
47176930,Bronx room,Bronx,Belmont,40.85444,-73.88462,157.0,5.0,5.0,0.010958904109589041,628.0,39485.5
5664405,"Cozy,  single bed room.15min to NYC",Queens,Ditmars Steinway,40.77209,-73.91082,490.0,5.0,25.0,0.4794520547945205,85749.99999999999,39445.000000000015
32044462,Spacious Luxury 2 Bedroom Themed Apartment,Queens,Flushing,40.75636,-73.82412,207.0,5.0,4.0,0.1780821917808219,13454.999999999998,39433.49999999999
34914765,These Streets Will Make You Feel Brand New 04,Manhattan,Morningside Heights,40.80346,-73.96459,295.0,5.0,11.0,0.33424657534246577,35990.00000000001,39382.49999999999
18478317,Staten Island retreat.,Staten Island,Randall Manor,40.6416,-74.09861,482.0,5.0,2.0,0.4767123287671233,83868.0,39282.999999999985
53236213,Staten Island retreat.,Staten Island,Randall Manor,40.6416,-74.09861,482.0,5.0,2.0,0.4767123287671233,83868.0,39282.999999999985
4416759,Large private 2 bedroom near Union Sq .,Manhattan,East Village,40.73337,-73.98828,171.0,5.0,109.0,0.07123287671232877,4446.0,39244.49999999999
35676387,Creative Director's Chinatown Loft,Manhattan,Chinatown,40.71502,-73.9917,379.0,5.0,19.0,0.41643835616438357,57608.0,39226.5
18411489,Summer escape in Brighton Beach,Brooklyn,Brighton Beach,40.57644,-73.95551,283.0,5.0,8.0,0.32054794520547947,33111.00000000001,39195.49999999999
53169385,Summer escape in Brighton Beach,Brooklyn,Brighton Beach,40.57644,-73.95551,283.0,5.0,8.0,0.32054794520547947,33111.00000000001,39195.49999999999
15248467,Contemporary bedroom in brownstone with nice view,Brooklyn,Bedford-Stuyvesant,40.68279,-73.9117,319.0,5.0,95.0,0.3643835616438356,42427.0,39077.5
46820144,Contemporary bedroom in brownstone with nice view,Brooklyn,Bedford-Stuyvesant,40.68279,-73.9117,319.0,5.0,95.0,0.3643835616438356,42427.0,39077.5
20189343,"Sunny, Spacious Bedroom 1/2 Block from Ft Green Pk",Brooklyn,Fort Greene,40.68811,-73.97539,178.0,5.0,4.0,0.09863013698630137,6408.0,39071.0
54947239,"Sunny, Spacious Bedroom 1/2 Block from Ft Green Pk",Brooklyn,Fort Greene,40.68811,-73.97539,178.0,5.0,4.0,0.09863013698630137,6408.0,39071.0
22987847,⭐️ Luxury Studio with modern finishes ⭐️,Bronx,Williamsbridge,40.87701,-73.86282,164.0,5.0,34.0,0.049315068493150684,2952.0,38950.0
23566657,Hip Bushwick Room close to L train (A),Brooklyn,Bushwick,40.68219,-73.90737,489.0,5.0,18.0,0.4821917808219178,86064.0,38875.499999999985
2642219,"Sunny, Large (Queen Bed) Private room in 2Bedroom",Manhattan,East Harlem,40.79377,-73.9361,365.0,5.0,30.0,0.40821917808219177,54385.0,38872.499999999985
29381824,Shared bunk beds - Female only,Manhattan,East Village,40.72526,-73.98826,210.0,5.0,1.0,0.19452054794520549,14910.000000000002,38745.0
15142425,Bushwick Renovated Apartment,Brooklyn,Bushwick,40.70014,-73.9215,167.0,5.0,48.0,0.06575342465753424,4007.9999999999995,38660.5
46714102,Bushwick Renovated Apartment,Brooklyn,Bushwick,40.70014,-73.9215,167.0,5.0,48.0,0.06575342465753424,4007.9999999999995,38660.5
25383172,Bright & clean space in lively Bushwick!,Brooklyn,Bushwick,40.69982,-73.92491,186.0,5.0,8.0,0.13150684931506848,8928.0,38594.99999999999
35401342,Hidden gem in Park Slope - 2 bed,Brooklyn,Boerum Hill,40.68203,-73.98034,195.0,5.0,2.0,0.1589041095890411,11310.000000000002,38512.5
40025749,Designer amazing room in NYC!!,Manhattan,Harlem,40.81388,-73.95105,270.0,5.0,206.0,0.3095890410958904,30510.0,38475.0
30052316,NYC Entire Apt•CozyAstoria/5min-City/5min-LGA,Queens,Ditmars Steinway,40.77356,-73.91337,220.0,5.0,16.0,0.2219178082191781,17820.0,38390.0
36479983,1 bedroom apartment  is rented  - WHOLE PLACE,Manhattan,Upper East Side,40.76486,-73.95991,267.0,5.0,88.0,0.30684931506849317,29904.0,38314.499999999985
34535335,"""ADORABLE CENTRAL 1BD LITTLE ITALY/SOHO""",Manhattan,Chinatown,40.71841,-73.99585,397.0,5.0,5.0,0.43561643835616437,63123.0,38310.499999999985
23800832,⭐Sleeps 10 ⭐ Rare 4 Bedroom ⭐ 30 Mins to NYC ⭐,Queens,Elmhurst,40.73102,-73.87383,203.0,5.0,20.0,0.18356164383561643,13601.0,38265.5
23710255,West Harlem Room - 1 Block from the Subway,Manhattan,Harlem,40.80393,-73.9574,486.0,5.0,3.0,0.4849315068493151,86022.0,38151.0
34754046,CHARM and COZY*5TH FLOOR*STUDIO FOR 5 PEOPLE,Manhattan,Midtown,40.74834,-73.98818,223.0,5.0,4.0,0.2328767123287671,18954.999999999996,38021.5
14233339,20m to Manhattan - 2 Floors + Express Subway,Brooklyn,Crown Heights,40.67476,-73.93016,272.0,5.0,6.0,0.3178082191780822,31552.000000000004,37943.999999999985
45805017,20m to Manhattan - 2 Floors + Express Subway,Brooklyn,Crown Heights,40.67476,-73.93016,272.0,5.0,6.0,0.3178082191780822,31552.000000000004,37943.999999999985
32214018,Cozy & Clean room  in Queens near Subway Station.,Queens,Woodside,40.74327,-73.9094,194.0,5.0,7.0,0.1643835616438356,11640.0,37926.99999999999
27088674,Fabulous 1-bedroom apartment in Clinton Hill,Brooklyn,Clinton Hill,40.6853,-73.96662,284.0,5.0,1.0,0.33424657534246577,34648.00000000001,37913.99999999999
26975453,"FLATBUSH PLACE TO COME AND GO  
1 out of 2 listing",Brooklyn,Flatbush,40.64936,-73.96061,163.0,5.0,2.0,0.06301369863013699,3749.0,37897.5
7559899,Cozy 1bdrm apt in Midtown Manhattan,Manhattan,Midtown,40.76362,-73.97542,288.0,5.0,10.0,0.33972602739726027,35712.0,37872.0
9622739,Historic Gem Close to SI Ferry,Staten Island,Clifton,40.62349,-74.07596,153.0,5.0,108.0,0.021917808219178082,1224.0,37867.5
48185430,Historic Gem Close to SI Ferry,Staten Island,Clifton,40.62349,-74.07596,153.0,5.0,108.0,0.021917808219178082,1224.0,37867.5
4211304,Charming Bedroom Bright and Cozy A2,Manhattan,East Harlem,40.78627,-73.94316,508.0,5.0,4.0,0.4958904109589041,91948.0,37845.999999999985
48697964,Large room avail in a shared apartment,Manhattan,Upper East Side,40.77983,-73.94798,223.0,5.0,5.0,0.2356164383561644,19178.0,37798.5
10135273,Large room avail in a shared apartment,Manhattan,Upper East Side,40.77983,-73.94798,223.0,5.0,5.0,0.2356164383561644,19178.0,37798.5
46852177,Nice  room midtown Manhattan 6rs,Manhattan,Hell's Kitchen,40.76506,-73.98567,327.0,5.0,6.0,0.3835616438356164,45779.99999999999,37768.49999999999
15280500,Nice  room midtown Manhattan 6rs,Manhattan,Hell's Kitchen,40.76506,-73.98567,327.0,5.0,6.0,0.3835616438356164,45779.99999999999,37768.49999999999
16571225,Stylish Queen Bed Room - Gowanus - Park Slope,Brooklyn,Gowanus,40.6779,-73.98459,166.0,5.0,38.0,0.07671232876712329,4648.0,37764.99999999999
53980161,Master bedroom in luxury apartment w. rooftop/gym,Brooklyn,Bushwick,40.70164,-73.9223,161.0,5.0,18.0,0.057534246575342465,3381.0000000000005,37754.49999999999
19222265,Master bedroom in luxury apartment w. rooftop/gym,Brooklyn,Bushwick,40.70164,-73.9223,161.0,5.0,18.0,0.057534246575342465,3381.0000000000005,37754.49999999999
40991722,Quintessential West Village apartment,Manhattan,West Village,40.73319,-74.00502,247.0,5.0,47.0,0.2821917808219178,25441.0,37667.49999999999
38668748,Cute 4 Bedroom in Hamilton Heights,Manhattan,Harlem,40.82188,-73.95719,147.0,5.0,1.0,0.0,0.0,37558.5
2549433,Nexus of the Universe!,Manhattan,Lower East Side,40.72317,-73.9929,190.0,5.0,105.0,0.1589041095890411,11020.0,37525.0
6358094,Luxury Upper East Side Apartment,Manhattan,Upper East Side,40.76205,-73.96382,251.0,5.0,145.0,0.29041095890410956,26605.999999999996,37524.5
42752455,BedStuy Private Room (D6),Brooklyn,Bedford-Stuyvesant,40.6905,-73.93038,322.0,5.0,6.0,0.38082191780821917,44758.0,37512.999999999985
30558775,Great One Bedroom  Apartment Next  Empire State #8,Manhattan,Midtown,40.74615,-73.98882,249.0,5.0,9.0,0.2876712328767123,26145.0,37474.49999999999
45220131,The Bridge Complex,Bronx,Pelham Gardens,40.85878,-73.83402,212.0,5.0,81.0,0.21643835616438356,16748.0,37417.99999999999
13648454,The Bridge Complex,Bronx,Pelham Gardens,40.85878,-73.83402,212.0,5.0,81.0,0.21643835616438356,16748.0,37417.99999999999
31630237,Williamsburg 2 Bedroom/1.5 Bath - 30 days min,Brooklyn,Williamsburg,40.71207,-73.9597,489.0,5.0,4.0,0.4904109589041096,87531.0,37408.499999999985
16935743,RENOVATED 2 BEDROOM APT NEAR CENTRAL PARK WEST,Manhattan,Upper West Side,40.79638,-73.96332,214.0,5.0,1.0,0.2219178082191781,17334.0,37342.99999999999
2279358,1 rm @ 3BR loft williamsburg room 2,Brooklyn,Greenpoint,40.72541,-73.9567,195.0,5.0,36.0,0.17534246575342466,12480.0,37342.5
13373408,The Heights,Manhattan,Washington Heights,40.85564,-73.93066,199.0,5.0,93.0,0.1863013698630137,13532.000000000002,37312.49999999999
44945086,The Heights,Manhattan,Washington Heights,40.85564,-73.93066,199.0,5.0,93.0,0.1863013698630137,13532.000000000002,37312.49999999999
13807516,LARGE 3 BEDROOMS UP  9 People 15 MIN TO MANHATTAN,Queens,Forest Hills,40.73437,-73.85227,475.0,5.0,2.0,0.4849315068493151,84075.0,37287.5
45379193,LARGE 3 BEDROOMS UP  9 People 15 MIN TO MANHATTAN,Queens,Forest Hills,40.73437,-73.85227,475.0,5.0,2.0,0.4849315068493151,84075.0,37287.5
6978327,Spacious Clinton Hill Room,Brooklyn,Clinton Hill,40.68717,-73.96015,247.0,5.0,1.0,0.2876712328767123,25935.0,37173.49999999999
20813442,Brand New Beautiful Home (25 min to Manhattan),Queens,Maspeth,40.74113,-73.90118,218.0,5.0,31.0,0.2328767123287671,18530.0,37169.0
55571338,Brand New Beautiful Home (25 min to Manhattan),Queens,Maspeth,40.74113,-73.90118,218.0,5.0,31.0,0.2328767123287671,18530.0,37169.0
31800898,"Bright, Cozy Home Share for Young Professionals",Brooklyn,Crown Heights,40.66904,-73.95843,194.0,5.0,7.0,0.17534246575342466,12416.0,37150.99999999999
35442764,MASSIVE 8BR/8BTH Brooklyn Townhouse w/ Backyard,Brooklyn,Bushwick,40.68286,-73.9097,147.0,5.0,13.0,0.00821917808219178,440.99999999999994,37117.5
2772562,"Space, elegance, and comfort - Room",Manhattan,East Harlem,40.80029,-73.94294,166.0,5.0,7.0,0.08767123287671233,5312.0,37100.99999999999
25864225,550 Square Feet Suite near Central Park,Manhattan,Theater District,40.76112,-73.98377,176.0,5.0,1.0,0.1232876712328767,7919.999999999999,37047.99999999999
45368147,Large King size bed private entrance 5 mins to NYC,Queens,Astoria,40.75777,-73.91577,376.0,5.0,17.0,0.4301369863013699,59032.00000000001,37035.99999999999
13796470,Large King size bed private entrance 5 mins to NYC,Queens,Astoria,40.75777,-73.91577,376.0,5.0,17.0,0.4301369863013699,59032.00000000001,37035.99999999999
31513150,The Peach Room,Brooklyn,Crown Heights,40.67222,-73.93028,269.0,5.0,27.0,0.3232876712328767,31742.000000000004,36987.5
13547383,"Sunny Studio in Park Slope, Brooklyn",Brooklyn,Park Slope,40.66989,-73.98757,489.0,5.0,86.0,0.4931506849315068,88020.0,36919.499999999985
45119060,"Sunny Studio in Park Slope, Brooklyn",Brooklyn,Park Slope,40.66989,-73.98757,489.0,5.0,86.0,0.4931506849315068,88020.0,36919.499999999985
34825845,Serenity Space,Manhattan,Harlem,40.81204,-73.9443,453.0,5.0,94.0,0.4767123287671233,78822.0,36919.499999999985
3934601,...New lower rates for low season!!,Queens,Ditmars Steinway,40.77376,-73.91855,252.0,5.0,207.0,0.29863013698630136,27468.0,36917.99999999999
40153331,Private Bedroom WITH a Living room!,Brooklyn,Crown Heights,40.67471,-73.94571,482.0,5.0,90.0,0.4904109589041096,86278.0,36872.999999999985
23662757,"Nice place,where you can be comfortable",Brooklyn,Brownsville,40.66779,-73.91676,171.0,5.0,3.0,0.1095890410958904,6840.0,36850.49999999999
3263005,Charming Cozy Cool 2BR Apartment.,Bronx,Co-op City,40.86646,-73.82154,278.0,5.0,2.0,0.336986301369863,34194.0,36835.0
36687648,Furnished spacious  NYC studio,Manhattan,Murray Hill,40.74818,-73.97616,144.0,5.0,3.0,0.0,0.0,36792.0
30093739,Only 2 stops to Manhattan studio,Brooklyn,Williamsburg,40.70935,-73.95342,468.0,5.0,184.0,0.4849315068493151,82836.0,36737.999999999985
35865274,Beautiful Rm  nearJfk / 15 mins LGA Free Parking,Queens,Springfield Gardens,40.66262,-73.7488,158.0,5.0,30.0,0.06301369863013699,3634.0,36735.0
21274060,Farm house style home in Bay Ridge (B),Brooklyn,Bay Ridge,40.63504,-74.0289,462.0,5.0,7.0,0.4821917808219178,81312.0,36728.999999999985
39835206,Entire 1bdrm cnr of Fort Greene- off Park,Brooklyn,Fort Greene,40.68859,-73.9729,167.0,5.0,3.0,0.09863013698630137,6012.0,36656.5
40843153,The City Farmhouse APT B **MONTHLY RENTALS**,Queens,Astoria,40.75837,-73.91387,320.0,5.0,61.0,0.3863013698630137,45120.00000000001,36639.99999999999
29422142,*THE BUSINESS TRAVELER ROOM*,Queens,Elmhurst,40.74362,-73.88171,170.0,5.0,78.0,0.1095890410958904,6800.0,36634.99999999999
36783748,Stunning Furnished Two Bedroom apartment.,Manhattan,Upper West Side,40.80081,-73.96184,170.0,5.0,7.0,0.1095890410958904,6800.0,36634.99999999999
30889603,Cozy Queen bed in Quiet Bedstuy!,Brooklyn,Bedford-Stuyvesant,40.69268,-73.94082,191.0,5.0,19.0,0.17534246575342466,12223.999999999998,36576.49999999999
4779068,Cozy Brownstone Room Near NYU Hospital,Brooklyn,Sunset Park,40.64132,-74.01767,478.0,5.0,11.0,0.4904109589041096,85562.0,36566.999999999985
47223323,Convenient 2 BR in Downtown Flushing Chinatown,Queens,Flushing,40.75951,-73.82189,195.0,5.0,5.0,0.1863013698630137,13260.000000000002,36562.5
15651646,Convenient 2 BR in Downtown Flushing Chinatown,Queens,Flushing,40.75951,-73.82189,195.0,5.0,5.0,0.1863013698630137,13260.000000000002,36562.5
28899114,Brownstone-Morningside Heights-Harlem,Manhattan,Harlem,40.80852,-73.95488,296.0,5.0,51.0,0.36164383561643837,39072.0,36556.0
21328185,Shared Apt living-room w/pull out click open couch,Manhattan,Upper East Side,40.77156,-73.95716,143.0,5.0,1.0,0.0,0.0,36536.5
24336563,TW #4 Private Rm 1st Fl. Full Size Bed 1 Guest,Bronx,Schuylerville,40.83647,-73.83491,497.0,5.0,5.0,0.4986301369863014,90454.0,36529.499999999985
42345409,TW #4 Private Rm 1st Fl. Full Size Bed 1 Guest,Bronx,Schuylerville,40.83647,-73.83491,497.0,5.0,5.0,0.4986301369863014,90454.0,36529.499999999985
35523400,LAVISH 3 Bedroom in Williamsburg!!,Brooklyn,Bedford-Stuyvesant,40.69526,-73.93985,258.0,5.0,19.0,0.31232876712328766,29412.0,36507.0
35523400,LAVISH 3 Bedroom in Williamsburg!!,Brooklyn,Bedford-Stuyvesant,40.69526,-73.93985,258.0,5.0,19.0,0.31232876712328766,29412.0,36507.0
1484046,Charming Ridgewood Soulful  Walk-Up,Queens,Ridgewood,40.70215,-73.91139,398.0,5.0,98.0,0.44931506849315067,65271.99999999999,36416.99999999999
42477961,"Your own sanctuary! Private Floor, 3min to subway",Brooklyn,Bedford-Stuyvesant,40.67812,-73.91465,220.0,5.0,14.0,0.2465753424657534,19800.0,36410.0
24469115,"Your own sanctuary! Private Floor, 3min to subway",Brooklyn,Bedford-Stuyvesant,40.67812,-73.91465,220.0,5.0,14.0,0.2465753424657534,19800.0,36410.0
49281193,Spacious room in historic part of Manhattan,Manhattan,Harlem,40.82984,-73.94226,205.0,5.0,57.0,0.2136986301369863,15990.000000000002,36387.5
10718502,Spacious room in historic part of Manhattan,Manhattan,Harlem,40.82984,-73.94226,205.0,5.0,57.0,0.2136986301369863,15990.000000000002,36387.5
8978205,Sunny Friendly 3BR Lower East Side,Manhattan,Lower East Side,40.72048,-73.9906,355.0,5.0,130.0,0.4191780821917808,54315.0,36387.499999999985
47540896,Sunny Friendly 3BR Lower East Side,Manhattan,Lower East Side,40.72048,-73.9906,355.0,5.0,130.0,0.4191780821917808,54315.0,36387.499999999985
28829524,😍L@@K!😍 Sunlit 3 bedroom in 20ft wide brownstone,Brooklyn,Bedford-Stuyvesant,40.69494,-73.9481,164.0,5.0,38.0,0.09315068493150686,5576.0,36326.0
2437868,1BR East Village Duplex w/ Terrace,Manhattan,East Village,40.72685,-73.97874,294.0,5.0,11.0,0.36164383561643837,38808.0,36309.0
28521893,Energy     JFK•Casino•Beach,Queens,Ozone Park,40.67186,-73.84234,147.0,5.0,51.0,0.024657534246575342,1323.0,36235.5
28476052,Unique 2 Bed/2 Bath Duplex Apt,Manhattan,East Harlem,40.80185,-73.94501,227.0,5.0,84.0,0.26301369863013696,21791.999999999996,36206.5
51527397,★ NEW 2 BEDROOM APT NEXT TO CENTRAL PARK WEST★,Manhattan,Upper West Side,40.79584,-73.96242,400.0,5.0,5.0,0.4520547945205479,65999.99999999999,36200.000000000015
12964706,★ NEW 2 BEDROOM APT NEXT TO CENTRAL PARK WEST★,Manhattan,Upper West Side,40.79584,-73.96242,400.0,5.0,5.0,0.4520547945205479,65999.99999999999,36200.000000000015
44536384,★ NEW 2 BEDROOM APT NEXT TO CENTRAL PARK WEST★,Manhattan,Upper West Side,40.79584,-73.96242,400.0,5.0,5.0,0.4520547945205479,65999.99999999999,36200.000000000015
57196756,★ NEW 2 BEDROOM APT NEXT TO CENTRAL PARK WEST★,Manhattan,Upper West Side,40.79584,-73.96242,400.0,5.0,5.0,0.4520547945205479,65999.99999999999,36200.000000000015
29730877,Stay on Madison,Manhattan,East Harlem,40.80867,-73.93974,409.0,5.0,106.0,0.4575342465753425,68303.0,36196.499999999985
39072480,"Modern, Cozy and affordable NY Home",Queens,Kew Gardens,40.71162,-73.82799,157.0,5.0,1.0,0.0684931506849315,3925.0,36188.5
34053730,Luxury living in cozy Studio in UWS.,Manhattan,Upper West Side,40.7924,-73.97302,234.0,5.0,1.0,0.27671232876712326,23633.999999999996,36153.0
36076804,Huge 1 Bedroom  Oasis in Heart of Williamsburg,Brooklyn,Williamsburg,40.71477,-73.9611,395.0,5.0,9.0,0.44931506849315067,64779.99999999999,36142.50000000001
2021986,1BR w/private bath in modern Prospect Heights apt,Brooklyn,Crown Heights,40.67231,-73.96032,324.0,5.0,24.0,0.39452054794520547,46656.0,36126.0
9723810,Uptown Bohemian 1BR with Park View,Manhattan,Harlem,40.82064,-73.94646,321.0,5.0,3.0,0.3917808219178082,45903.0,36112.5
48286501,Uptown Bohemian 1BR with Park View,Manhattan,Harlem,40.82064,-73.94646,321.0,5.0,3.0,0.3917808219178082,45903.0,36112.5
33852692,2 Bedroom on the Upper Bay unit B,Staten Island,St. George,40.64578,-74.08509,145.0,5.0,16.0,0.019178082191780823,1015.0,36032.5
7520133,Private room in unique Chelsea loft,Manhattan,Chelsea,40.74406,-73.99287,304.0,5.0,3.0,0.37534246575342467,41648.0,36024.0
13845073,Amazing Apt step away from the Time Square/72C,Manhattan,Hell's Kitchen,40.76136,-73.99309,177.0,5.0,4.0,0.14246575342465753,9204.0,36019.5
45416750,Amazing Apt step away from the Time Square/72C,Manhattan,Hell's Kitchen,40.76136,-73.99309,177.0,5.0,4.0,0.14246575342465753,9204.0,36019.5
23196616,Brilliant BR w/ Private Bath near LGA & Manhattan,Queens,Woodside,40.74451,-73.90782,362.0,5.0,1.0,0.4273972602739726,56472.00000000001,36018.99999999998
6957339,Big Sunny Room in Manhattan!!! (B6),Manhattan,Harlem,40.81959,-73.9379,447.0,5.0,17.0,0.4794520547945205,78225.0,35983.499999999985
2026957,Clean cozy room central historic gay best area,Manhattan,Greenwich Village,40.73336,-73.99836,389.0,5.0,79.0,0.4465753424657534,63406.99999999999,35982.49999999999
21296704,Room with King sized bed in the heart of Bushwick,Brooklyn,Bushwick,40.70696,-73.9199,220.0,5.0,31.0,0.25205479452054796,20240.0,35970.0
44929621,Brooklyn (NYC) Modern Comfort.,Brooklyn,Greenpoint,40.72528,-73.94428,406.0,5.0,72.0,0.4575342465753425,67802.0,35931.0
13357944,Brooklyn (NYC) Modern Comfort.,Brooklyn,Greenpoint,40.72528,-73.94428,406.0,5.0,72.0,0.4575342465753425,67802.0,35931.0
33241849,Sunny Private Studio With Backyard Close 2 Subway!,Queens,Astoria,40.7568,-73.92935,150.0,5.0,29.0,0.043835616438356165,2400.0,35925.0
32052194,Lovely 3 bedroom close to city and airports,Queens,Middle Village,40.71701,-73.88838,180.0,5.0,1.0,0.15342465753424658,10080.0,35909.99999999999
6227751,1 Bedroom Apartment in Nolita/ Soho,Manhattan,Nolita,40.7208,-73.99647,273.0,5.0,1.0,0.33972602739726027,33852.0,35899.5
31621400,Fanta Sea Home 3,Brooklyn,Brownsville,40.66549,-73.91764,141.0,5.0,17.0,0.0027397260273972603,141.0,35884.49999999999
33225832,Studio apt in the heart of Chelsea,Manhattan,Chelsea,40.74606,-74.00036,235.0,5.0,4.0,0.2821917808219178,24205.000000000004,35837.5
2297584,The Perfect Large Chelsea Studio,Manhattan,Chelsea,40.74057,-73.99771,439.0,5.0,11.0,0.4767123287671233,76386.0,35778.499999999985
56895753,"Park Avenue South, Svcd Studio Apt",Manhattan,Murray Hill,40.74811,-73.97868,140.0,5.0,1.0,0.0,0.0,35770.0
12663703,"Park Avenue South, Svcd Studio Apt",Manhattan,Murray Hill,40.74811,-73.97868,140.0,5.0,1.0,0.0,0.0,35770.0
51226393,"Park Avenue South, Svcd Studio Apt",Manhattan,Murray Hill,40.74811,-73.97868,140.0,5.0,1.0,0.0,0.0,35770.0
44235380,"Park Avenue South, Svcd Studio Apt",Manhattan,Murray Hill,40.74811,-73.97868,140.0,5.0,1.0,0.0,0.0,35770.0
32148295,Serene Pink Private Bedroom in Shared House,Queens,Douglaston,40.75541,-73.72988,339.0,5.0,1.0,0.410958904109589,50850.0,35764.5
25062838,Park Avenue # Central Park # Luxury # 2 Bedroom,Manhattan,Upper East Side,40.7649,-73.96795,211.0,5.0,4.0,0.2356164383561644,18146.0,35764.49999999999
35130162,Selina Chelsea NYC - Unique Room,Manhattan,Chelsea,40.75144,-74.00449,206.0,5.0,10.0,0.22465753424657534,16892.0,35740.99999999999
2732244,2nd@THROOP MANSION,Brooklyn,Bedford-Stuyvesant,40.68864,-73.94166,172.0,5.0,93.0,0.13150684931506848,8256.0,35690.0
31979291,"Trendy, newly renovated 1 BD Apt.",Manhattan,Harlem,40.81373,-73.94811,212.0,5.0,194.0,0.2410958904109589,18656.0,35509.99999999999
33704124,The Devonshire Duplex: LUX Xcape; subway@600 steps,Queens,Jamaica Estates,40.71555,-73.78664,274.0,5.0,2.0,0.3452054794520548,34524.0,35483.0
21851766,5 Minutes Walking Distance to Subway Station #2,Brooklyn,Bensonhurst,40.61519,-74.00398,280.0,5.0,13.0,0.35342465753424657,36120.0,35420.0
19238282,Luminous and Spacious Private Room,Brooklyn,Kensington,40.64595,-73.97578,151.0,5.0,3.0,0.057534246575342465,3170.9999999999995,35409.49999999999
53996178,Luminous and Spacious Private Room,Brooklyn,Kensington,40.64595,-73.97578,151.0,5.0,3.0,0.057534246575342465,3170.9999999999995,35409.49999999999
5412556,CleanLovely 1BR Apt in Clinton Hill,Brooklyn,Bedford-Stuyvesant,40.69315,-73.95998,210.0,5.0,19.0,0.23835616438356164,18270.0,35385.0
42858496,Brooklyn Duplex in a beautiful brownstone,Brooklyn,Bedford-Stuyvesant,40.69173,-73.95885,243.0,5.0,33.0,0.3013698630136986,26729.999999999996,35356.5
49849510,Brooklyn Duplex in a beautiful brownstone,Brooklyn,Bedford-Stuyvesant,40.69173,-73.95885,243.0,5.0,33.0,0.3013698630136986,26729.999999999996,35356.5
11286819,Brooklyn Duplex in a beautiful brownstone,Brooklyn,Bedford-Stuyvesant,40.69173,-73.95885,243.0,5.0,33.0,0.3013698630136986,26729.999999999996,35356.5
20465493,TW #7 Private Rm. 2nd Fl. Full Size Bed 1 Guest,Bronx,Schuylerville,40.83729,-73.83323,160.0,5.0,2.0,0.0958904109589041,5600.0,35280.0
55223389,TW #7 Private Rm. 2nd Fl. Full Size Bed 1 Guest,Bronx,Schuylerville,40.83729,-73.83323,160.0,5.0,2.0,0.0958904109589041,5600.0,35280.0
32708879,Spacious Guest Room in Brownstone,Brooklyn,Crown Heights,40.67551,-73.95228,305.0,5.0,152.0,0.3835616438356164,42700.0,35227.5
40642669,Bright Brownstone 2BR BedStuy Apt,Brooklyn,Bedford-Stuyvesant,40.68248,-73.92811,280.0,5.0,139.0,0.3561643835616438,36400.0,35140.0
55988324,Lovely private bedroom in Manhattan,Manhattan,Inwood,40.86565,-73.92348,217.0,5.0,44.0,0.25753424657534246,20398.0,35045.49999999999
21230428,Lovely private bedroom in Manhattan,Manhattan,Inwood,40.86565,-73.92348,217.0,5.0,44.0,0.25753424657534246,20398.0,35045.49999999999
20580371,Intimate SIngle Room in Bushwick!,Brooklyn,Bushwick,40.6914,-73.90388,150.0,5.0,21.0,0.06027397260273973,3300.0,35025.0
55338267,Intimate SIngle Room in Bushwick!,Brooklyn,Bushwick,40.6914,-73.90388,150.0,5.0,21.0,0.06027397260273973,3300.0,35025.0
34623151,East Village WFH Oasis with Oversized Desk,Manhattan,East Village,40.72753,-73.98818,293.0,5.0,2.0,0.3726027397260274,39848.0,35013.5
22458191,Private room (Bee Room) in Bushwick Brownstone,Brooklyn,Bushwick,40.68426,-73.90793,138.0,5.0,5.0,0.005479452054794521,276.0,34983.0
35267685,Cheerful Room W/WIFI And Air-condition 10 Min JFK,Queens,Queens Village,40.70651,-73.72197,256.0,5.0,9.0,0.32602739726027397,30464.0,34943.99999999999
36998041,The Lex  Executive,Manhattan,Kips Bay,40.74448,-73.97929,319.0,5.0,3.0,0.4,46574.0,34930.5
5178381,"Chic, clean, and comfortable!",Queens,Astoria,40.76632,-73.91873,223.0,5.0,11.0,0.27123287671232876,22077.0,34899.5
53787961,Comfortable and bright bedroom in a great location,Queens,Astoria,40.76,-73.90684,369.0,5.0,35.0,0.4410958904109589,59409.00000000001,34870.49999999999
19030065,Comfortable and bright bedroom in a great location,Queens,Astoria,40.76,-73.90684,369.0,5.0,35.0,0.4410958904109589,59409.00000000001,34870.49999999999
26797612,Big 3 Bedroom Apartment in Prime Midtown Manhatten,Manhattan,Kips Bay,40.74535,-73.97753,224.0,5.0,4.0,0.273972602739726,22400.0,34831.99999999999
33526835,"Comfortable Stay in Historic, Spacious Brownstone",Brooklyn,Kensington,40.64517,-73.98116,204.0,5.0,38.0,0.2328767123287671,17340.0,34781.99999999999
42628739,Welcome home,Manhattan,Gramercy,40.73644,-73.98097,443.0,5.0,1.0,0.4849315068493151,78411.0,34775.499999999985
37960147,Rose Getway,Queens,Springfield Gardens,40.67475,-73.76032,136.0,5.0,2.0,0.0,0.0,34747.99999999999
33400911,Private Large Room in Upper Manhattan,Manhattan,Inwood,40.86948,-73.91857,270.0,5.0,2.0,0.34794520547945207,34290.0,34695.0
29989354,New 4 Bed 2 Bath Spacious Apartment,Brooklyn,Crown Heights,40.66624,-73.9296,370.0,5.0,25.0,0.4438356164383562,59940.0,34595.0
33529597,"Private, Cozy, 1 Bedroom Escape! Near all!",Staten Island,Midland Beach,40.57548,-74.09462,228.0,5.0,67.0,0.28493150684931506,23711.999999999996,34542.0
31832379,Spacious Master Bedroom w. Bathroom,Queens,Astoria,40.75951,-73.91088,140.0,5.0,7.0,0.024657534246575342,1260.0,34510.0
40414569,"Clean,quiet room near prospect park",Brooklyn,Crown Heights,40.67047,-73.95372,135.0,5.0,2.0,0.0,0.0,34492.5
46193836,"COMFY “Twin bed"" NEXT-LGA AIRPORT/Pre Book-US OPEN",Queens,Corona,40.74825,-73.86396,135.0,5.0,18.0,0.0,0.0,34492.5
24295141,"Cozy cypress hill 1BR apt near jfk , bars & mta .",Brooklyn,Cypress Hills,40.68126,-73.89457,135.0,5.0,10.0,0.0,0.0,34492.5
14622159,"COMFY “Twin bed"" NEXT-LGA AIRPORT/Pre Book-US OPEN",Queens,Corona,40.74825,-73.86396,135.0,5.0,18.0,0.0,0.0,34492.5
42303987,"Cozy cypress hill 1BR apt near jfk , bars & mta .",Brooklyn,Cypress Hills,40.68126,-73.89457,135.0,5.0,10.0,0.0,0.0,34492.5
35757575,2 Bedrooms across from a Beautiful Park,Staten Island,Castleton Corners,40.6154,-74.11354,252.0,5.0,1.0,0.32602739726027397,29988.0,34397.99999999999
4911068,Best Location in Midtown Manhattan,Manhattan,Hell's Kitchen,40.76645,-73.98539,175.0,5.0,15.0,0.16164383561643836,10325.0,34387.49999999999
31525300,"Master bedroom in a 2BR/2BA, own private bathroom",Queens,Woodside,40.74642,-73.90792,145.0,5.0,11.0,0.052054794520547946,2755.0,34292.5
34578967,Brooklyn Zen Gem w/Personal Balcony,Brooklyn,Bay Ridge,40.62669,-74.02812,180.0,5.0,62.0,0.1780821917808219,11700.0,34289.99999999999
35373174,"Luxury building, Very Clean & Quiet Studio",Manhattan,Chelsea,40.74287,-74.00561,331.0,5.0,3.0,0.41643835616438357,50312.00000000001,34258.49999999999
6872837,Small cosy room in Lower East Side,Manhattan,Chinatown,40.71343,-73.99532,355.0,5.0,3.0,0.43561643835616437,56444.99999999999,34257.49999999999
34382348,"With love always, Bedstuy♥️",Brooklyn,Bedford-Stuyvesant,40.68757,-73.91931,370.0,5.0,2.0,0.4465753424657534,60310.0,34225.0
7394209,New and stylish NYC pad with skylight,Manhattan,East Harlem,40.79405,-73.93429,162.0,5.0,48.0,0.1232876712328767,7289.999999999999,34101.0
49574464,GORGEOUS STUDIO ON MIDTOWN,Manhattan,Midtown,40.75601,-73.96625,394.0,5.0,24.0,0.46301369863013697,66586.0,34080.999999999985
11011774,GORGEOUS STUDIO ON MIDTOWN,Manhattan,Midtown,40.75601,-73.96625,394.0,5.0,24.0,0.46301369863013697,66586.0,34080.999999999985
7094310,Location!  Large 1 bedroom oasis w elevator,Manhattan,East Village,40.72903,-73.98938,413.0,5.0,12.0,0.473972602739726,71449.0,34072.499999999985
33190485,PRIME EAST VILLAGE Neighborhood! Facing a park.,Manhattan,East Village,40.72663,-73.98299,201.0,5.0,14.0,0.2356164383561644,17286.0,34069.49999999999
48410216,LOFT in Chelsea,Manhattan,Chelsea,40.7453,-73.99333,408.0,5.0,1.0,0.4712328767123288,70176.0,34067.999999999985
9847525,LOFT in Chelsea,Manhattan,Chelsea,40.7453,-73.99333,408.0,5.0,1.0,0.4712328767123288,70176.0,34067.999999999985
43005408,Doorman Huge Studio Laundry 5167,Manhattan,Hell's Kitchen,40.76748,-73.98609,169.0,5.0,1.0,0.14794520547945206,9126.0,34053.5
11433731,Doorman Huge Studio Laundry 5167,Manhattan,Hell's Kitchen,40.76748,-73.98609,169.0,5.0,1.0,0.14794520547945206,9126.0,34053.5
49996421,Doorman Huge Studio Laundry 5167,Manhattan,Hell's Kitchen,40.76748,-73.98609,169.0,5.0,1.0,0.14794520547945206,9126.0,34053.5
13455701,Studio aprtmnt for ONE  located in upper Manhattan,Manhattan,Washington Heights,40.83694,-73.94212,134.0,5.0,71.0,0.005479452054794521,268.0,33969.0
45027378,Studio aprtmnt for ONE  located in upper Manhattan,Manhattan,Washington Heights,40.83694,-73.94212,134.0,5.0,71.0,0.005479452054794521,268.0,33969.0
49000624,"Madison Ave 2 BR Penthouse, 3 Beds",Manhattan,Upper East Side,40.78531,-73.95683,162.0,5.0,2.0,0.12602739726027398,7452.0,33939.0
10437934,"Madison Ave 2 BR Penthouse, 3 Beds",Manhattan,Upper East Side,40.78531,-73.95683,162.0,5.0,2.0,0.12602739726027398,7452.0,33939.0
3922451,Lower East Side Artist's Sanctuary,Manhattan,Lower East Side,40.71962,-73.98434,179.0,5.0,7.0,0.18082191780821918,11814.0,33920.5
9127326,Spacious One Bedroom Apartment,Brooklyn,East Flatbush,40.64583,-73.94693,214.0,5.0,5.0,0.26575342465753427,20758.000000000004,33918.999999999985
47690017,Spacious One Bedroom Apartment,Brooklyn,East Flatbush,40.64583,-73.94693,214.0,5.0,5.0,0.26575342465753427,20758.000000000004,33918.999999999985
38362774,Private room near Presbyterian MC and Yeshiva Univ,Manhattan,Washington Heights,40.85319,-73.93556,243.0,5.0,22.0,0.3178082191780822,28188.0,33898.5
19773461,Spacious rooms for one or two persons,Brooklyn,Bedford-Stuyvesant,40.69274,-73.93862,149.0,5.0,2.0,0.07671232876712329,4172.0,33897.5
54531357,Spacious rooms for one or two persons,Brooklyn,Bedford-Stuyvesant,40.69274,-73.93862,149.0,5.0,2.0,0.07671232876712329,4172.0,33897.5
32627139,Private #3 Chic & Spacious room near Columbia,Manhattan,Harlem,40.80425,-73.95815,387.0,5.0,2.0,0.4602739726027397,65015.99999999999,33862.49999999999
5626849,Cosy Williamsburg,Brooklyn,Williamsburg,40.7103,-73.96622,312.0,5.0,2.0,0.40273972602739727,45864.0,33851.999999999985
35656504,Cozy 2 Bed doorman building Close to Park,Manhattan,Upper West Side,40.79519,-73.96825,378.0,5.0,6.0,0.4547945205479452,62748.0,33830.999999999985
35104204,Newly furnished Studio~Prime UES~Walk to C park,Manhattan,Upper East Side,40.76497,-73.96534,152.0,5.0,1.0,0.09041095890410959,5016.000000000001,33820.0
50472504,Ground Floor apt with Backyard @Lower East Side,Manhattan,Lower East Side,40.71248,-73.98662,283.0,5.0,73.0,0.3726027397260274,38488.00000000001,33818.49999999999
56141863,Ground Floor apt with Backyard @Lower East Side,Manhattan,Lower East Side,40.71248,-73.98662,283.0,5.0,73.0,0.3726027397260274,38488.00000000001,33818.49999999999
43481491,Ground Floor apt with Backyard @Lower East Side,Manhattan,Lower East Side,40.71248,-73.98662,283.0,5.0,73.0,0.3726027397260274,38488.00000000001,33818.49999999999
11909813,Ground Floor apt with Backyard @Lower East Side,Manhattan,Lower East Side,40.71248,-73.98662,283.0,5.0,73.0,0.3726027397260274,38488.00000000001,33818.49999999999
31889818,10 minutes from JFK Airport Rockaway Beach Heaven,Queens,Edgemere,40.59618,-73.76897,140.0,5.0,31.0,0.038356164383561646,1960.0,33810.0
35490262,Bright and modern 2BR,Manhattan,Murray Hill,40.74458,-73.97215,159.0,5.0,2.0,0.1178082191780822,6837.0,33787.5
32029550,2 Bedroom Suite at Arverne By The Sea,Queens,Arverne,40.59282,-73.7967,303.0,5.0,14.0,0.39452054794520547,43632.0,33784.5
2705182,Large 2BR apartment East Village,Manhattan,East Village,40.7221,-73.98356,156.0,5.0,53.0,0.10684931506849316,6084.0,33773.99999999999
34406649,ADA Compliant Studio Room near Central Park,Manhattan,Theater District,40.76157,-73.98257,430.0,5.0,2.0,0.4849315068493151,76110.0,33755.0
26768340,Dazzling Large 3 Bedroom Just Minutes To Manhattan,Queens,Astoria,40.75875,-73.92048,199.0,5.0,2.0,0.2356164383561644,17114.0,33730.49999999999
31455158,Your home away from home!!,Brooklyn,Crown Heights,40.67591,-73.93908,308.0,5.0,76.0,0.4,44968.0,33726.0
34361913,Beautiful Studio Suite! Upper East,Manhattan,Upper East Side,40.77302,-73.95579,329.0,5.0,6.0,0.4191780821917808,50337.0,33722.5
4516726,"Private room, minutes from subway!",Brooklyn,Bedford-Stuyvesant,40.68951,-73.9565,241.0,5.0,86.0,0.3178082191780822,27956.0,33619.49999999999
33742232,Sugar Hill Rest Stop,Manhattan,Harlem,40.82682,-73.94948,203.0,5.0,219.0,0.2465753424657534,18270.0,33596.5
34360256,Nice and clean private space in Bklyn loft.,Brooklyn,Bushwick,40.70209,-73.91476,147.0,5.0,22.0,0.07397260273972603,3969.0000000000005,33589.5
37206258,Big Room by Metro/Subway-15mns to Manhattan,Brooklyn,Bedford-Stuyvesant,40.68221,-73.95481,131.0,5.0,110.0,0.0,0.0,33470.49999999999
35354396,BEAUTIFUL ROOM IN BKLYN BROWNSTONE,Brooklyn,Bedford-Stuyvesant,40.69026,-73.92794,133.0,5.0,120.0,0.010958904109589041,532.0,33449.5
18678250,"CHEAP ROOM IN QUEENS, CLOSE TO SUBWAY STATION",Queens,Woodhaven,40.69642,-73.8502,195.0,5.0,5.0,0.23013698630136986,16379.999999999998,33442.5
53436146,"CHEAP ROOM IN QUEENS, CLOSE TO SUBWAY STATION",Queens,Woodhaven,40.69642,-73.8502,195.0,5.0,5.0,0.23013698630136986,16379.999999999998,33442.5
7133523,BEAUTIFUL&BRIGHT 1 bd (E. Village),Manhattan,East Village,40.72917,-73.98517,207.0,5.0,27.0,0.25753424657534246,19458.0,33430.49999999999
37626006,Garden condo w patio in New York artistic Bushwick,Brooklyn,Bushwick,40.69745,-73.92809,176.0,5.0,2.0,0.18082191780821918,11616.0,33351.99999999999
31917985,Comfortable room midtown west,Manhattan,Hell's Kitchen,40.76256,-73.98795,270.0,5.0,2.0,0.36164383561643837,35640.00000000001,33344.99999999999
31605936,Stylish 1 bed room in the East Village,Manhattan,East Village,40.73076,-73.98735,234.0,5.0,157.0,0.3095890410958904,26442.000000000004,33344.999999999985
23622992,Hamilton Loft. 2Queen. priv bath. full kitchen,Manhattan,Harlem,40.82163,-73.94757,214.0,5.0,17.0,0.273972602739726,21400.0,33276.99999999999
31950571,Cheerful 1-bedroom,Staten Island,Castleton Corners,40.62575,-74.1195,134.0,5.0,2.0,0.021917808219178082,1072.0,33165.0
26212726,Most wonderful 2 BR Apartment in Lower Manhattan,Manhattan,East Village,40.72128,-73.97899,268.0,5.0,2.0,0.36164383561643837,35376.0,33098.0
21406612,Celebrity Designer Pied A Terre,Manhattan,Upper East Side,40.76408,-73.95686,155.0,5.0,12.0,0.11506849315068493,6510.0,33092.5
40734903,Shared male Room on Manhattan. Amazing view! II,Manhattan,Lower East Side,40.70993,-73.987,361.0,5.0,6.0,0.44931506849315067,59204.0,33031.5
7539463,Charming + Spacious Brownstone Apt,Brooklyn,Clinton Hill,40.68356,-73.96152,175.0,5.0,3.0,0.18356164383561643,11724.999999999998,32987.49999999999
13808621,Clean Cozy & Comfy Apartment In NYC!,Manhattan,Gramercy,40.73742,-73.98219,154.0,5.0,58.0,0.11506849315068493,6467.999999999999,32879.0
53485300,Beautiful one bedroom in the heart of Harlem!,Manhattan,Harlem,40.80973,-73.9457,154.0,5.0,23.0,0.11506849315068493,6467.999999999999,32879.0
45380298,Clean Cozy & Comfy Apartment In NYC!,Manhattan,Gramercy,40.73742,-73.98219,154.0,5.0,58.0,0.11506849315068493,6467.999999999999,32879.0
18727405,Beautiful one bedroom in the heart of Harlem!,Manhattan,Harlem,40.80973,-73.9457,154.0,5.0,23.0,0.11506849315068493,6467.999999999999,32879.0
33022033,"Oasis Near Brooklyn College, KCH and Downstate",Brooklyn,East Flatbush,40.63913,-73.94997,275.0,5.0,120.0,0.3726027397260274,37400.0,32862.5
1265888,Light-filled East Village Delight,Manhattan,East Village,40.72578,-73.97879,229.0,5.0,147.0,0.30684931506849317,25648.0,32861.49999999999
13539651,Airy and Bright Sanctuary in Brooklyn!,Brooklyn,Fort Greene,40.68812,-73.97545,418.0,5.0,1.0,0.4849315068493151,73986.0,32812.999999999985
45111328,Airy and Bright Sanctuary in Brooklyn!,Brooklyn,Fort Greene,40.68812,-73.97545,418.0,5.0,1.0,0.4849315068493151,73986.0,32812.999999999985
31783777,Art-filled bright spacious 1 bedrm W'burg + deck,Brooklyn,Greenpoint,40.71976,-73.95471,251.0,5.0,229.0,0.3424657534246575,31375.0,32755.499999999993
7113640,Amazing view from luxury building near Times Sq,Manhattan,Hell's Kitchen,40.7633,-73.98591,265.0,5.0,58.0,0.36164383561643837,34980.0,32727.5
12945376,"Bright, comfy, elegant room near Express Train",Manhattan,Washington Heights,40.84099,-73.93694,276.0,5.0,41.0,0.37534246575342467,37812.0,32706.0
51508066,"Bright, comfy, elegant room near Express Train",Manhattan,Washington Heights,40.84099,-73.93694,276.0,5.0,41.0,0.37534246575342467,37812.0,32706.0
44517053,"Bright, comfy, elegant room near Express Train",Manhattan,Washington Heights,40.84099,-73.93694,276.0,5.0,41.0,0.37534246575342467,37812.0,32706.0
57177426,"Bright, comfy, elegant room near Express Train",Manhattan,Washington Heights,40.84099,-73.93694,276.0,5.0,41.0,0.37534246575342467,37812.0,32706.0
7683061,High Luxury Thanksgiving Stay,Manhattan,Chelsea,40.74081,-74.00296,182.0,5.0,1.0,0.20821917808219179,13832.0,32669.0
54925147,"Double, Cozy Room only 20 min to NYC",Queens,Ridgewood,40.70134,-73.909,318.0,5.0,28.0,0.4191780821917808,48654.0,32595.0
20167251,"Double, Cozy Room only 20 min to NYC",Queens,Ridgewood,40.70134,-73.909,318.0,5.0,28.0,0.4191780821917808,48654.0,32595.0
38986873,Huge Room w/ Private Living Room,Brooklyn,Bedford-Stuyvesant,40.69437,-73.94314,142.0,5.0,3.0,0.07123287671232877,3692.0000000000005,32589.0
18998584,Private Brooklyn Historic Brownstone Duplex,Brooklyn,Bedford-Stuyvesant,40.68408,-73.93383,300.0,5.0,49.0,0.40273972602739727,44100.0,32550.0
53756480,Private Brooklyn Historic Brownstone Duplex,Brooklyn,Bedford-Stuyvesant,40.68408,-73.93383,300.0,5.0,49.0,0.40273972602739727,44100.0,32550.0
30053973,Hell’s Kitchen getaway- Close to Times Square,Manhattan,Hell's Kitchen,40.76648,-73.98894,251.0,5.0,10.0,0.3452054794520548,31626.000000000004,32504.49999999999
8457386,Private Room for Rent,Manhattan,Washington Heights,40.85064,-73.93833,413.0,5.0,1.0,0.4849315068493151,73101.0,32420.499999999985
5703618,"PERFECT 1 BR, Elevator, BEST Area!!",Manhattan,West Village,40.73626,-74.00181,171.0,5.0,5.0,0.18082191780821918,11286.0,32404.499999999993
36857757,433 West 53-Studio in a Brand New Building,Manhattan,Hell's Kitchen,40.76728,-73.99005,191.0,5.0,1.0,0.2356164383561644,16426.0,32374.499999999993
34421009,UNTITLED at Freeman - Tower Balcony Studio 1205,Manhattan,Nolita,40.72249,-73.99344,383.0,5.0,33.0,0.4684931506849315,65493.00000000001,32363.499999999978
34067537,One Bedroom in Manhattan,Manhattan,Harlem,40.83126,-73.9431,131.0,5.0,90.0,0.024657534246575342,1179.0,32291.499999999993
1936380,"Sublet Lovely Room in Astoria, 3-4 months",Queens,Astoria,40.77016,-73.92316,253.0,5.0,3.0,0.3506849315068493,32384.000000000004,32257.499999999996
30956983,Studio with private bathroom and kitchenette,Brooklyn,Bedford-Stuyvesant,40.68415,-73.94356,247.0,5.0,4.0,0.3424657534246575,30875.0,32233.499999999993
25064495,"Large, Bright, Luxury Chelsea Studio/ Best Area!!!",Manhattan,Chelsea,40.75104,-73.99544,272.0,5.0,1.0,0.37534246575342467,37264.0,32231.999999999985
21572302,Large private bedroom,Manhattan,Harlem,40.8084,-73.94439,409.0,5.0,18.0,0.4849315068493151,72393.0,32106.499999999985
37484617,Beautiful room / Brooklyn !!,Brooklyn,Crown Heights,40.66401,-73.93436,174.0,5.0,1.0,0.19452054794520549,12354.0,32103.0
7579229,"Spacious House, 20 min to Manhattan",Queens,Ditmars Steinway,40.77707,-73.91398,280.0,5.0,2.0,0.3863013698630137,39480.0,32060.0
35941491,Newly Reno~Newly furnished~Prime Location~2BR*,Manhattan,Hell's Kitchen,40.76289,-73.99263,228.0,5.0,1.0,0.3150684931506849,26219.999999999996,32034.000000000004
20680337,Hunters Point 2500sf 3-story Garden Home,Queens,Long Island City,40.74613,-73.95343,197.0,5.0,2.0,0.2547945205479452,18321.0,32012.499999999993
55438233,Hunters Point 2500sf 3-story Garden Home,Queens,Long Island City,40.74613,-73.95343,197.0,5.0,2.0,0.2547945205479452,18321.0,32012.499999999993
29686141,Blue Moon Hotel | Stunning Classic King Unit,Manhattan,Lower East Side,40.71977,-73.9887,132.0,5.0,6.0,0.03561643835616438,1716.0,32010.0
35918294,MESSAGE FOR BEST RATES | Jaw-dropping City Guest Room in The Times Square EDITION,Manhattan,Theater District,40.759148,-73.984161,388.0,5.0,1.0,0.473972602739726,67124.0,32009.999999999985
10397064,Bushwick Artist Loft - Zen Tree House Room,Brooklyn,Bushwick,40.70859,-73.9221,287.0,5.0,101.0,0.39452054794520547,41328.0,32000.499999999985
48959754,Bushwick Artist Loft - Zen Tree House Room,Brooklyn,Bushwick,40.70859,-73.9221,287.0,5.0,101.0,0.39452054794520547,41328.0,32000.499999999985
26413764,Gorgeous Studio Apt in the area of K-TOWN,Manhattan,Midtown,40.74669,-73.98749,229.0,5.0,7.0,0.3178082191780822,26564.0,31945.499999999993
23245219,Easy access to everything in NYC!,Manhattan,Financial District,40.70777,-74.00676,199.0,5.0,8.0,0.2602739726027397,18905.0,31939.499999999993
32777364,"Classic NYC Brownstone:  New, Private, Balcony",Manhattan,Harlem,40.80824,-73.94275,365.0,5.0,12.0,0.4602739726027397,61320.0,31937.499999999985
41037563,Pleasant room on garden floor,Manhattan,Harlem,40.80577,-73.94708,208.0,5.0,11.0,0.27945205479452057,21216.000000000004,31927.999999999996
1566339,Bright and Quiet 2 BR in Park Slope,Brooklyn,Park Slope,40.66626,-73.97933,185.0,5.0,145.0,0.2273972602739726,15355.000000000002,31912.5
41932289,Room in Williamsburg w/ private full bathroom,Brooklyn,Williamsburg,40.7079,-73.94608,406.0,5.0,2.0,0.4849315068493151,71862.0,31871.0
23923443,Room in Williamsburg w/ private full bathroom,Brooklyn,Williamsburg,40.7079,-73.94608,406.0,5.0,2.0,0.4849315068493151,71862.0,31871.0
40067172,Garden duplx in beautiful brwnstne,Brooklyn,Prospect Heights,40.67915,-73.97125,400.0,5.0,2.0,0.4821917808219178,70400.0,31800.0
21069157,NYC Hideaway spacious Garden apartment,Bronx,Pelham Bay,40.85413,-73.83065,166.0,5.0,7.0,0.17534246575342466,10624.0,31788.999999999993
55827052,NYC Hideaway spacious Garden apartment,Bronx,Pelham Bay,40.85413,-73.83065,166.0,5.0,7.0,0.17534246575342466,10624.0,31788.999999999993
50680721,Manhattan Landmark Sunny South facing Quiet Studio,Manhattan,Washington Heights,40.83493,-73.93859,139.0,5.0,4.0,0.07397260273972603,3753.0,31761.5
12118030,Manhattan Landmark Sunny South facing Quiet Studio,Manhattan,Washington Heights,40.83493,-73.93859,139.0,5.0,4.0,0.07397260273972603,3753.0,31761.5
34053177,twins suite 1,Bronx,Williamsbridge,40.87739,-73.86328,139.0,5.0,1.0,0.07397260273972603,3753.0,31761.5
43689708,Manhattan Landmark Sunny South facing Quiet Studio,Manhattan,Washington Heights,40.83493,-73.93859,139.0,5.0,4.0,0.07397260273972603,3753.0,31761.5
56350081,Manhattan Landmark Sunny South facing Quiet Studio,Manhattan,Washington Heights,40.83493,-73.93859,139.0,5.0,4.0,0.07397260273972603,3753.0,31761.5
10034203,Bright Room w/ a Brilliant Manhattan View,Brooklyn,Fort Greene,40.68641,-73.97085,263.0,5.0,23.0,0.3698630136986301,35505.0,31691.5
48596893,Bright Room w/ a Brilliant Manhattan View,Brooklyn,Fort Greene,40.68641,-73.97085,263.0,5.0,23.0,0.3698630136986301,35505.0,31691.5
30480901,Beautiful & Cozy Room in Brooklyn! Near subway!,Brooklyn,Bedford-Stuyvesant,40.67752,-73.90901,127.0,5.0,15.0,0.01643835616438356,761.9999999999999,31686.499999999996
52989887,NYC experience,Brooklyn,Bushwick,40.69355,-73.91829,124.0,5.0,7.0,0.0,0.0,31682.0
18231991,NYC experience,Brooklyn,Bushwick,40.69355,-73.91829,124.0,5.0,7.0,0.0,0.0,31682.0
6642528,Cozy 1 bdrm in a 2 Bdr apt. Great location.,Brooklyn,Williamsburg,40.70866,-73.94122,312.0,5.0,7.0,0.42191780821917807,48048.0,31667.999999999985
33663806,"Lovely rental unit, close to Manhattan!!",Queens,Sunnyside,40.74329,-73.91562,230.0,5.0,15.0,0.3232876712328767,27140.0,31625.0
54956628,The St Marks: A large 7 bedroom 15 mins to Manhtan,Brooklyn,Crown Heights,40.67578,-73.94159,137.0,5.0,18.0,0.0684931506849315,3425.0,31578.5
20198732,The St Marks: A large 7 bedroom 15 mins to Manhtan,Brooklyn,Crown Heights,40.67578,-73.94159,137.0,5.0,18.0,0.0684931506849315,3425.0,31578.5
7736635,COMFY East Village w loft sleep 6 Coffee included,Manhattan,East Village,40.72443,-73.98289,164.0,5.0,81.0,0.1726027397260274,10332.0,31570.0
47261432,Spacious charming upper east side apartment,Manhattan,Upper East Side,40.77112,-73.96226,418.0,5.0,70.0,0.4931506849315068,75240.0,31558.999999999985
15689755,Spacious charming upper east side apartment,Manhattan,Upper East Side,40.77112,-73.96226,418.0,5.0,70.0,0.4931506849315068,75240.0,31558.999999999985
41555068,Chelsea Luxury Alcove Studio,Manhattan,Chelsea,40.74161,-73.99435,138.0,5.0,3.0,0.07397260273972603,3726.0,31533.0
52587261,Chelsea Luxury Alcove Studio,Manhattan,Chelsea,40.74161,-73.99435,138.0,5.0,3.0,0.07397260273972603,3726.0,31533.0
17829365,Chelsea Luxury Alcove Studio,Manhattan,Chelsea,40.74161,-73.99435,138.0,5.0,3.0,0.07397260273972603,3726.0,31533.0
37765738,"One master bedroom near Q10,Q24 BUS STOP, A train",Queens,Richmond Hill,40.69003,-73.82132,296.0,5.0,52.0,0.40821917808219177,44104.0,31524.0
7010912,"Sunny, Open, East Harlem 1 bedroom",Manhattan,East Harlem,40.79771,-73.93449,412.0,5.0,1.0,0.4904109589041096,73748.0,31517.999999999985
38150691,Cozy room for one in BedStuy,Brooklyn,Bedford-Stuyvesant,40.68769,-73.93039,417.0,5.0,7.0,0.4931506849315068,75060.0,31483.499999999985
31942287,Furnished Room- Next to A-B-C-D- Washer&Dryer,Manhattan,Harlem,40.82501,-73.94417,417.0,5.0,4.0,0.4931506849315068,75060.0,31483.499999999985
35225158,Private Room in Brooklyn Brownstone,Brooklyn,Bedford-Stuyvesant,40.69528,-73.93631,224.0,5.0,5.0,0.3150684931506849,25760.0,31471.999999999993
33309781,★NEW★ | ❤eART of Brklyn | Queen Suite + Free pkng,Brooklyn,Cypress Hills,40.67953,-73.89488,196.0,5.0,102.0,0.2602739726027397,18620.0,31457.999999999993
36634075,Relaxing private room in Astoria. Balcony / WiFi.,Queens,Astoria,40.76834,-73.9242,163.0,5.0,3.0,0.1726027397260274,10269.0,31377.5
29259766,Boutique Hotel Experience in heart of NYC,Manhattan,Midtown,40.75825,-73.96903,250.0,5.0,13.0,0.3561643835616438,32500.0,31375.0
6927515,Luis and Melanie's B and B,Brooklyn,Bushwick,40.6938,-73.92562,306.0,5.0,85.0,0.4191780821917808,46817.99999999999,31365.000000000007
5271167,The Charmer - Straight shot from JFK Arprt!,Brooklyn,Bushwick,40.68691,-73.91317,289.0,5.0,116.0,0.40273972602739727,42483.0,31356.5
37384651,Spectacular 1 bedroom in Murray hill,Manhattan,Kips Bay,40.74263,-73.97153,137.0,5.0,1.0,0.07397260273972603,3699.0,31304.5
46348480,"Rare Find: SUNNY, LARGE DUPLEX Chelsea 2BR 2BA",Manhattan,Chelsea,40.74279,-74.00193,188.0,5.0,40.0,0.24383561643835616,16732.0,31302.0
14776803,"Rare Find: SUNNY, LARGE DUPLEX Chelsea 2BR 2BA",Manhattan,Chelsea,40.74279,-74.00193,188.0,5.0,40.0,0.24383561643835616,16732.0,31302.0
40203038,Nexus of the Universe!,Manhattan,Lower East Side,40.72317,-73.9929,190.0,5.0,105.0,0.2493150684931507,17290.0,31255.0
35843182,Spacious Room Near NYC! WiFi A/C & No Cleaning fee,Queens,Flushing,40.75869,-73.80992,197.0,5.0,12.0,0.26575342465753427,19109.0,31224.499999999993
35208589,Quiet clean room with garden view,Brooklyn,Bedford-Stuyvesant,40.69556,-73.95178,206.0,5.0,7.0,0.28493150684931506,21424.0,31208.999999999993
42257594,"Artful UWS King Room - near Central Park, Museums",Manhattan,Upper West Side,40.78313,-73.97953,219.0,5.0,2.0,0.3095890410958904,24747.0,31207.499999999993
24248748,"Artful UWS King Room - near Central Park, Museums",Manhattan,Upper West Side,40.78313,-73.97953,219.0,5.0,2.0,0.3095890410958904,24747.0,31207.499999999993
34989878,Upper West Side Perfection,Manhattan,Upper West Side,40.78775,-73.97538,122.0,5.0,211.0,0.0,0.0,31170.999999999996
37217304,🧑🏼‍✈️Private Room LGA ✈️,Queens,East Elmhurst,40.76858,-73.87789,122.0,5.0,2.0,0.0,0.0,31170.999999999996
8588833,Beautiful Executive 1 bedroom Suite,Queens,Edgemere,40.59606,-73.77882,359.0,5.0,19.0,0.46301369863013697,60670.99999999999,31053.500000000007
28801357,"Bushwick private room, Great for a couple",Brooklyn,Bushwick,40.69038,-73.91228,142.0,5.0,8.0,0.10136986301369863,5254.0,31027.0
18265682,THE BROOKLYN BLUE HOUSE 1.,Brooklyn,Canarsie,40.6469,-73.90022,148.0,5.0,61.0,0.12602739726027398,6808.0,31006.0
53023578,THE BROOKLYN BLUE HOUSE 1.,Brooklyn,Canarsie,40.6469,-73.90022,148.0,5.0,61.0,0.12602739726027398,6808.0,31006.0
48065028,SUNNY BEDROOM IN LARGE BK APT!,Brooklyn,Crown Heights,40.67068,-73.94084,354.0,5.0,32.0,0.4602739726027397,59472.0,30975.0
9502338,SUNNY BEDROOM IN LARGE BK APT!,Brooklyn,Crown Heights,40.67068,-73.94084,354.0,5.0,32.0,0.4602739726027397,59472.0,30975.0
39817532,Large bedroom/Heart of Brooklyn,Brooklyn,Prospect-Lefferts Gardens,40.66167,-73.95098,145.0,5.0,114.0,0.11506849315068493,6089.999999999999,30957.5
4442717,Cozy & Clean #4,Brooklyn,Crown Heights,40.67565,-73.95121,126.0,5.0,37.0,0.0273972602739726,1259.9999999999998,30932.999999999996
17553767,My Williamsburg Place,Brooklyn,Williamsburg,40.71276,-73.95897,246.0,5.0,41.0,0.3561643835616438,31980.0,30872.999999999993
52311663,My Williamsburg Place,Brooklyn,Williamsburg,40.71276,-73.95897,246.0,5.0,41.0,0.3561643835616438,31980.0,30872.999999999993
2762621,The heart of Manhattan - NYC,Manhattan,Chelsea,40.74676,-74.00234,420.0,5.0,202.0,0.4986301369863014,76440.0,30870.0
32950234,138 Bowery-1 bedroom Apartment,Manhattan,Little Italy,40.71974,-73.99605,181.0,5.0,2.0,0.2328767123287671,15384.999999999998,30860.499999999993
28724587,★★★★★Astoria |❤of NYC| Near subway -Home Share,Queens,Ditmars Steinway,40.77757,-73.9158,156.0,5.0,389.0,0.1589041095890411,9048.0,30809.999999999993
38110925,Comfortable Private space with a terrace,Bronx,Norwood,40.87647,-73.87626,165.0,5.0,119.0,0.18904109589041096,11385.0,30772.499999999993
2008731,Stylish West VILLAGE Water Views,Manhattan,West Village,40.73227,-74.00949,234.0,5.0,38.0,0.33972602739726027,29016.0,30770.999999999993
42956806,Cozy Space w/ Separate Entrance,Staten Island,South Beach,40.59385,-74.08825,155.0,5.0,38.0,0.15616438356164383,8835.0,30767.5
49947819,Cozy Space w/ Separate Entrance,Staten Island,South Beach,40.59385,-74.08825,155.0,5.0,38.0,0.15616438356164383,8835.0,30767.5
11385128,Cozy Space w/ Separate Entrance,Staten Island,South Beach,40.59385,-74.08825,155.0,5.0,38.0,0.15616438356164383,8835.0,30767.5
21888217,Cozy tiny bedroom w/large living-room & kitchen.,Brooklyn,Kensington,40.6359,-73.97105,325.0,5.0,24.0,0.4410958904109589,52325.00000000001,30712.499999999978
39900377,Relaxed in New York,Manhattan,Harlem,40.825,-73.94132,302.0,5.0,145.0,0.42191780821917807,46508.0,30652.999999999985
37968984,145 Mulberry-2 bedroom Apartment,Manhattan,Little Italy,40.71896,-73.99774,342.0,5.0,4.0,0.4547945205479452,56772.00000000001,30608.999999999978
3404946,RARE: Large Room + Big Townhouse = Better Stay,Brooklyn,Williamsburg,40.71416,-73.9488,187.0,5.0,71.0,0.25205479452054796,17204.0,30574.5
10879222,Private Room Beautiful Apartment,Brooklyn,East New York,40.67424,-73.88136,366.0,5.0,12.0,0.4712328767123288,62952.0,30561.0
49441912,Private Room Beautiful Apartment,Brooklyn,East New York,40.67424,-73.88136,366.0,5.0,12.0,0.4712328767123288,62952.0,30561.0
20987416,Cozy Brooklyn 2 Bedroom for your BUDGET!,Brooklyn,Crown Heights,40.676,-73.92283,172.0,5.0,25.0,0.2136986301369863,13416.000000000002,30530.0
55745312,Cozy Brooklyn 2 Bedroom for your BUDGET!,Brooklyn,Crown Heights,40.676,-73.92283,172.0,5.0,25.0,0.2136986301369863,13416.000000000002,30530.0
46848311,"LES/Chinatown, Bright & cozy private bedroom",Manhattan,Chinatown,40.71405,-73.99291,134.0,5.0,35.0,0.07671232876712329,3752.0000000000005,30485.0
15276634,"LES/Chinatown, Bright & cozy private bedroom",Manhattan,Chinatown,40.71405,-73.99291,134.0,5.0,35.0,0.07671232876712329,3752.0000000000005,30485.0
6887197,Pleasant room on garden floor,Manhattan,Harlem,40.80577,-73.94708,208.0,5.0,11.0,0.29863013698630136,22672.0,30472.0
28932804,Attic bedroom,Brooklyn,Flatlands,40.62939,-73.92226,127.0,5.0,29.0,0.04657534246575343,2159.0,30289.499999999996
39666754,Pied-à-Terre in Midtown Manhattan,Manhattan,Kips Bay,40.7445,-73.97583,385.0,5.0,29.0,0.4849315068493151,68145.0,30222.5
5265092,Cozy Harlem Stay,Manhattan,East Harlem,40.80906,-73.93686,330.0,5.0,45.0,0.44931506849315067,54120.0,30194.999999999985
18801413,AFFORDABLE LUXURY...Exclusive Living @ Its Best!,Manhattan,Inwood,40.86866,-73.92472,188.0,5.0,30.0,0.2602739726027397,17859.999999999996,30174.000000000004
53559309,AFFORDABLE LUXURY...Exclusive Living @ Its Best!,Manhattan,Inwood,40.86866,-73.92472,188.0,5.0,30.0,0.2602739726027397,17859.999999999996,30174.000000000004
24245986,UWS King Room with Broadway View Near Central Park,Manhattan,Upper West Side,40.78189,-73.98138,169.0,5.0,1.0,0.21095890410958903,13012.999999999998,30166.5
42254832,UWS King Room with Broadway View Near Central Park,Manhattan,Upper West Side,40.78189,-73.98138,169.0,5.0,1.0,0.21095890410958903,13012.999999999998,30166.5
40125716,Private bedroom and bathroom in Brooklyn,Brooklyn,Park Slope,40.67317,-73.97676,119.0,5.0,25.0,0.005479452054794521,238.0,30166.5
4243889,Spacious Scandi-inspired apt in private house,Queens,Ridgewood,40.70463,-73.90132,189.0,5.0,77.0,0.26301369863013696,18144.0,30145.499999999993
39844043,Luxury Furnished 1 BR UWS Apt w W/D & Deck,Manhattan,Upper West Side,40.78729,-73.97439,127.0,5.0,8.0,0.052054794520547946,2413.0,30035.499999999996
39647424,Home Sweet Room-SAPPHIRE-Queens NYC,Queens,Elmhurst,40.73698,-73.87763,290.0,5.0,89.0,0.41643835616438357,44080.0,30015.0
35174346,Beautiful brownstone just north of Central Park.,Manhattan,Harlem,40.80384,-73.94965,202.0,5.0,158.0,0.29315068493150687,21614.000000000004,29996.99999999999
43247315,La Casa in Brooklyn: Stylish Apt. with Patio,Brooklyn,Crown Heights,40.67183,-73.94934,271.0,5.0,129.0,0.3972602739726027,39295.0,29945.5
50238329,La Casa in Brooklyn: Stylish Apt. with Patio,Brooklyn,Crown Heights,40.67183,-73.94934,271.0,5.0,129.0,0.3972602739726027,39295.0,29945.5
11675638,La Casa in Brooklyn: Stylish Apt. with Patio,Brooklyn,Crown Heights,40.67183,-73.94934,271.0,5.0,129.0,0.3972602739726027,39295.0,29945.5
35659266,The Murray King Executive,Manhattan,Midtown,40.74573,-73.98099,386.0,5.0,6.0,0.4876712328767123,68708.0,29915.0
9279761,"Spacious, Sunny Room in Park Slope",Brooklyn,Park Slope,40.67549,-73.98057,338.0,5.0,1.0,0.4575342465753425,56446.0,29913.0
47842451,"Spacious, Sunny Room in Park Slope",Brooklyn,Park Slope,40.67549,-73.98057,338.0,5.0,1.0,0.4575342465753425,56446.0,29913.0
32172043,“T” HOTEL ROOM LIKE IN A PRIVATE HOUSE!!!!,Queens,Woodhaven,40.68779,-73.86484,128.0,5.0,2.0,0.06027397260273973,2816.0,29887.999999999996
1606105,Beautiful duplex apt in Harlem,Manhattan,Harlem,40.8162,-73.94747,323.0,5.0,8.0,0.4465753424657534,52649.0,29877.5
19072592,Simple & Convenient Manhattan Room,Manhattan,Harlem,40.81207,-73.94359,401.0,5.0,2.0,0.4958904109589041,72581.0,29874.5
53830488,Simple & Convenient Manhattan Room,Manhattan,Harlem,40.81207,-73.94359,401.0,5.0,2.0,0.4958904109589041,72581.0,29874.5
25739958,Beautiful Room in BK!,Brooklyn,Bedford-Stuyvesant,40.68022,-73.91423,124.0,5.0,4.0,0.0410958904109589,1860.0,29822.0
6876703,Modern Brooklyn Apartment,Brooklyn,Bedford-Stuyvesant,40.68372,-73.95551,357.0,5.0,7.0,0.4712328767123288,61404.0,29809.499999999985
9148313,Spacious one-bedroom Apartment,Manhattan,Upper East Side,40.77933,-73.94862,188.0,5.0,1.0,0.26575342465753427,18236.0,29798.0
47711004,Spacious one-bedroom Apartment,Manhattan,Upper East Side,40.77933,-73.94862,188.0,5.0,1.0,0.26575342465753427,18236.0,29798.0
20277158,PLUSH APARTMENT WITH HIGH CEILINGS!,Brooklyn,Bedford-Stuyvesant,40.69155,-73.95714,321.0,5.0,36.0,0.4465753424657534,52323.00000000001,29692.499999999993
55035054,PLUSH APARTMENT WITH HIGH CEILINGS!,Brooklyn,Bedford-Stuyvesant,40.69155,-73.95714,321.0,5.0,36.0,0.4465753424657534,52323.00000000001,29692.499999999993
35285359,Packaged for one plus group (QUEEN),Brooklyn,East Flatbush,40.64701,-73.92991,116.0,5.0,22.0,0.0,0.0,29637.999999999996
2495308,"Modern, cozy artist's escape in WV",Manhattan,West Village,40.73458,-74.00492,238.0,5.0,13.0,0.3589041095890411,31178.000000000004,29630.999999999996
32340495,huge Private bedroom -share a bathroom 1 guest,Manhattan,Midtown,40.75618,-73.97008,166.0,5.0,1.0,0.21095890410958903,12782.0,29630.999999999993
28853825,Studio in Forest Hills in a house with a backyard,Queens,Forest Hills,40.7206,-73.85465,331.0,5.0,95.0,0.4547945205479452,54946.0,29624.5
5428573,Spacious Gramercy Penthouse Studio,Manhattan,Gramercy,40.73556,-73.98679,125.0,5.0,14.0,0.052054794520547946,2375.0,29562.5
19680122,Budget apt in PRIME HARLEM NYC location,Manhattan,Harlem,40.8274,-73.95215,161.0,5.0,14.0,0.19726027397260273,11592.0,29543.499999999993
54438018,Budget apt in PRIME HARLEM NYC location,Manhattan,Harlem,40.8274,-73.95215,161.0,5.0,14.0,0.19726027397260273,11592.0,29543.499999999993
2404178,BROWNSTONE BROOKLYN'S FINEST in NYC,Brooklyn,Bushwick,40.68799,-73.91677,127.0,5.0,73.0,0.06301369863013699,2921.0000000000005,29527.499999999996
39250873,"Exciting Lower East Side, Loft Life",Manhattan,Lower East Side,40.71986,-73.9869,345.0,5.0,13.0,0.4657534246575342,58649.99999999999,29497.499999999993
38114791,Cozy Studio in Astoria NYC,Queens,Ditmars Steinway,40.77911,-73.91044,159.0,5.0,96.0,0.1917808219178082,11129.999999999998,29494.5
36096135,"Luxury building, gym, laundry, rooftop 6FL -#190",Brooklyn,Bushwick,40.68968,-73.91937,176.0,5.0,2.0,0.2410958904109589,15488.000000000002,29479.999999999993
21977690,Hard to Find!!! Entire private floor and 2 baths,Manhattan,Lower East Side,40.72042,-73.98414,296.0,5.0,29.0,0.4273972602739726,46176.0,29452.0
40057783,BROWNSTONE BROOKLYN'S FINEST in NYC,Brooklyn,Bushwick,40.68799,-73.91677,127.0,5.0,73.0,0.06575342465753424,3047.9999999999995,29400.499999999996
21055349,4 min subway. 2beds 3people private room&bothroom,Queens,Forest Hills,40.72081,-73.83821,292.0,5.0,37.0,0.4246575342465753,45260.0,29345.999999999985
55813245,4 min subway. 2beds 3people private room&bothroom,Queens,Forest Hills,40.72081,-73.83821,292.0,5.0,37.0,0.4246575342465753,45260.0,29345.999999999985
33111506,Cozy Apartment on the UES,Manhattan,Upper East Side,40.77912,-73.94714,320.0,5.0,9.0,0.44931506849315067,52480.0,29280.0
46952696,Great Location - 1BR/Times Square/Hell's Kitchen,Manhattan,Hell's Kitchen,40.7631,-73.99133,346.0,5.0,77.0,0.4684931506849315,59166.00000000001,29236.999999999993
15381019,Great Location - 1BR/Times Square/Hell's Kitchen,Manhattan,Hell's Kitchen,40.7631,-73.99133,346.0,5.0,77.0,0.4684931506849315,59166.00000000001,29236.999999999993
34161428,433 West 53-Studio in Midtown West,Manhattan,Hell's Kitchen,40.76732,-73.98788,211.0,5.0,4.0,0.32054794520547947,24687.0,29223.499999999993
52335412,1min from the station K size bed 20min toManhattan,Brooklyn,Bedford-Stuyvesant,40.68928,-73.95541,189.0,5.0,53.0,0.27671232876712326,19089.0,29200.499999999993
17577516,1min from the station K size bed 20min toManhattan,Brooklyn,Bedford-Stuyvesant,40.68928,-73.95541,189.0,5.0,53.0,0.27671232876712326,19089.0,29200.499999999993
29142126,"Paper Factory, Standard King with Kitchenette",Queens,Long Island City,40.7518,-73.92744,115.0,5.0,85.0,0.005479452054794521,230.0,29152.5
2657131,"Chelsea NYC luxury 2 bed/2 bath, garden apt",Manhattan,Chelsea,40.74188,-73.99729,203.0,5.0,111.0,0.30684931506849317,22736.0,29130.5
35574764,Clean space,Staten Island,Shore Acres,40.61225,-74.06337,114.0,5.0,3.0,0.0,0.0,29127.0
35574764,Clean space,Staten Island,Shore Acres,40.61225,-74.06337,114.0,5.0,3.0,0.0,0.0,29127.0
21472888,NIce Bright Private Room North of Central Park,Manhattan,Harlem,40.81226,-73.94137,390.0,5.0,5.0,0.4958904109589041,70590.0,29055.0
36822409,Ultra-Lux Williamsburg Penthouse w/ Full Rooftop!,Brooklyn,Williamsburg,40.72139,-73.95413,202.0,5.0,27.0,0.30684931506849317,22624.0,28986.999999999993
30907276,Large 3 Bedroom Apartment in Heart of Chelsea,Manhattan,Chelsea,40.74087,-73.99935,303.0,5.0,52.0,0.4383561643835616,48480.0,28936.5
32289683,1500 sq. ft Creative 2-Bedroom Condo w/2 Patios,Brooklyn,Greenpoint,40.72135,-73.94355,148.0,5.0,1.0,0.1643835616438356,8880.0,28934.0
10535139,Spacious sunny room in Queens,Queens,Maspeth,40.73359,-73.89227,274.0,5.0,35.0,0.410958904109589,41100.0,28907.0
49097829,Spacious sunny room in Queens,Queens,Maspeth,40.73359,-73.89227,274.0,5.0,35.0,0.410958904109589,41100.0,28907.0
19576290,apartment in ft Greene. Close to park and subway,Brooklyn,Fort Greene,40.68705,-73.97336,146.0,5.0,6.0,0.1589041095890411,8468.000000000002,28834.999999999993
54334186,apartment in ft Greene. Close to park and subway,Brooklyn,Fort Greene,40.68705,-73.97336,146.0,5.0,6.0,0.1589041095890411,8468.000000000002,28834.999999999993
32360930,"Furnished, Renovated & Appealing Room in Astoria NY",Queens,Astoria,40.76629,-73.92332,145.0,5.0,5.0,0.15616438356164383,8265.0,28782.5
37340467,Huge Sunny Bedroom,Brooklyn,Bedford-Stuyvesant,40.68653,-73.94459,390.0,5.0,2.0,0.4986301369863014,70980.0,28665.0
4903336,Beautiful Studio in the Upper East (30 DAYS MIN),Manhattan,Upper East Side,40.78151,-73.94775,360.0,5.0,12.0,0.4821917808219178,63360.00000000001,28619.999999999978
33291003,Large room. private bath. in room.  Mid-Flushing,Queens,Flushing,40.75898,-73.82139,112.0,5.0,106.0,0.0,0.0,28615.999999999996
39834101,Sunny Studio in the West Village,Manhattan,West Village,40.73331,-74.00471,175.0,5.0,1.0,0.25205479452054796,16100.000000000002,28612.499999999993
21785490,EXCELLENT private room X,Brooklyn,Bedford-Stuyvesant,40.68907,-73.95217,128.0,5.0,13.0,0.08767123287671233,4096.0,28607.999999999996
22661437,Beautiful Master Bedroom & Private Bath,Brooklyn,East New York,40.67199,-73.88253,276.0,5.0,1.0,0.41643835616438357,41952.0,28566.0
40182603,Private fits 3 ppl. Prospect Park,Brooklyn,Prospect-Lefferts Gardens,40.65936,-73.95139,153.0,5.0,84.0,0.18904109589041096,10557.0,28534.5
45304081,Easy trip to Manhattan!  Large Private Garden!,Brooklyn,Bedford-Stuyvesant,40.68391,-73.95783,203.0,5.0,4.0,0.3150684931506849,23344.999999999996,28521.500000000004
13732403,Easy trip to Manhattan!  Large Private Garden!,Brooklyn,Bedford-Stuyvesant,40.68391,-73.95783,203.0,5.0,4.0,0.3150684931506849,23344.999999999996,28521.500000000004
31284497,"FEMALE only- Clean, Quiet Lincoln Center Apt",Manhattan,Upper West Side,40.77491,-73.9891,175.0,5.0,36.0,0.2547945205479452,16275.000000000002,28437.499999999993
21370160,Astoria Room Available,Queens,Astoria,40.76681,-73.91308,362.0,5.0,1.0,0.4849315068493151,64074.0,28416.999999999985
29710442,Studio apartment in Brooklyn,Brooklyn,Bedford-Stuyvesant,40.69359,-73.93402,112.0,5.0,1.0,0.005479452054794521,224.0,28391.999999999996
26285078,Luxury 4bed/2bath in Prime Upper West,Manhattan,Upper West Side,40.77652,-73.98151,148.0,5.0,4.0,0.17534246575342466,9472.0,28342.0
31491058,Upper East Side Apartments Studio Monthly Rentals,Manhattan,Upper East Side,40.76945,-73.95429,263.0,5.0,1.0,0.4054794520547945,38924.0,28272.5
19759101,Cozy private room near Times Square 53E1,Manhattan,Hell's Kitchen,40.75518,-73.99706,119.0,5.0,2.0,0.049315068493150684,2142.0,28262.5
54516997,Cozy private room near Times Square 53E1,Manhattan,Hell's Kitchen,40.75518,-73.99706,119.0,5.0,2.0,0.049315068493150684,2142.0,28262.5
22783496,Central Park Charming Home,Manhattan,Upper West Side,40.7773,-73.97736,160.0,5.0,9.0,0.21643835616438356,12639.999999999998,28240.0
22691814,Charming entire house,Queens,Far Rockaway,40.5998,-73.75586,140.0,5.0,3.0,0.14794520547945206,7560.0,28210.0
36342461,Private room for rent,Brooklyn,Borough Park,40.6431,-74.00045,124.0,5.0,1.0,0.07671232876712329,3472.0,28210.0
36116570,Bohemian's  Designer room,Manhattan,Lower East Side,40.72038,-73.98504,253.0,5.0,38.0,0.39452054794520547,36432.0,28209.5
45751444,Harlem Garden Oasis in  New York City Brownstone,Manhattan,Harlem,40.82287,-73.94509,368.0,5.0,96.0,0.4904109589041096,65872.0,28151.999999999985
14179766,Harlem Garden Oasis in  New York City Brownstone,Manhattan,Harlem,40.82287,-73.94509,368.0,5.0,96.0,0.4904109589041096,65872.0,28151.999999999985
1465268,Have Whole Apt! Prime Williamsburg!,Brooklyn,Williamsburg,40.71685,-73.96573,130.0,5.0,73.0,0.1095890410958904,5200.0,28015.0
31006690,Big room/10 min LGA /30min JFK/ 30min to the city,Queens,Jackson Heights,40.7515,-73.87517,110.0,5.0,55.0,0.0027397260273972603,110.0,27995.0
30143446,Cozy studio near the beach and St. John’s hospital,Queens,Far Rockaway,40.60103,-73.75244,155.0,5.0,109.0,0.2054794520547945,11624.999999999998,27977.5
32292997,NEW Renovated Studio~Prime Location~WD,Manhattan,Kips Bay,40.73951,-73.98182,171.0,5.0,3.0,0.25205479452054796,15732.000000000002,27958.499999999993
33755488,PRIVATE ROOM IN NEW YORK MANHATTAN; 10032,Manhattan,Washington Heights,40.83308,-73.94103,188.0,5.0,248.0,0.29315068493150687,20116.0,27918.0
26998649,CLEAN CHIC CHELSEA NYC,Manhattan,Chelsea,40.74783,-73.99978,123.0,5.0,1.0,0.07945205479452055,3567.0000000000005,27859.499999999996
15418023,Room o4,Bronx,University Heights,40.85751,-73.90805,109.0,5.0,12.0,0.0,0.0,27849.5
46989700,Room o4,Bronx,University Heights,40.85751,-73.90805,109.0,5.0,12.0,0.0,0.0,27849.5
35379250,"Shared Room | GYM, Rooftop, Coworking",Brooklyn,Bedford-Stuyvesant,40.68074,-73.94437,156.0,5.0,3.0,0.21095890410958903,12012.0,27845.999999999993
5487669,Bedroom right in Chelsea!,Manhattan,Chelsea,40.73889,-73.99749,131.0,5.0,1.0,0.1178082191780822,5633.0,27837.499999999993
23614707,Cozy room with nice view.(20mn to Times Square).,Manhattan,East Harlem,40.81339,-73.93617,311.0,5.0,16.0,0.4547945205479452,51626.0,27834.5
56310867,3 Cozy Zen Rooms In Beautiful Apt.,Brooklyn,Bedford-Stuyvesant,40.6892,-73.95352,349.0,5.0,3.0,0.4821917808219178,61424.0,27745.5
12078817,3 Cozy Zen Rooms In Beautiful Apt.,Brooklyn,Bedford-Stuyvesant,40.6892,-73.95352,349.0,5.0,3.0,0.4821917808219178,61424.0,27745.5
50641508,3 Cozy Zen Rooms In Beautiful Apt.,Brooklyn,Bedford-Stuyvesant,40.6892,-73.95352,349.0,5.0,3.0,0.4821917808219178,61424.0,27745.5
43650494,3 Cozy Zen Rooms In Beautiful Apt.,Brooklyn,Bedford-Stuyvesant,40.6892,-73.95352,349.0,5.0,3.0,0.4821917808219178,61424.0,27745.5
5287736,Beautiful One-Bedroom Apartment  Near Central Park,Manhattan,Upper East Side,40.76813,-73.95354,123.0,5.0,17.0,0.0821917808219178,3689.9999999999995,27736.499999999996
48602416,Cozy Private Room #2 Two Beds Near JFK and J Train,Queens,Woodhaven,40.69546,-73.85062,132.0,5.0,170.0,0.12602739726027398,6072.000000000001,27654.0
10039726,Cozy Private Room #2 Two Beds Near JFK and J Train,Queens,Woodhaven,40.69546,-73.85062,132.0,5.0,170.0,0.12602739726027398,6072.000000000001,27654.0
1915945,"Historic Mansion, Comfortable Room",Brooklyn,Bedford-Stuyvesant,40.67968,-73.94715,132.0,5.0,113.0,0.12602739726027398,6072.000000000001,27654.0
18914082,Gorgeous Studio Hideout/w Queen Bed.,Queens,Rego Park,40.71691,-73.86147,140.0,5.0,42.0,0.1589041095890411,8120.0,27650.0
53671978,Gorgeous Studio Hideout/w Queen Bed.,Queens,Rego Park,40.71691,-73.86147,140.0,5.0,42.0,0.1589041095890411,8120.0,27650.0
28473290,Only 10 mins to CENTRAL PARK! :),Manhattan,Harlem,40.82193,-73.94955,215.0,5.0,202.0,0.34794520547945207,27305.000000000004,27627.499999999996
26194501,1 room for a cozy night or 2,Bronx,Unionport,40.82936,-73.84854,108.0,5.0,1.0,0.0,0.0,27593.999999999996
36784853,"Gorgeous UWS 2 Bed w/ Gym, Laundry, Rooftop  #6140",Manhattan,Upper West Side,40.7892,-73.97423,163.0,5.0,4.0,0.23835616438356164,14181.0,27465.5
34015069,Beautiful backyard bedroom with 2 sweet dogs,Manhattan,Upper West Side,40.78148,-73.98469,169.0,5.0,2.0,0.2547945205479452,15717.000000000002,27462.5
8137052,Beautiful/Comfy 1BR Brownstone,Brooklyn,Bedford-Stuyvesant,40.68752,-73.9567,224.0,5.0,5.0,0.3643835616438356,29792.0,27439.999999999993
34004023,Sunny Room  two min walk to A&C Train w/WiFi,Brooklyn,Bedford-Stuyvesant,40.68073,-73.94877,125.0,5.0,47.0,0.09863013698630137,4500.0,27437.5
35248907,Gorgeous Greenwich Village 2 Bed with Treadmill!,Manhattan,Greenwich Village,40.72876,-73.99614,118.0,5.0,83.0,0.06301369863013699,2714.0000000000005,27434.999999999996
32413399,crème de la crème  - Luxurious 1 BR Grand Central,Manhattan,Murray Hill,40.75057,-73.97861,195.0,5.0,13.0,0.3150684931506849,22424.999999999996,27397.500000000004
25602987,Homely ROOM IN BROOKLYN,Queens,Ridgewood,40.70173,-73.9073,107.0,5.0,10.0,0.0,0.0,27338.499999999996
1254842,Surfer room 15mins to downtown NYC!,Brooklyn,Williamsburg,40.71309,-73.94128,225.0,5.0,3.0,0.36712328767123287,30150.0,27337.5
39219944,Bright and Quiet 2 BR in Park Slope,Brooklyn,Park Slope,40.66626,-73.97933,185.0,5.0,145.0,0.2958904109589041,19980.0,27287.5
26908072,Luxury apt with Statue of Liberty view,Manhattan,Financial District,40.70629,-74.01535,126.0,5.0,1.0,0.10684931506849316,4914.0,27278.999999999996
29893806,carriage house apartment,Brooklyn,Clinton Hill,40.68691,-73.96708,273.0,5.0,438.0,0.4273972602739726,42588.0,27163.5
34695502,Cozy Entire Apartment near Times Square,Manhattan,Hell's Kitchen,40.76139,-73.99441,126.0,5.0,9.0,0.1095890410958904,5039.999999999999,27152.999999999996
42386832,Private 2 Bedroom APT Close to City & Expressway.,Queens,Fresh Meadows,40.73566,-73.79059,123.0,5.0,17.0,0.09863013698630137,4428.0,26998.499999999996
27251050,Massive Sun Filled East Village Bedroom with Roof,Manhattan,East Village,40.7319,-73.98981,271.0,5.0,1.0,0.4273972602739726,42276.0,26964.5
7039632,Lovely bedroom/private full bath in Brooklyn,Brooklyn,Bedford-Stuyvesant,40.68881,-73.92805,357.0,5.0,3.0,0.4931506849315068,64260.0,26953.499999999985
3393347,Amazing and Large Modern Studio,Manhattan,Murray Hill,40.74923,-73.97849,149.0,5.0,2.0,0.2054794520547945,11174.999999999998,26894.5
6975565,"Gorgeous Brooklyn Brownstone Flat, Great Location!",Brooklyn,Bedford-Stuyvesant,40.68121,-73.93038,287.0,5.0,188.0,0.4438356164383562,46494.0,26834.499999999985
55153799,~Flatiron 2 Bedroom~Amazing Location~Sleeps 6~,Manhattan,Midtown,40.74478,-73.98442,184.0,5.0,32.0,0.3013698630136986,20239.999999999996,26771.999999999996
20395903,~Flatiron 2 Bedroom~Amazing Location~Sleeps 6~,Manhattan,Midtown,40.74478,-73.98442,184.0,5.0,32.0,0.3013698630136986,20239.999999999996,26771.999999999996
20395903,~Flatiron 2 Bedroom~Amazing Location~Sleeps 6~,Manhattan,Midtown,40.74478,-73.98442,184.0,5.0,32.0,0.3013698630136986,20239.999999999996,26771.999999999996
13583282,MANHATTAN STYLISH WALL ST STUDIO APT. DISCOUNTED,Manhattan,Financial District,40.7049,-74.00617,286.0,5.0,5.0,0.4438356164383562,46332.0,26741.0
45154960,MANHATTAN STYLISH WALL ST STUDIO APT. DISCOUNTED,Manhattan,Financial District,40.7049,-74.00617,286.0,5.0,5.0,0.4438356164383562,46332.0,26741.0
53371527,Spacious Apartment Steps Away from Yankee Stadium,Bronx,Highbridge,40.83088,-73.92779,193.0,5.0,40.0,0.32054794520547947,22581.0,26730.5
18613631,Spacious Apartment Steps Away from Yankee Stadium,Bronx,Highbridge,40.83088,-73.92779,193.0,5.0,40.0,0.32054794520547947,22581.0,26730.5
4230082,Location Little Marcela,Queens,Astoria,40.76496,-73.91169,122.0,5.0,5.0,0.10136986301369863,4514.0,26656.999999999996
6622093,Big 1.5 bedroom on a great block-Private apt,Brooklyn,Bedford-Stuyvesant,40.6808,-73.93092,187.0,5.0,148.0,0.3095890410958904,21131.0,26647.5
35942596,Comfortable  2BR apartment close to everything,Staten Island,Stapleton,40.62723,-74.08004,117.0,5.0,5.0,0.07671232876712329,3276.0,26617.499999999996
16211126,Comfy Crash Pad - 25 mins to Manhattan,Queens,Astoria,40.76848,-73.90768,115.0,5.0,42.0,0.0684931506849315,2875.0,26507.5
39235960,Fantastic 2BR in Brooklyn's Best Area,Brooklyn,Park Slope,40.67078,-73.98815,242.0,5.0,15.0,0.4,35332.00000000001,26498.999999999985
30861436,Ashes Cove,Queens,Springfield Gardens,40.66241,-73.77154,106.0,5.0,62.0,0.01643835616438356,635.9999999999999,26446.999999999996
29760702,Cozy Apt Minutes Away from Historic DT Manhattan,Brooklyn,Cypress Hills,40.68675,-73.87078,141.0,5.0,13.0,0.1863013698630137,9588.0,26437.499999999993
38852112,"$6,500 p/m or short term, 5 Star, LUX, Clean, Big",Manhattan,Upper East Side,40.76401,-73.95929,207.0,5.0,29.0,0.3506849315068493,26496.0,26392.499999999993
23605870,"PLEASE READ LISTING BEFORE BOOKING
Suite 10017",Brooklyn,Canarsie,40.63502,-73.88834,116.0,5.0,57.0,0.07671232876712329,3248.0000000000005,26389.999999999996
53511811,Spacious Private Room near Prospect Park and Train,Brooklyn,Prospect-Lefferts Gardens,40.65889,-73.95627,199.0,5.0,3.0,0.336986301369863,24477.0,26367.499999999993
18753915,Spacious Private Room near Prospect Park and Train,Brooklyn,Prospect-Lefferts Gardens,40.65889,-73.95627,199.0,5.0,3.0,0.336986301369863,24477.0,26367.499999999993
29299531,Inner peace apartment,Queens,Jamaica,40.70561,-73.78605,103.0,5.0,11.0,0.0,0.0,26316.499999999996
4058317,Sunny Room in Bedstuy,Brooklyn,Bedford-Stuyvesant,40.67918,-73.95318,155.0,5.0,1.0,0.2356164383561644,13330.0,26272.5
32478570,Seasons change in our sunny space in Brooklyn,Brooklyn,Bedford-Stuyvesant,40.68449,-73.923,284.0,5.0,43.0,0.4465753424657534,46292.0,26270.0
22561471,Brooklyn Duplex,Brooklyn,Bedford-Stuyvesant,40.68139,-73.92157,153.0,5.0,1.0,0.23013698630136986,12852.0,26239.5
31750086,Best Price and location $45 Priv. Room UES,Manhattan,Upper East Side,40.77783,-73.95188,160.0,5.0,3.0,0.25205479452054796,14720.000000000002,26160.0
22930408,Willimsburg Deluxe Studio,Brooklyn,Williamsburg,40.71763,-73.95334,149.0,5.0,1.0,0.2191780821917808,11919.999999999998,26149.5
49330900,Gorgeous 2 Bedroom New York City Apartment!,Manhattan,Hell's Kitchen,40.76062,-73.99741,346.0,5.0,1.0,0.4931506849315068,62279.99999999999,26123.000000000007
10768209,Gorgeous 2 Bedroom New York City Apartment!,Manhattan,Hell's Kitchen,40.76062,-73.99741,346.0,5.0,1.0,0.4931506849315068,62279.99999999999,26123.000000000007
16334841,Beautiful Sunny Private Room #3 in Brooklyn,Brooklyn,Bensonhurst,40.61466,-74.00504,127.0,5.0,24.0,0.136986301369863,6350.0,26098.499999999996
33484861,BKLYN 2 Queen bedrooms A/C 2 Bathrooms,Brooklyn,East Flatbush,40.64835,-73.94984,108.0,5.0,23.0,0.038356164383561646,1512.0,26081.999999999996
53868044,Modern Apartment☆5 Mins to Subway☆40 Mins to NYC☆,Brooklyn,East Flatbush,40.6464,-73.95106,146.0,5.0,44.0,0.21095890410958903,11242.0,26060.999999999993
19110148,Modern Apartment☆5 Mins to Subway☆40 Mins to NYC☆,Brooklyn,East Flatbush,40.6464,-73.95106,146.0,5.0,44.0,0.21095890410958903,11242.0,26060.999999999993
35615634,Spacious Rooms in Brooklyn,Brooklyn,East Flatbush,40.65348,-73.94589,122.0,5.0,10.0,0.11506849315068493,5124.0,26046.999999999996
34345896,STYLISH 2 BEDROOM APT RIGHT ON CENTRAL PARK WEST,Manhattan,Upper West Side,40.795319,-73.962914,188.0,5.0,11.0,0.32054794520547947,21996.0,26038.0
41567771,Heart of Astoria 3 bedrooms apt,Queens,Long Island City,40.76187,-73.92762,173.0,5.0,65.0,0.29041095890410956,18337.999999999996,25863.500000000004
17842068,Heart of Astoria 3 bedrooms apt,Queens,Long Island City,40.76187,-73.92762,173.0,5.0,65.0,0.29041095890410956,18337.999999999996,25863.500000000004
52599964,Heart of Astoria 3 bedrooms apt,Queens,Long Island City,40.76187,-73.92762,173.0,5.0,65.0,0.29041095890410956,18337.999999999996,25863.500000000004
35548253,Two full beds Room | PRIVATE BATHROOM,Manhattan,Hell's Kitchen,40.75628,-73.9935,158.0,5.0,1.0,0.25205479452054796,14536.0,25833.0
35548253,Two full beds Room | PRIVATE BATHROOM,Manhattan,Hell's Kitchen,40.75628,-73.9935,158.0,5.0,1.0,0.25205479452054796,14536.0,25833.0
17501299,Privet room.10min from CentralPark.5 min to Times,Manhattan,Hell's Kitchen,40.76546,-73.99253,113.0,5.0,12.0,0.07397260273972603,3051.0,25820.499999999996
52259194,Privet room.10min from CentralPark.5 min to Times,Manhattan,Hell's Kitchen,40.76546,-73.99253,113.0,5.0,12.0,0.07397260273972603,3051.0,25820.499999999996
24159827,BED IN FAMILY HOUSE (ONLY WOMEN),Queens,Corona,40.74147,-73.86753,130.0,5.0,8.0,0.15616438356164383,7409.999999999999,25805.0
42168673,BED IN FAMILY HOUSE (ONLY WOMEN),Queens,Corona,40.74147,-73.86753,130.0,5.0,8.0,0.15616438356164383,7409.999999999999,25805.0
54819657,Sonder | 21 Chelsea | Colorful 1BR + Rooftop,Manhattan,Chelsea,40.7429,-73.99428,128.0,5.0,2.0,0.14794520547945206,6912.0,25791.999999999996
20061761,Sonder | 21 Chelsea | Colorful 1BR + Rooftop,Manhattan,Chelsea,40.7429,-73.99428,128.0,5.0,2.0,0.14794520547945206,6912.0,25791.999999999996
30841000,"Sunny bedroom with balcony, Queens",Queens,Elmhurst,40.74084,-73.88995,105.0,5.0,181.0,0.0273972602739726,1050.0,25777.5
29744133,Eddies place #3,Staten Island,Huguenot,40.54177,-74.17092,225.0,5.0,30.0,0.3863013698630137,31725.0,25762.5
36399348,Fully furnished one bedroom in midtown Manhattan,Manhattan,Murray Hill,40.75002,-73.9757,101.0,5.0,6.0,0.0027397260273972603,101.00000000000001,25704.499999999996
5883116,West Village on the Hudson River,Manhattan,West Village,40.73212,-74.01051,117.0,5.0,1.0,0.10136986301369863,4329.0,25564.499999999996
39954503,5 STARS***MIDTOWN EAST-BRAND NEW!!!,Manhattan,Midtown,40.75274,-73.97026,100.0,5.0,3.0,0.0,0.0,25550.0
7567078,Spacious Beautiful 1BR APT,Brooklyn,Crown Heights,40.66965,-73.95517,104.0,5.0,17.0,0.0273972602739726,1040.0,25532.0
11432626,Prívate Cozy Room,Queens,Forest Hills,40.73602,-73.85619,183.0,5.0,14.0,0.3178082191780822,21228.0,25528.5
43004303,Prívate Cozy Room,Queens,Forest Hills,40.73602,-73.85619,183.0,5.0,14.0,0.3178082191780822,21228.0,25528.5
49995317,Prívate Cozy Room,Queens,Forest Hills,40.73602,-73.85619,183.0,5.0,14.0,0.3178082191780822,21228.0,25528.5
6530411,"Beautiful studio aprt Cobble Hill, BK",Brooklyn,Boerum Hill,40.68589,-73.99102,285.0,5.0,38.0,0.4547945205479452,47310.00000000001,25507.499999999993
32014638,AWESOME CHARMING ROOM B WITH ROOF DECK ACCESS :),Brooklyn,Clinton Hill,40.69269,-73.96192,111.0,5.0,7.0,0.07123287671232877,2886.0,25474.499999999996
29538125,Truly A Sweet Home away from Home.,Brooklyn,Bedford-Stuyvesant,40.68547,-73.95283,116.0,5.0,269.0,0.09863013698630137,4176.0,25461.999999999996
30587495,MAISON DES SIRENES 2,Brooklyn,Bedford-Stuyvesant,40.68413,-73.93817,201.0,5.0,121.0,0.35342465753424657,25929.0,25426.499999999993
15561069,Sunny/spacious/convenient private room - Bushwick!,Brooklyn,Bushwick,40.69808,-73.93022,204.0,5.0,76.0,0.3589041095890411,26724.000000000004,25397.99999999999
44813638,"Large & Sunny, a Lovely 2-Bed Apt in East Village",Manhattan,East Village,40.72571,-73.98789,164.0,5.0,8.0,0.27671232876712326,16563.999999999996,25338.000000000004
13241961,"Large & Sunny, a Lovely 2-Bed Apt in East Village",Manhattan,East Village,40.72571,-73.98789,164.0,5.0,8.0,0.27671232876712326,16563.999999999996,25338.000000000004
51804652,"Large & Sunny, a Lovely 2-Bed Apt in East Village",Manhattan,East Village,40.72571,-73.98789,164.0,5.0,8.0,0.27671232876712326,16563.999999999996,25338.000000000004
6809323,Share A Rustic Forte Greene studio w/ adorable cat,Brooklyn,Clinton Hill,40.68667,-73.9676,168.0,5.0,15.0,0.2876712328767123,17640.0,25284.0
4191973,"Beautiful, Spacious Brooklyn Home ",Brooklyn,Prospect-Lefferts Gardens,40.66302,-73.95198,178.0,5.0,3.0,0.31232876712328766,20292.0,25187.0
7086577,Cozy One BR with Ideal Location,Queens,Astoria,40.76436,-73.92628,338.0,5.0,5.0,0.4958904109589041,61178.0,25181.0
6243215,"Bedroom in Financial District, NYC",Manhattan,Financial District,40.70811,-74.01301,275.0,5.0,1.0,0.44931506849315067,45100.0,25162.5
18384979,Stunning Elevator 2 Bedroom Midtown East,Manhattan,Midtown,40.75569,-73.96679,113.0,5.0,1.0,0.09041095890410959,3729.0,25142.499999999996
53142874,Stunning Elevator 2 Bedroom Midtown East,Manhattan,Midtown,40.75569,-73.96679,113.0,5.0,1.0,0.09041095890410959,3729.0,25142.499999999996
24237149,Large One Bedroom Double With Kitchen in Manhattan,Manhattan,Chelsea,40.74963,-73.99141,157.0,5.0,3.0,0.26301369863013696,15071.999999999998,25041.5
42245995,Large One Bedroom Double With Kitchen in Manhattan,Manhattan,Chelsea,40.74963,-73.99141,157.0,5.0,3.0,0.26301369863013696,15071.999999999998,25041.5
39646319,Private Room in Converted Loft,Brooklyn,Greenpoint,40.73159,-73.95048,148.0,5.0,36.0,0.23835616438356164,12876.0,24938.0
33157899,"Bright and cozy,30 min to Manhattan on the subway.",Brooklyn,Crown Heights,40.674496,-73.910583,104.0,5.0,20.0,0.043835616438356165,1664.0,24908.0
34868924,Floating Cabin Houseboat Rockaway Surf's Up!,Queens,Arverne,40.59262,-73.78894,109.0,5.0,189.0,0.07397260273972603,2943.0,24906.5
33669881,CONTACT BEFORE YOU BOOK/near Times Square,Manhattan,Hell's Kitchen,40.76422,-73.99474,245.0,5.0,1.0,0.42191780821917807,37730.0,24867.5
20399769,A Cozy Place to Stay in Woodside Queens!,Queens,Maspeth,40.73786,-73.90616,198.0,5.0,1.0,0.3561643835616438,25740.0,24849.0
55157665,A Cozy Place to Stay in Woodside Queens!,Queens,Maspeth,40.73786,-73.90616,198.0,5.0,1.0,0.3561643835616438,25740.0,24849.0
20399769,A Cozy Place to Stay in Woodside Queens!,Queens,Maspeth,40.73786,-73.90616,198.0,5.0,1.0,0.3561643835616438,25740.0,24849.0
25147340,**Private Room in Newly Renovated Apartment,Queens,Kew Gardens,40.70657,-73.82903,127.0,5.0,7.0,0.1643835616438356,7620.0,24828.499999999996
29749103,Trendy and Tranquil Staycation  in Brooklyn Duplex,Brooklyn,Bushwick,40.69659,-73.93186,257.0,5.0,83.0,0.43561643835616437,40863.0,24800.499999999985
23793652,Sunny furnished room in the heart of Bushwick,Brooklyn,Bushwick,40.70709,-73.92071,118.0,5.0,3.0,0.12602739726027398,5428.000000000001,24720.999999999996
11292894,20-25 minutes to downtown NYC/30-40 to midtown,Brooklyn,Bedford-Stuyvesant,40.69568,-73.93384,122.0,5.0,97.0,0.14520547945205478,6465.999999999999,24704.999999999996
42864571,20-25 minutes to downtown NYC/30-40 to midtown,Brooklyn,Bedford-Stuyvesant,40.69568,-73.93384,122.0,5.0,97.0,0.14520547945205478,6465.999999999999,24704.999999999996
49855585,20-25 minutes to downtown NYC/30-40 to midtown,Brooklyn,Bedford-Stuyvesant,40.69568,-73.93384,122.0,5.0,97.0,0.14520547945205478,6465.999999999999,24704.999999999996
7371564,"Large Private Room, great location!",Manhattan,Midtown,40.75531,-73.97147,148.0,5.0,13.0,0.24383561643835616,13172.000000000002,24642.0
3230419,Great room! Good for med students!,Bronx,Norwood,40.87605,-73.88047,157.0,5.0,40.0,0.27123287671232876,15543.0,24570.5
7734425,❤️ Charming and Quiet NYC Guestroom ❤️,Queens,Middle Village,40.7206,-73.87382,136.0,5.0,95.0,0.2054794520547945,10200.0,24547.999999999993
52170274,Williamsburg Garden Oasis,Brooklyn,Williamsburg,40.72017,-73.95977,171.0,5.0,26.0,0.30684931506849317,19152.0,24538.499999999993
17412378,Williamsburg Garden Oasis,Brooklyn,Williamsburg,40.72017,-73.95977,171.0,5.0,26.0,0.30684931506849317,19152.0,24538.499999999993
34027771,Cozy and Close To Everything. - 14,Manhattan,Upper West Side,40.79953,-73.96516,274.0,5.0,20.0,0.4547945205479452,45484.0,24523.0
36435247,"Sunny, Cozy, Private Room In The Heart of Bushwick",Brooklyn,Bushwick,40.69825,-73.92433,226.0,5.0,130.0,0.40273972602739727,33222.0,24520.999999999993
35044556,Private Room w/premium  Mattress Near Subway & Gym,Brooklyn,Bedford-Stuyvesant,40.68913,-73.92799,105.0,5.0,55.0,0.06027397260273973,2310.0,24517.5
49088992,"Historic, Lovely, Modern, Peaceful Apt in Brooklyn",Brooklyn,Greenpoint,40.73005,-73.95807,166.0,5.0,58.0,0.2958904109589041,17928.0,24484.999999999993
10526302,"Historic, Lovely, Modern, Peaceful Apt in Brooklyn",Brooklyn,Greenpoint,40.73005,-73.95807,166.0,5.0,58.0,0.2958904109589041,17928.0,24484.999999999993
22780182,Private 2 BR Apt in heart of South Slope,Brooklyn,Sunset Park,40.66207,-73.99147,182.0,5.0,17.0,0.3315068493150685,22022.0,24479.0
47659088,"Queen bed & Air Conditioning, views of Chatham Sq",Manhattan,Chinatown,40.7138,-73.99758,203.0,5.0,80.0,0.3698630136986301,27405.0,24461.5
9096397,"Queen bed & Air Conditioning, views of Chatham Sq",Manhattan,Chinatown,40.7138,-73.99758,203.0,5.0,80.0,0.3698630136986301,27405.0,24461.5
37166492,"Home For Medical Professionals - ""Gamma""",Brooklyn,East Flatbush,40.65421,-73.93796,153.0,5.0,1.0,0.26301369863013696,14687.999999999998,24403.5
18896408,Super Charming 1 Bedroom  in the Heart of Chelsea,Manhattan,Chelsea,40.74388,-73.99631,202.0,5.0,71.0,0.3698630136986301,27269.999999999996,24340.999999999996
53654304,Super Charming 1 Bedroom  in the Heart of Chelsea,Manhattan,Chelsea,40.74388,-73.99631,202.0,5.0,71.0,0.3698630136986301,27269.999999999996,24340.999999999996
3729698,Sunny room in East Village!,Manhattan,East Village,40.72673,-73.98004,226.0,5.0,191.0,0.4054794520547945,33448.0,24294.999999999993
8355763,Murray Hill 2 Bedroom Apartment (63),Manhattan,Murray Hill,40.74537,-73.97652,133.0,5.0,1.0,0.2,9709.0,24272.5
22161054,*NO GUEST SERVICE FEE* Beekman Tower Studio Suite  #1,Manhattan,Midtown,40.75436,-73.9671,169.0,5.0,1.0,0.30684931506849317,18928.000000000004,24251.499999999996
22167129,*NO GUEST SERVICE FEE* Beekman Tower One Bedroom Suite  #10,Manhattan,Midtown,40.75271,-73.96575,164.0,5.0,1.0,0.2958904109589041,17712.0,24190.0
39836311,QUIET GARDEN APT FACING NY BAY!,Brooklyn,Bay Ridge,40.63508,-74.03628,308.0,5.0,25.0,0.4849315068493151,54516.0,24178.0
9409551,Park Avenue 2 Bedroom,Manhattan,Midtown,40.74545,-73.98113,320.0,5.0,1.0,0.4931506849315068,57600.0,24160.0
47972242,Park Avenue 2 Bedroom,Manhattan,Midtown,40.74545,-73.98113,320.0,5.0,1.0,0.4931506849315068,57600.0,24160.0
35142865,Historic Brownstone Apartment,Manhattan,Harlem,40.80679,-73.94817,211.0,5.0,18.0,0.3863013698630137,29751.0,24159.499999999993
52281286,"A Nice 3 Bedroom Apt in Pelham Bay, Bronx, NY.",Bronx,Pelham Bay,40.84934,-73.83345,100.0,5.0,28.0,0.038356164383561646,1400.0,24150.0
17523391,"A Nice 3 Bedroom Apt in Pelham Bay, Bronx, NY.",Bronx,Pelham Bay,40.84934,-73.83345,100.0,5.0,28.0,0.038356164383561646,1400.0,24150.0
30596332,Private bedroom & bath in Red Hook Bklyn for solo,Brooklyn,Red Hook,40.67689,-74.01459,235.0,5.0,287.0,0.4191780821917808,35955.0,24087.5
2180497,Sunny Studio in the West Village,Manhattan,West Village,40.73331,-74.00471,175.0,5.0,1.0,0.3232876712328767,20650.0,24062.499999999993
13985357,"Cozy Private Room in Astoria, near LGA and Midtown",Queens,Astoria,40.76877,-73.91237,306.0,5.0,19.0,0.4849315068493151,54162.0,24021.0
45557034,"Cozy Private Room in Astoria, near LGA and Midtown",Queens,Astoria,40.76877,-73.91237,306.0,5.0,19.0,0.4849315068493151,54162.0,24021.0
52954540,"LARGE COZY BASEMENT, FLUSHING QUEENS",Queens,Flushing,40.75722,-73.80595,102.0,5.0,56.0,0.0547945205479452,2039.9999999999998,24020.999999999996
18196644,"LARGE COZY BASEMENT, FLUSHING QUEENS",Queens,Flushing,40.75722,-73.80595,102.0,5.0,56.0,0.0547945205479452,2039.9999999999998,24020.999999999996
16955074,Heart of East Village / Next to Tompkins Sq Park,Manhattan,East Village,40.72486,-73.98241,298.0,5.0,4.0,0.4794520547945205,52150.0,23989.0
33030870,"1 bdrm APT+PVT yard-20 min to wall st, near metro",Brooklyn,Bedford-Stuyvesant,40.67971,-73.94096,268.0,5.0,150.0,0.4547945205479452,44488.00000000001,23985.999999999993
57075803,Sunny room,Manhattan,East Harlem,40.79315,-73.93984,194.0,5.0,60.0,0.36164383561643837,25608.0,23958.999999999993
44415430,Sunny room,Manhattan,East Harlem,40.79315,-73.93984,194.0,5.0,60.0,0.36164383561643837,25608.0,23958.999999999993
51406443,Sunny room,Manhattan,East Harlem,40.79315,-73.93984,194.0,5.0,60.0,0.36164383561643837,25608.0,23958.999999999993
12843753,Sunny room,Manhattan,East Harlem,40.79315,-73.93984,194.0,5.0,60.0,0.36164383561643837,25608.0,23958.999999999993
8698189,Sublet Beautiful Room in Brooklyn!,Brooklyn,Greenpoint,40.72853,-73.95533,259.0,5.0,1.0,0.4465753424657534,42217.0,23957.5
45488549,"Oasis in Stuyvesant Heights, Brooklyn",Brooklyn,Bedford-Stuyvesant,40.68512,-73.93607,161.0,5.0,34.0,0.29315068493150687,17227.0,23908.499999999993
13916872,"Oasis in Stuyvesant Heights, Brooklyn",Brooklyn,Bedford-Stuyvesant,40.68512,-73.93607,161.0,5.0,34.0,0.29315068493150687,17227.0,23908.499999999993
52602725,NEW-BRIGHT-SPACIOUS-LES-W/D-2BATH-BY TRAIN-ROOFTOP,Manhattan,Lower East Side,40.71374,-73.98907,95.0,5.0,10.0,0.010958904109589041,380.0,23892.5
17844829,NEW-BRIGHT-SPACIOUS-LES-W/D-2BATH-BY TRAIN-ROOFTOP,Manhattan,Lower East Side,40.71374,-73.98907,95.0,5.0,10.0,0.010958904109589041,380.0,23892.5
41570533,NEW-BRIGHT-SPACIOUS-LES-W/D-2BATH-BY TRAIN-ROOFTOP,Manhattan,Lower East Side,40.71374,-73.98907,95.0,5.0,10.0,0.010958904109589041,380.0,23892.5
39932963,1 rm @ 3BR loft williamsburg room 2,Brooklyn,Greenpoint,40.72541,-73.9567,195.0,5.0,36.0,0.3643835616438356,25935.0,23887.5
36941706,Sweet Union Square/ Gramercy Studio,Manhattan,Gramercy,40.73671,-73.98654,222.0,5.0,267.0,0.4054794520547945,32856.0,23864.999999999993
53162757,Sonder | The Biltmore | Quaint Studio + Rooftop,Manhattan,Financial District,40.70561,-74.0086,103.0,5.0,4.0,0.06575342465753424,2472.0,23844.499999999996
18404861,Sonder | The Biltmore | Quaint Studio + Rooftop,Manhattan,Financial District,40.70561,-74.0086,103.0,5.0,4.0,0.06575342465753424,2472.0,23844.499999999996
4697328,Big & Bright near Park & Museum,Brooklyn,Crown Heights,40.6794,-73.9616,182.0,5.0,1.0,0.3424657534246575,22750.0,23751.0
10159022,Amazing Double Room in Williamsburg,Brooklyn,Williamsburg,40.71234,-73.95,306.0,5.0,69.0,0.4876712328767123,54467.99999999999,23715.000000000007
48721713,Amazing Double Room in Williamsburg,Brooklyn,Williamsburg,40.71234,-73.95,306.0,5.0,69.0,0.4876712328767123,54467.99999999999,23715.000000000007
33453932,Hip and Zen home at prime williamsburg  waterfront,Brooklyn,Williamsburg,40.71845,-73.96398,159.0,5.0,23.0,0.29315068493150687,17013.000000000004,23611.499999999996
31834588,"Bushwick Lovely 2 bedroom, 2 bathroom/w Balcony",Brooklyn,Bushwick,40.69557,-73.92647,174.0,5.0,15.0,0.3287671232876712,20879.999999999996,23577.000000000004
30210826,Feel like home - Aberdeen St. 3,Brooklyn,Bedford-Stuyvesant,40.68096,-73.90775,104.0,5.0,56.0,0.07945205479452055,3016.0000000000005,23556.0
57169141,Sweet deco room in amazing location,Brooklyn,Williamsburg,40.71018,-73.94858,100.0,5.0,55.0,0.0547945205479452,2000.0,23550.0
51499782,Sweet deco room in amazing location,Brooklyn,Williamsburg,40.71018,-73.94858,100.0,5.0,55.0,0.0547945205479452,2000.0,23550.0
44508769,Sweet deco room in amazing location,Brooklyn,Williamsburg,40.71018,-73.94858,100.0,5.0,55.0,0.0547945205479452,2000.0,23550.0
12937091,Sweet deco room in amazing location,Brooklyn,Williamsburg,40.71018,-73.94858,100.0,5.0,55.0,0.0547945205479452,2000.0,23550.0
29637539,"The Papaya, Modern Studio with work station",Bronx,Olinville,40.87695,-73.86738,110.0,5.0,3.0,0.11506849315068493,4620.0,23485.0
36647883,newly renovated studio! Prime gramercy! W/D,Manhattan,Kips Bay,40.73854,-73.98167,106.0,5.0,2.0,0.09315068493150686,3604.0000000000005,23478.999999999996
3037114,(Williamsburg) - Large Bedroom w/ Private Bathroom,Brooklyn,Williamsburg,40.70046,-73.95133,268.0,5.0,26.0,0.4602739726027397,45024.0,23450.0
29286276,HUGE bedroom with Fireplace in Astoria,Queens,Astoria,40.77024,-73.9247,93.0,5.0,37.0,0.010958904109589041,372.0,23389.499999999996
45113537,Huge private room in historic brownstone,Brooklyn,Bedford-Stuyvesant,40.68408,-73.92498,294.0,5.0,9.0,0.4821917808219178,51744.00000000001,23372.999999999993
13541860,Huge private room in historic brownstone,Brooklyn,Bedford-Stuyvesant,40.68408,-73.92498,294.0,5.0,9.0,0.4821917808219178,51744.00000000001,23372.999999999993
2528998,Private fits 3 ppl. Prospect Park,Brooklyn,Prospect-Lefferts Gardens,40.65936,-73.95139,153.0,5.0,84.0,0.2821917808219178,15759.0,23332.5
6359198,One bedroom apartment,Brooklyn,Bay Ridge,40.63014,-74.027,176.0,5.0,10.0,0.336986301369863,21648.0,23319.999999999993
22473103,Queens Corner Lot,Queens,Queens Village,40.70524,-73.73349,168.0,5.0,51.0,0.32054794520547947,19656.0,23268.0
6344839,Patricia's Place near Williamsburg,Brooklyn,Bushwick,40.69644,-73.92707,205.0,5.0,106.0,0.38904109589041097,29110.000000000004,23267.499999999996
14866828,"Big guest room,queen bed,Cozy decoration apartment",Brooklyn,Sheepshead Bay,40.59449,-73.95166,94.0,5.0,9.0,0.021917808219178082,752.0,23265.0
46438505,"Big guest room,queen bed,Cozy decoration apartment",Brooklyn,Sheepshead Bay,40.59449,-73.95166,94.0,5.0,9.0,0.021917808219178082,752.0,23265.0
46268949,"Upper West side,Lincoln center,Luxury 2Bed 2Bath",Manhattan,Upper West Side,40.77578,-73.98923,160.0,5.0,5.0,0.3041095890410959,17760.0,23120.0
14697271,"Upper West side,Lincoln center,Luxury 2Bed 2Bath",Manhattan,Upper West Side,40.77578,-73.98923,160.0,5.0,5.0,0.3041095890410959,17760.0,23120.0
49516473,Relaxing Ocean Front Beach Home in Arverne!,Queens,Arverne,40.58843,-73.79905,128.0,5.0,15.0,0.2054794520547945,9600.0,23103.999999999996
10953782,Relaxing Ocean Front Beach Home in Arverne!,Queens,Arverne,40.58843,-73.79905,128.0,5.0,15.0,0.2054794520547945,9600.0,23103.999999999996
30887946,★5 MILLION DOLLAR TOWNHOUSE★,Manhattan,Harlem,40.82401,-73.94247,184.0,5.0,174.0,0.3561643835616438,23920.0,23091.999999999993
40116879,As Seen In NY Magazine! Chic & Stylish!,Queens,Sunnyside,40.74342,-73.92635,164.0,5.0,2.0,0.3150684931506849,18860.0,23042.0
9428329,2 Bed Private Room + Private Bath in Lovely Loft!,Queens,Ridgewood,40.70707,-73.91384,301.0,5.0,162.0,0.4904109589041096,53879.0,23026.5
47991020,2 Bed Private Room + Private Bath in Lovely Loft!,Queens,Ridgewood,40.70707,-73.91384,301.0,5.0,162.0,0.4904109589041096,53879.0,23026.5
25508544,"UWS 3BR/2BTH Apt, 1 block from Central Park",Manhattan,Upper West Side,40.79097,-73.96885,156.0,5.0,2.0,0.29863013698630136,17004.0,22853.999999999993
2117534,Boldera: Your Home Away From Home,Brooklyn,Bedford-Stuyvesant,40.68194,-73.92896,287.0,5.0,147.0,0.4821917808219178,50512.0,22816.499999999985
14919296,Charming One Bedroom Apt on the Upper East Side.,Manhattan,Upper East Side,40.77255,-73.95457,206.0,5.0,131.0,0.3972602739726027,29869.999999999996,22762.999999999996
46490973,Charming One Bedroom Apt on the Upper East Side.,Manhattan,Upper East Side,40.77255,-73.95457,206.0,5.0,131.0,0.3972602739726027,29869.999999999996,22762.999999999996
8069119,"Relaxing, Clean Room in Brooklyn",Brooklyn,Crown Heights,40.66782,-73.92969,222.0,5.0,1.0,0.4191780821917808,33966.0,22754.999999999993
37979478,NY TIME SQUARE DOUBLE ROOM-NON SMOKING,Manhattan,Hell's Kitchen,40.75603,-73.99647,89.0,5.0,56.0,0.0,0.0,22739.5
37067078,Neat Junior 1 Bedroom Suite  in the heart of NYC,Manhattan,Murray Hill,40.74926,-73.97643,89.0,5.0,1.0,0.0,0.0,22739.5
6855716,Amazing 2BR in Bed-Stuy,Brooklyn,Bedford-Stuyvesant,40.68355,-73.94129,145.0,5.0,1.0,0.27123287671232876,14355.0,22692.5
34871134,"A BETTA share -Low maintanence guests, e20's  NYC!",Manhattan,Gramercy,40.73765,-73.98275,108.0,5.0,61.0,0.12602739726027398,4968.000000000001,22625.999999999996
17472579,Chic Studio,Manhattan,Midtown,40.74779,-73.98734,102.0,5.0,36.0,0.09315068493150686,3468.0000000000005,22592.999999999996
52230475,Chic Studio,Manhattan,Midtown,40.74779,-73.98734,102.0,5.0,36.0,0.09315068493150686,3468.0000000000005,22592.999999999996
7614576,Spacious Master BR Near BK Museum,Brooklyn,Prospect Heights,40.67263,-73.96437,98.0,5.0,3.0,0.0684931506849315,2449.9999999999995,22588.999999999996
1708280,Sun Fill Room in a Spacious Apt,Brooklyn,Windsor Terrace,40.6599,-73.98279,98.0,5.0,6.0,0.07123287671232877,2548.0,22490.999999999996
24781717,Private Room with Private Bathroom Newly Renovated,Queens,Kew Gardens,40.71042,-73.82912,113.0,5.0,6.0,0.15616438356164383,6440.999999999999,22430.499999999996
42790563,Private Room with Private Bathroom Newly Renovated,Queens,Kew Gardens,40.71042,-73.82912,113.0,5.0,6.0,0.15616438356164383,6440.999999999999,22430.499999999996
50081476,Kitschy Corner Bedroom on a Friendly Astoria Block,Queens,Ditmars Steinway,40.77021,-73.90947,183.0,5.0,59.0,0.3643835616438356,24339.000000000004,22417.499999999996
43090462,Kitschy Corner Bedroom on a Friendly Astoria Block,Queens,Ditmars Steinway,40.77021,-73.90947,183.0,5.0,59.0,0.3643835616438356,24339.000000000004,22417.499999999996
11518785,Kitschy Corner Bedroom on a Friendly Astoria Block,Queens,Ditmars Steinway,40.77021,-73.90947,183.0,5.0,59.0,0.3643835616438356,24339.000000000004,22417.499999999996
54922385,New york Lovely Guest Room.,Queens,Flushing,40.73662,-73.82764,285.0,5.0,20.0,0.4849315068493151,50445.0,22372.5
20164489,New york Lovely Guest Room.,Queens,Flushing,40.73662,-73.82764,285.0,5.0,20.0,0.4849315068493151,50445.0,22372.5
36440218,Stylish 2 Bedroom Williamsburg Apartment,Brooklyn,Williamsburg,40.71012,-73.95564,115.0,5.0,177.0,0.16712328767123288,7015.0,22367.5
34017278,"cozy bedroom a
5 minis away from La guardia",Queens,East Elmhurst,40.75712,-73.89772,111.0,5.0,45.0,0.14794520547945206,5994.0,22366.499999999996
7377087,Bedroom with private bathroom & rooftop in duplex,Brooklyn,Crown Heights,40.6758,-73.93185,210.0,5.0,24.0,0.40821917808219177,31289.999999999996,22365.000000000004
34219972,Cozy Two Beds ROOM close to TSq,Manhattan,Hell's Kitchen,40.75559,-73.99486,90.0,5.0,4.0,0.019178082191780823,630.0,22364.999999999996
35057811,Sunny King room in Williamsburg. Sleep like a King,Brooklyn,Williamsburg,40.71911,-73.94056,160.0,5.0,4.0,0.3178082191780822,18560.0,22320.0
53897316,Beautiful  peninsula to stay,Queens,Bayswater,40.60628,-73.76019,198.0,5.0,8.0,0.3917808219178082,28314.0,22275.0
1180281,"Historic House Boerum Hill, BK, NYC",Brooklyn,Boerum Hill,40.68674,-73.98876,162.0,5.0,6.0,0.3232876712328767,19116.0,22275.0
19139420,Beautiful  peninsula to stay,Queens,Bayswater,40.60628,-73.76019,198.0,5.0,8.0,0.3917808219178082,28314.0,22275.0
33092728,Cute and cozy studio apartment in East Village,Manhattan,East Village,40.72941,-73.98317,209.0,5.0,1.0,0.40821917808219177,31140.999999999996,22258.499999999996
19633177,Brand New Brooklyn Style Hostel RM3 #4,Brooklyn,Bedford-Stuyvesant,40.69396,-73.95578,94.0,5.0,16.0,0.052054794520547946,1786.0000000000002,22231.0
54391072,Brand New Brooklyn Style Hostel RM3 #4,Brooklyn,Bedford-Stuyvesant,40.69396,-73.95578,94.0,5.0,16.0,0.052054794520547946,1786.0000000000002,22231.0
20834429,"Cute Clean &  Quaint , 40 minutes away from. City",Brooklyn,Bushwick,40.69855,-73.91394,87.0,5.0,2.0,0.0,0.0,22228.5
55592325,"Cute Clean &  Quaint , 40 minutes away from. City",Brooklyn,Bushwick,40.69855,-73.91394,87.0,5.0,2.0,0.0,0.0,22228.5
13871031,Exquisite Single Bedroom in Shared Apartment C9,Manhattan,Upper East Side,40.76312,-73.96045,105.0,5.0,1.0,0.12054794520547946,4620.0,22207.5
45442708,Exquisite Single Bedroom in Shared Apartment C9,Manhattan,Upper East Side,40.76312,-73.96045,105.0,5.0,1.0,0.12054794520547946,4620.0,22207.5
2067827,Spacious & Comfy by Prospect Park,Brooklyn,Prospect-Lefferts Gardens,40.6593,-73.95686,93.0,5.0,46.0,0.04657534246575343,1581.0000000000002,22180.499999999996
28730110,Pretty and Private in Clinton Hill,Brooklyn,Clinton Hill,40.68673,-73.96587,237.0,5.0,280.0,0.4438356164383562,38394.0,22159.499999999993
26140375,AMAZING 2 BEDROOMS IN HEART OF CHELSEA!!!,Manhattan,Chelsea,40.74437,-74.00007,247.0,5.0,5.0,0.4547945205479452,41002.00000000001,22106.499999999985
1551979,Large Private Room Near Central Park & Mount Sinai,Manhattan,East Harlem,40.79314,-73.94853,186.0,5.0,74.0,0.37534246575342467,25482.0,22040.999999999993
23372248,LES Luxury Studio! with Private Outdoor Terrace!!,Manhattan,Lower East Side,40.71805,-73.98675,139.0,5.0,22.0,0.26575342465753427,13483.000000000002,22031.5
28534596,Penthouse alcove studio with private terrace,Manhattan,Midtown,40.75192,-73.97005,113.0,5.0,18.0,0.16712328767123288,6893.0,21978.499999999996
40358786,Large 2BR apartment East Village,Manhattan,East Village,40.7221,-73.98356,156.0,5.0,53.0,0.3150684931506849,17940.0,21917.999999999993
41512541,"Cozy studio, fully renovated! Near JFK & subway!",Queens,Ozone Park,40.68936,-73.84114,229.0,5.0,35.0,0.4383561643835616,36639.99999999999,21869.5
17786838,"Cozy studio, fully renovated! Near JFK & subway!",Queens,Ozone Park,40.68936,-73.84114,229.0,5.0,35.0,0.4383561643835616,36639.99999999999,21869.5
52544734,"Cozy studio, fully renovated! Near JFK & subway!",Queens,Ozone Park,40.68936,-73.84114,229.0,5.0,35.0,0.4383561643835616,36639.99999999999,21869.5
55534333,Great private room in Sunnyside NYC 7 min Subway,Queens,Sunnyside,40.73587,-73.92027,104.0,5.0,11.0,0.12602739726027398,4784.0,21788.0
20776438,Great private room in Sunnyside NYC 7 min Subway,Queens,Sunnyside,40.73587,-73.92027,104.0,5.0,11.0,0.12602739726027398,4784.0,21788.0
21303332,Charming cozy bedroom in Clinton Hill!,Brooklyn,Clinton Hill,40.68933,-73.96082,274.0,5.0,1.0,0.4821917808219178,48224.0,21783.0
11568492,For all classical lover's,Brooklyn,Sheepshead Bay,40.60803,-73.96211,214.0,5.0,15.0,0.42191780821917807,32956.0,21720.999999999993
50131183,For all classical lover's,Brooklyn,Sheepshead Bay,40.60803,-73.96211,214.0,5.0,15.0,0.42191780821917807,32956.0,21720.999999999993
43140169,For all classical lover's,Brooklyn,Sheepshead Bay,40.60803,-73.96211,214.0,5.0,15.0,0.42191780821917807,32956.0,21720.999999999993
29543095,"Large, sunny, private studio Apt 2F",Brooklyn,Greenpoint,40.72242,-73.94523,240.0,5.0,380.0,0.4520547945205479,39600.0,21720.0
30166642,Pre-war gem with Peloton near Manhattan! WFH chic!,Queens,Sunnyside,40.74328,-73.91983,225.0,5.0,19.0,0.43561643835616437,35775.0,21712.5
20662111,"Clean , Quite and Comfortable Queen size bed",Manhattan,Washington Heights,40.8453,-73.93795,108.0,5.0,11.0,0.1506849315068493,5940.0,21653.999999999996
55420007,"Clean , Quite and Comfortable Queen size bed",Manhattan,Washington Heights,40.8453,-73.93795,108.0,5.0,11.0,0.1506849315068493,5940.0,21653.999999999996
42597811,Bed-Stuy 2 Bed/2 Bath - Newly Renovated,Brooklyn,Bedford-Stuyvesant,40.68394,-73.94002,250.0,5.0,4.0,0.46301369863013697,42250.0,21625.0
24588964,Bed-Stuy 2 Bed/2 Bath - Newly Renovated,Brooklyn,Bedford-Stuyvesant,40.68394,-73.94002,250.0,5.0,4.0,0.46301369863013697,42250.0,21625.0
7837705,Private Room in East Village,Manhattan,East Village,40.72363,-73.98234,192.0,5.0,1.0,0.3917808219178082,27456.0,21599.999999999993
28836151,Luxurious Oasis near Central Park & Lincoln Center,Manhattan,Upper West Side,40.78018,-73.98007,217.0,5.0,42.0,0.4273972602739726,33852.0,21591.499999999993
53634974,Basic Little Italy 2,Manhattan,Little Italy,40.71773,-73.99812,101.0,5.0,25.0,0.11506849315068493,4242.0,21563.499999999996
18877078,Basic Little Italy 2,Manhattan,Little Italy,40.71773,-73.99812,101.0,5.0,25.0,0.11506849315068493,4242.0,21563.499999999996
32543189,LUXURY 2 BED APT IN PRIVATE HOME NEAR TRAINS,Brooklyn,Gravesend,40.6007,-73.97595,90.0,5.0,30.0,0.043835616438356165,1440.0,21554.999999999996
39741867,Quiet room w/ 2 beds +light near subway+ museums,Manhattan,East Harlem,40.79541,-73.94465,104.0,5.0,58.0,0.13424657534246576,5096.0,21476.0
27332791,Spacious Modern Apt. Near JFK Airport and Trains,Queens,Jamaica,40.68636,-73.78866,90.0,5.0,3.0,0.04657534246575343,1530.0,21464.999999999996
34469059,Super Massive 6 bdrm in Manhattan near Columbia,Manhattan,Harlem,40.8224,-73.9542,146.0,5.0,3.0,0.29863013698630136,15914.0,21388.999999999993
7063381,"Large, sunny Williamsburg room",Brooklyn,Williamsburg,40.70727,-73.94025,221.0,5.0,1.0,0.43561643835616437,35139.0,21326.499999999993
56050734,Charming 2-Bedroom Brownstone Garden Level Apt.,Brooklyn,Bedford-Stuyvesant,40.68134,-73.92226,174.0,5.0,117.0,0.3643835616438356,23142.0,21315.0
43390361,Charming 2-Bedroom Brownstone Garden Level Apt.,Brooklyn,Bedford-Stuyvesant,40.68134,-73.92226,174.0,5.0,117.0,0.3643835616438356,23142.0,21315.0
50381374,Charming 2-Bedroom Brownstone Garden Level Apt.,Brooklyn,Bedford-Stuyvesant,40.68134,-73.92226,174.0,5.0,117.0,0.3643835616438356,23142.0,21315.0
11818684,Charming 2-Bedroom Brownstone Garden Level Apt.,Brooklyn,Bedford-Stuyvesant,40.68134,-73.92226,174.0,5.0,117.0,0.3643835616438356,23142.0,21315.0
4969059,"Stay in beautiful Carroll Gardens, Brooklyn!! 1BD",Brooklyn,Red Hook,40.66541,-74.01407,234.0,5.0,66.0,0.4520547945205479,38610.0,21176.999999999993
33589798,Crown Heights Penthouse w/ Private Garden,Brooklyn,Crown Heights,40.67761,-73.95607,93.0,5.0,4.0,0.07671232876712329,2604.0,21157.499999999996
6224437,Cool room Manhattan - Sleeps up to 3 guests,Manhattan,Hell's Kitchen,40.75834,-73.99277,208.0,5.0,147.0,0.42191780821917807,32032.0,21112.0
48355538,Homey space in great neighborhood,Brooklyn,Flatbush,40.63874,-73.95645,145.0,5.0,1.0,0.3013698630136986,15949.999999999998,21097.5
9792847,Homey space in great neighborhood,Brooklyn,Flatbush,40.63874,-73.95645,145.0,5.0,1.0,0.3013698630136986,15949.999999999998,21097.5
40614501,"Private Bathroom, Room and Entrance on the UWS!",Manhattan,Upper West Side,40.791,-73.9722,188.0,5.0,42.0,0.39452054794520547,27072.0,20962.0
26408241,Beautiful Studio APT in the heart of K-TOWN,Manhattan,Midtown,40.7482,-73.98599,140.0,5.0,3.0,0.29041095890410956,14839.999999999998,20930.0
24556931,Cozy NYC Studio with Great Light & Comfort!,Manhattan,Upper East Side,40.78475,-73.95339,265.0,5.0,2.0,0.4849315068493151,46905.00000000001,20802.499999999993
42565777,Cozy NYC Studio with Great Light & Comfort!,Manhattan,Upper East Side,40.78475,-73.95339,265.0,5.0,2.0,0.4849315068493151,46905.00000000001,20802.499999999993
2957030,Nice Modern Mirrored Room in NYC,Manhattan,Harlem,40.82532,-73.94992,152.0,5.0,66.0,0.32602739726027397,18088.0,20748.0
29120586,PARK AVE TOWNHOME | FREE PARKING,Manhattan,East Harlem,40.78805,-73.95084,181.0,5.0,89.0,0.3863013698630137,25521.000000000004,20724.49999999999
53118021,New nice bedrooms in 2 bedroom apt. 1R,Brooklyn,East Flatbush,40.655,-73.92764,116.0,5.0,3.0,0.21095890410958903,8932.0,20705.999999999996
18360125,New nice bedrooms in 2 bedroom apt. 1R,Brooklyn,East Flatbush,40.655,-73.92764,116.0,5.0,3.0,0.21095890410958903,8932.0,20705.999999999996
39144831,Magnificent Townhouse - Upper East Side - NYC,Manhattan,Upper East Side,40.78287,-73.95169,129.0,5.0,65.0,0.2602739726027397,12255.0,20704.5
32296311,Lovely 1-bedroom with free parking and backyard,Brooklyn,Canarsie,40.64745,-73.9103,81.0,5.0,4.0,0.0,0.0,20695.5
40495204,Patricia's Place near Williamsburg,Brooklyn,Bushwick,40.69644,-73.92707,205.0,5.0,106.0,0.4246575342465753,31775.0,20602.5
3751238,GREENWICH VILLAGE ROOM WITH PR.BATH (DM 4 monthly),Manhattan,Greenwich Village,40.72802,-73.99644,123.0,5.0,1.0,0.2410958904109589,10824.0,20602.499999999996
32637632,Romantically  elegant 1 Bedroom Near Prospect Park,Brooklyn,Prospect-Lefferts Gardens,40.65495,-73.96152,108.0,5.0,7.0,0.1780821917808219,7020.0,20573.999999999996
34729745,Midtown Designer large studio Doorman Elevator,Manhattan,Murray Hill,40.74994,-73.98043,178.0,5.0,2.0,0.3835616438356164,24919.999999999996,20559.000000000004
35869140,Concrete Jungle,Manhattan,Upper West Side,40.80427,-73.96701,227.0,5.0,13.0,0.4520547945205479,37455.0,20543.499999999993
2351157,Private Room (Cozy & Clean) Manhattan NYC,Manhattan,East Harlem,40.8035,-73.94041,181.0,5.0,4.0,0.38904109589041097,25702.000000000004,20543.49999999999
23805803,Beautiful West-side Harlem Brick apartment!!,Manhattan,Harlem,40.81303,-73.95285,110.0,5.0,13.0,0.18904109589041096,7589.999999999999,20515.0
52118358,Cozy Room,Manhattan,Harlem,40.82389,-73.95014,92.0,5.0,5.0,0.09041095890410959,3036.0000000000005,20469.999999999996
17360462,Cozy Room,Manhattan,Harlem,40.82389,-73.95014,92.0,5.0,5.0,0.09041095890410959,3036.0000000000005,20469.999999999996
37411714,Newly renovated 3 bedroom 2 Bath apt Beach Blck,Queens,Rockaway Beach,40.58592,-73.81827,254.0,5.0,1.0,0.4794520547945205,44450.0,20446.999999999993
39665098,large spaciousbrownstone house,Brooklyn,Crown Heights,40.67309,-73.94799,117.0,5.0,73.0,0.2219178082191781,9477.0,20416.499999999996
28947716,Double Room with Private bath 407.,Manhattan,Kips Bay,40.74374,-73.98086,115.0,5.0,1.0,0.2136986301369863,8970.0,20412.5
19591754,Queens Center 25 min to Manhattan 5min to subway!,Queens,Elmhurst,40.73744,-73.87247,154.0,5.0,14.0,0.336986301369863,18942.0,20405.0
54349650,Queens Center 25 min to Manhattan 5min to subway!,Queens,Elmhurst,40.73744,-73.87247,154.0,5.0,14.0,0.336986301369863,18942.0,20405.0
5653359,Modern Rustic NYC Chic in the LES,Manhattan,Chinatown,40.71507,-73.99033,188.0,5.0,27.0,0.40273972602739727,27636.0,20398.0
49802564,"Gem of Brooklyn, 3 bedroom private condo",Brooklyn,Crown Heights,40.67228,-73.92707,95.0,5.0,61.0,0.11232876712328767,3895.0,20377.5
11239873,"Gem of Brooklyn, 3 bedroom private condo",Brooklyn,Crown Heights,40.67228,-73.92707,95.0,5.0,61.0,0.11232876712328767,3895.0,20377.5
41135872,"New Apartment, Close to Ferry",Staten Island,Silver Lake,40.62257,-74.09984,95.0,5.0,147.0,0.11232876712328767,3895.0,20377.5
28592587,Lovely Bedroom Suite w/ Private Entry,Brooklyn,Bedford-Stuyvesant,40.68303,-73.92449,240.0,5.0,250.0,0.4684931506849315,41040.0,20280.0
39085735,East Williamsburg’s Spacious Sun-drenched Apt.,Brooklyn,Williamsburg,40.70767,-73.943,100.0,5.0,78.0,0.14520547945205478,5300.0,20250.0
3226553,Beautiful Prewar UWS Apartment,Manhattan,Upper West Side,40.77929,-73.97787,183.0,5.0,1.0,0.3972602739726027,26534.999999999996,20221.500000000004
24684512,Angela's Sweet Suite (Shared-Females Only),Manhattan,Kips Bay,40.74225,-73.97943,83.0,5.0,2.0,0.03287671232876712,996.0,20210.499999999996
42693358,Angela's Sweet Suite (Shared-Females Only),Manhattan,Kips Bay,40.74225,-73.97943,83.0,5.0,2.0,0.03287671232876712,996.0,20210.499999999996
25885213,Nice bedroom with comfy Simmons bed -1min to train,Brooklyn,Bay Ridge,40.6347,-74.02268,88.0,5.0,8.0,0.07123287671232877,2288.0,20195.999999999996
19404524,Queens home in quiet neighborhood,Queens,St. Albans,40.70479,-73.76357,129.0,5.0,31.0,0.27123287671232876,12770.999999999998,20188.5
54162420,Queens home in quiet neighborhood,Queens,St. Albans,40.70479,-73.76357,129.0,5.0,31.0,0.27123287671232876,12770.999999999998,20188.5
32798904,Brooklyn Two Bedroom - Family Friendly,Brooklyn,Prospect-Lefferts Gardens,40.65447,-73.96182,267.0,5.0,1.0,0.4931506849315068,48059.99999999999,20158.499999999993
39921917,The Bushwick 3BR 2BA 20 mins to NYC,Brooklyn,Bushwick,40.68185,-73.90655,191.0,5.0,95.0,0.410958904109589,28650.0,20150.499999999993
25775305,Central Manhattan Shared Ladies Apartment,Manhattan,Murray Hill,40.74532,-73.97534,81.0,5.0,2.0,0.019178082191780823,567.0000000000001,20128.5
3652376,Suite Lounge,Manhattan,East Harlem,40.79191,-73.94433,85.0,5.0,225.0,0.052054794520547946,1615.0000000000002,20102.499999999996
23414222,White Space Studio,Manhattan,Harlem,40.81272,-73.9471,171.0,5.0,20.0,0.3780821917808219,23598.0,20092.499999999993
9634890,A top floor in Midtown,Manhattan,Midtown,40.75369,-73.96632,98.0,5.0,81.0,0.13972602739726028,4998.000000000001,20040.999999999996
48197580,A top floor in Midtown,Manhattan,Midtown,40.75369,-73.96632,98.0,5.0,81.0,0.13972602739726028,4998.000000000001,20040.999999999996
33369430,Blue Moon Hotel | Spacious King with Balcony,Manhattan,Lower East Side,40.71939,-73.99048,80.0,5.0,9.0,0.0136986301369863,400.0,20040.0
29811513,Spacious Manhattan 2 Bedroom  Sleeps 6,Manhattan,Harlem,40.80681,-73.95145,127.0,5.0,166.0,0.2684931506849315,12446.0,20002.499999999996
32429415,"Prime Chelsea/ Hudson Yards location,  Free WiFi",Manhattan,Chelsea,40.75022,-73.99585,115.0,5.0,47.0,0.22465753424657534,9430.0,19952.5
29055415,Wonderful living in 3B/3B Harlem Brownstone Duplex,Manhattan,Harlem,40.83111,-73.94228,171.0,5.0,155.0,0.38082191780821917,23768.999999999996,19921.499999999996
32534905,"Comfort, Outdoor Space. Laundry & Modern Amenities",Manhattan,East Harlem,40.7927,-73.9394,168.0,5.0,20.0,0.37534246575342467,23016.0,19908.0
13283383,Quality cozy studio in a quiet neighborhood,Queens,Middle Village,40.71774,-73.89181,156.0,5.0,26.0,0.3506849315068493,19968.0,19889.999999999993
44855061,Quality cozy studio in a quiet neighborhood,Queens,Middle Village,40.71774,-73.89181,156.0,5.0,26.0,0.3506849315068493,19968.0,19889.999999999993
51846074,Quality cozy studio in a quiet neighborhood,Queens,Middle Village,40.71774,-73.89181,156.0,5.0,26.0,0.3506849315068493,19968.0,19889.999999999993
2372697,nice room in bedstuy N,Brooklyn,Bedford-Stuyvesant,40.68388,-73.95019,227.0,5.0,85.0,0.4602739726027397,38136.0,19862.499999999993
2848780,NEW YORK CITY HOME in MANHATTAN,Manhattan,Inwood,40.8639,-73.92808,140.0,5.0,127.0,0.31232876712328766,15960.0,19810.0
39361885,Sun Fill Room in a Spacious Apt,Brooklyn,Windsor Terrace,40.6599,-73.98279,98.0,5.0,6.0,0.14794520547945206,5292.0,19746.999999999996
55634300,New York City  Apartment,Manhattan,NoHo,40.72503,-73.99252,78.0,5.0,1.0,0.00821917808219178,233.99999999999997,19694.999999999996
20876404,New York City  Apartment,Manhattan,NoHo,40.72503,-73.99252,78.0,5.0,1.0,0.00821917808219178,233.99999999999997,19694.999999999996
40004762,Private Room (Cozy & Clean) Manhattan NYC,Manhattan,East Harlem,40.8035,-73.94041,181.0,5.0,4.0,0.4054794520547945,26788.0,19457.499999999993
3681648,Cute 1 BR in the Lower East Side,Manhattan,Lower East Side,40.7212,-73.98893,90.0,5.0,1.0,0.1095890410958904,3600.0,19394.999999999996
32156579,Entire apartment in townhouse,Manhattan,Harlem,40.81442,-73.94516,86.0,5.0,24.0,0.0821917808219178,2580.0,19393.0
30377621,A Newly Renovated Loft in Clinton Hill / Bed-stuy,Brooklyn,Crown Heights,40.67986,-73.96269,153.0,5.0,3.0,0.35342465753424657,19737.0,19354.5
8404365,Garden level apt w Bocci court/grill in backyard,Brooklyn,Bedford-Stuyvesant,40.69455,-73.95144,103.0,5.0,12.0,0.1863013698630137,7004.000000000001,19312.499999999996
2635592,One Stop to TimesSQ Vacation Apt,Manhattan,Harlem,40.81027,-73.94639,121.0,5.0,31.0,0.26301369863013696,11615.999999999998,19299.5
40049498,"1 Bedroom, Near Subway, Wash Hts",Manhattan,Washington Heights,40.84346,-73.94471,201.0,5.0,10.0,0.4383561643835616,32160.0,19195.499999999993
29635330,Designer apartment in central part of Astoria,Queens,Astoria,40.76676299,-73.92212543,75.0,5.0,3.0,0.0,0.0,19162.5
55840860,B2. Shared room for 4-5 guests,Brooklyn,Prospect-Lefferts Gardens,40.66076,-73.94547,79.0,5.0,5.0,0.03561643835616438,1027.0,19157.5
21082964,B2. Shared room for 4-5 guests,Brooklyn,Prospect-Lefferts Gardens,40.66076,-73.94547,79.0,5.0,5.0,0.03561643835616438,1027.0,19157.5
47774518,2BR Penthouse Aprtmt on Park Avenue,Manhattan,Murray Hill,40.74773,-73.98079,163.0,5.0,1.0,0.3780821917808219,22494.0,19152.5
9211828,2BR Penthouse Aprtmt on Park Avenue,Manhattan,Murray Hill,40.74773,-73.98079,163.0,5.0,1.0,0.3780821917808219,22494.0,19152.5
29498911,Spacious room in a heart of Brooklyn,Brooklyn,Prospect-Lefferts Gardens,40.65962,-73.96208,96.0,5.0,14.0,0.15342465753424658,5376.0,19151.999999999996
31539108,"amazing, Williamsburg, super clean, prime location",Brooklyn,Williamsburg,40.71314,-73.95667,239.0,5.0,6.0,0.4821917808219178,42064.0,19000.499999999993
29213372,NYC Upper East Side Retreat,Manhattan,Upper East Side,40.77054,-73.9486,233.0,5.0,8.0,0.4767123287671233,40541.99999999999,18989.500000000007
7198694,NYC  Garden apartment next to trains/restaurants,Brooklyn,Kensington,40.64272,-73.97418,114.0,5.0,68.0,0.24383561643835616,10146.0,18981.0
38393151,Home away from Home 2,Manhattan,Harlem,40.79911,-73.95493,142.0,5.0,22.0,0.33424657534246577,17324.000000000004,18956.999999999996
36885924,Beautiful Apartment on Bedford Ave.!Williamsburg,Brooklyn,Williamsburg,40.71823,-73.9606,100.0,5.0,31.0,0.18082191780821918,6600.0,18950.0
33467739,Dominique's 4 bedrm cosy Crashpad* Free St parking,Bronx,Eastchester,40.88177,-73.83444,81.0,5.0,10.0,0.06027397260273973,1782.0,18913.5
19518850,"Magical  Brownstone in Fort Greene, Artist Room",Brooklyn,Fort Greene,40.68992,-73.97528,104.0,5.0,4.0,0.20273972602739726,7696.0,18876.0
54276746,"Magical  Brownstone in Fort Greene, Artist Room",Brooklyn,Fort Greene,40.68992,-73.97528,104.0,5.0,4.0,0.20273972602739726,7696.0,18876.0
1357017,Williamsburg  - Quiet and Comfy stay,Brooklyn,Williamsburg,40.70875,-73.95508,256.0,5.0,242.0,0.4986301369863014,46592.0,18815.999999999993
3813095,Amazing LOFT in Prime Williamsburg,Brooklyn,Greenpoint,40.71952,-73.94844,249.0,5.0,1.0,0.4931506849315068,44820.0,18799.499999999993
4129011,Entire Apartment - charming 1BR-20min to Downtown,Brooklyn,Bedford-Stuyvesant,40.67879,-73.93653,178.0,5.0,191.0,0.410958904109589,26700.0,18779.0
39721432,Spacious & Comfy by Prospect Park,Brooklyn,Prospect-Lefferts Gardens,40.6593,-73.95686,93.0,5.0,46.0,0.14794520547945206,5022.0,18739.499999999996
40059992,Less than a minute from the Metro,Brooklyn,Prospect-Lefferts Gardens,40.65833,-73.94819,181.0,5.0,173.0,0.41643835616438357,27512.0,18733.499999999993
53995626,The home is where the heart is.,Brooklyn,East Flatbush,40.65287,-73.94861,174.0,5.0,27.0,0.4054794520547945,25752.0,18705.0
19237730,The home is where the heart is.,Brooklyn,East Flatbush,40.65287,-73.94861,174.0,5.0,27.0,0.4054794520547945,25752.0,18705.0
32399591,☆Newly Updated True 2bd Apt in the Heart of LES☆,Manhattan,Lower East Side,40.72088,-73.98669,84.0,5.0,2.0,0.09315068493150686,2856.0000000000005,18606.0
31318188,WELCOME TO THE JUNGLE! RARE BROOKLYN GEM! W/TV,Brooklyn,Flatbush,40.64601,-73.95396,80.0,5.0,5.0,0.06301369863013699,1840.0000000000002,18600.0
29260318,Boutique Hotel experience in the heart of NYC,Manhattan,Midtown,40.75962,-73.96806,185.0,5.0,18.0,0.4246575342465753,28675.0,18592.5
35660923,Master bedroom on 2F. Lots of lights->5min 135sta,Manhattan,Harlem,40.81074,-73.94241,101.0,5.0,2.0,0.19726027397260273,7272.0,18533.499999999996
35025778,1 Bedroom Apartment Near ESB,Manhattan,Midtown,40.74707,-73.98785,82.0,5.0,44.0,0.0821917808219178,2460.0,18491.0
9240547,Vintage NYC apt - Monthly Rates!,Queens,Sunnyside,40.74356,-73.91685,160.0,5.0,3.0,0.3835616438356164,22400.0,18480.0
47803238,Vintage NYC apt - Monthly Rates!,Queens,Sunnyside,40.74356,-73.91685,160.0,5.0,3.0,0.3835616438356164,22400.0,18480.0
55681245,Gorgeous Bedroom in the heart of Bushwick Him-2R-2,Brooklyn,Bushwick,40.70126,-73.92077,72.0,5.0,2.0,0.0,0.0,18396.0
20923349,Gorgeous Bedroom in the heart of Bushwick Him-2R-2,Brooklyn,Bushwick,40.70126,-73.92077,72.0,5.0,2.0,0.0,0.0,18396.0
36040353,"Location near Kissena Blvd. & Holly Ave., Flushing",Queens,Flushing,40.74945,-73.8201,72.0,5.0,22.0,0.0,0.0,18396.0
40903906,Sunny Apt. on the UES in NYC,Manhattan,Upper East Side,40.76769,-73.95236,142.0,5.0,12.0,0.3452054794520548,17892.000000000004,18388.999999999996
33424660,Charming Spacious 1 Bdrm Apt,Brooklyn,Crown Heights,40.67164,-73.95175,177.0,5.0,168.0,0.41643835616438357,26904.000000000004,18319.499999999996
25830535,Steps to Fifth Avenue Shopping Area,Manhattan,Midtown,40.76459,-73.97416,74.0,5.0,1.0,0.021917808219178082,592.0,18315.0
14501205,Queens Village Home with Parking.,Queens,Queens Village,40.71833,-73.7507,77.0,5.0,49.0,0.049315068493150684,1386.0,18287.5
46072882,Queens Village Home with Parking.,Queens,Queens Village,40.71833,-73.7507,77.0,5.0,49.0,0.049315068493150684,1386.0,18287.5
51479347,Beautiful 2BR with Private Rooftop Deck LES,Manhattan,Lower East Side,40.71306,-73.98715,242.0,5.0,67.0,0.4931506849315068,43560.0,18270.999999999993
12916656,Beautiful 2BR with Private Rooftop Deck LES,Manhattan,Lower East Side,40.71306,-73.98715,242.0,5.0,67.0,0.4931506849315068,43560.0,18270.999999999993
57148706,Beautiful 2BR with Private Rooftop Deck LES,Manhattan,Lower East Side,40.71306,-73.98715,242.0,5.0,67.0,0.4931506849315068,43560.0,18270.999999999993
44488333,Beautiful 2BR with Private Rooftop Deck LES,Manhattan,Lower East Side,40.71306,-73.98715,242.0,5.0,67.0,0.4931506849315068,43560.0,18270.999999999993
32890586,Your Home Away From Home! The Oasis@Brooklyn!,Brooklyn,Prospect-Lefferts Gardens,40.66378,-73.95267,154.0,5.0,11.0,0.37534246575342467,21098.0,18249.0
22289187,"Nice &  clean room, two blocks from Times Square",Manhattan,Hell's Kitchen,40.76136,-73.99205,108.0,5.0,26.0,0.23835616438356164,9396.0,18197.999999999996
46392664,AG's palace 2,Brooklyn,Canarsie,40.64351,-73.91406,81.0,5.0,9.0,0.08493150684931507,2511.0,18184.5
14820987,AG's palace 2,Brooklyn,Canarsie,40.64351,-73.91406,81.0,5.0,9.0,0.08493150684931507,2511.0,18184.5
6841356,Quintessential West Village apartment,Manhattan,West Village,40.73319,-74.00502,247.0,5.0,47.0,0.4986301369863014,44954.0,18154.499999999993
28621307,"Amazing UWS Studio w/ Gym, Laundry, Rooftop #6108",Manhattan,Upper West Side,40.79085,-73.97385,132.0,5.0,8.0,0.3232876712328767,15576.0,18150.0
13494914,New tidy  room attached by PRIVATE FULL BATH,Queens,Flushing,40.75884,-73.81477,73.0,5.0,88.0,0.019178082191780823,511.00000000000006,18140.499999999996
2366069,SPACE FOR 8,Brooklyn,Bedford-Stuyvesant,40.68065,-73.95154,107.0,5.0,130.0,0.2356164383561644,9202.0,18136.499999999996
25164461,"Cozy, Friendly Apt Share for Young Professionals",Brooklyn,Crown Heights,40.66999,-73.95959,142.0,5.0,1.0,0.3506849315068493,18176.0,18105.0
36917957,"Great location in Williamsburg, beautiful Apt",Brooklyn,Williamsburg,40.71075,-73.96164,119.0,5.0,46.0,0.28493150684931506,12376.0,18028.5
27515602,Cozy Apartment in the Historic Village of FiDi!,Manhattan,Financial District,40.70328,-74.01099,97.0,5.0,2.0,0.1917808219178082,6790.0,17993.499999999996
8138709,Private Rm - near NYC Transit - No Cleaning Fee,Brooklyn,Sheepshead Bay,40.60666,-73.9575,80.0,5.0,62.0,0.08493150684931507,2480.0,17960.0
41349060,NYC  Garden apartment next to trains/restaurants,Brooklyn,Kensington,40.64272,-73.97418,114.0,5.0,68.0,0.2684931506849315,11172.000000000002,17955.0
26753980,Sunny Practical Apt in Williamsburg BK!!!,Brooklyn,Williamsburg,40.711,-73.96147,241.0,5.0,3.0,0.4958904109589041,43621.0,17954.499999999993
32838117,Modern Luxury w View of City (Elegant & Spacious),Manhattan,Harlem,40.81039,-73.94308,82.0,5.0,23.0,0.10136986301369863,3034.0000000000005,17917.0
20038012,Private room & bath.Near subway Luxe @ great price,Manhattan,East Harlem,40.79832,-73.9398,180.0,5.0,18.0,0.4273972602739726,28080.0,17909.999999999993
54795908,Private room & bath.Near subway Luxe @ great price,Manhattan,East Harlem,40.79832,-73.9398,180.0,5.0,18.0,0.4273972602739726,28080.0,17909.999999999993
39217735,Finest Gateway to historic Financial District,Manhattan,Financial District,40.70537,-74.00992,70.0,5.0,36.0,0.0,0.0,17885.0
14049424,"Large, Private Carriage House in West Village",Manhattan,West Village,40.73444,-73.99967,140.0,5.0,36.0,0.3506849315068493,17920.0,17850.0
45621101,"Large, Private Carriage House in West Village",Manhattan,West Village,40.73444,-73.99967,140.0,5.0,36.0,0.3506849315068493,17920.0,17850.0
8679411,"Luxury Apt, Near Subway, Perfect for Work or Play!",Brooklyn,Bedford-Stuyvesant,40.67895,-73.92851,219.0,5.0,75.0,0.4767123287671233,38106.0,17848.499999999993
8119378,A cozy room in Lower East Manhattan,Manhattan,Lower East Side,40.71209,-73.98794,153.0,5.0,2.0,0.38082191780821917,21267.0,17824.5
6753541,Sunny Apt. on the UES in NYC,Manhattan,Upper East Side,40.76769,-73.95236,142.0,5.0,12.0,0.3561643835616438,18460.0,17821.0
45439946,CHARMING STUDIO HALF BLOCK TO CENTRAL PARK UWS,Manhattan,Upper West Side,40.78569,-73.97048,81.0,5.0,1.0,0.09863013698630137,2916.0,17779.5
13868269,CHARMING STUDIO HALF BLOCK TO CENTRAL PARK UWS,Manhattan,Upper West Side,40.78569,-73.97048,81.0,5.0,1.0,0.09863013698630137,2916.0,17779.5
7792969,whole apartment & 2 cats!,Brooklyn,Bushwick,40.69544,-73.93221,93.0,5.0,1.0,0.1780821917808219,6044.999999999999,17716.499999999996
32513365,Forest Hills 1 BR / 20 mins to city / ⭐️⭐️⭐️⭐️⭐️ BED,Queens,Forest Hills,40.7106,-73.85246,209.0,5.0,57.0,0.4684931506849315,35739.0,17660.499999999993
32335524,Central Park Is Next Door - 20,Manhattan,Upper West Side,40.80012,-73.96113,209.0,5.0,30.0,0.4684931506849315,35739.0,17660.499999999993
42676237,"Designers apartment on the Upper East, 2 entrances",Manhattan,Upper East Side,40.78423,-73.94786,110.0,5.0,8.0,0.2602739726027397,10450.0,17655.0
34856774,Beautiful King Bed Room in Modern Apartment,Manhattan,Harlem,40.8223,-73.95604,69.0,5.0,2.0,0.0,0.0,17629.5
1320013,Your Haven in the Upper West Side,Manhattan,Harlem,40.8078,-73.95208,145.0,5.0,19.0,0.36712328767123287,19430.0,17617.5
26600993,"My Home is your Home, cozy East Village",Manhattan,East Village,40.72842,-73.98097,75.0,5.0,2.0,0.057534246575342465,1575.0,17587.5
12720590,Small Private Room for Rent,Brooklyn,Cypress Hills,40.68668,-73.87565,81.0,5.0,5.0,0.10684931506849316,3159.0,17536.5
56952640,Small Private Room for Rent,Brooklyn,Cypress Hills,40.68668,-73.87565,81.0,5.0,5.0,0.10684931506849316,3159.0,17536.5
51283280,Small Private Room for Rent,Brooklyn,Cypress Hills,40.68668,-73.87565,81.0,5.0,5.0,0.10684931506849316,3159.0,17536.5
44292267,Small Private Room for Rent,Brooklyn,Cypress Hills,40.68668,-73.87565,81.0,5.0,5.0,0.10684931506849316,3159.0,17536.5
20558831,"Large and clean room with a king size bed,",Queens,Long Island City,40.75487,-73.93105,102.0,5.0,11.0,0.23013698630136986,8568.0,17492.999999999996
55316727,"Large and clean room with a king size bed,",Queens,Long Island City,40.75487,-73.93105,102.0,5.0,11.0,0.23013698630136986,8568.0,17492.999999999996
48984055,Small Private Room in quiet Manhattan Apt,Manhattan,Harlem,40.82588,-73.9388,105.0,5.0,2.0,0.24383561643835616,9345.0,17482.5
10421365,Small Private Room in quiet Manhattan Apt,Manhattan,Harlem,40.82588,-73.9388,105.0,5.0,2.0,0.24383561643835616,9345.0,17482.5
36989756,Lower East Side- Perfect 1 Bedroom! #12,Manhattan,Lower East Side,40.72181,-73.99226,111.0,5.0,8.0,0.27123287671232876,10989.0,17371.499999999996
35534446,White 2 Bedroom 2 Bath Near Times Square West Side,Manhattan,Hell's Kitchen,40.76821,-73.99074,77.0,5.0,4.0,0.0821917808219178,2310.0,17363.5
35534446,White 2 Bedroom 2 Bath Near Times Square West Side,Manhattan,Hell's Kitchen,40.76821,-73.99074,77.0,5.0,4.0,0.0821917808219178,2310.0,17363.5
37383546,521 West 48-Two Bedroom Apartment in Midtown West,Manhattan,Hell's Kitchen,40.76411,-73.99371,77.0,5.0,2.0,0.0821917808219178,2310.0,17363.5
21878828,Fully renovated historic district townhouse,Brooklyn,Greenpoint,40.72864,-73.95641,71.0,5.0,3.0,0.030136986301369864,781.0000000000001,17359.5
36505389,"Columbia University, Extra Large Studio DELUXE!!",Manhattan,Morningside Heights,40.80176,-73.95927,172.0,5.0,3.0,0.4246575342465753,26660.0,17286.0
23684849,Spacious and convenient room at Hamilton Heights!,Manhattan,Harlem,40.82441,-73.95323,193.0,5.0,7.0,0.4547945205479452,32038.0,17273.5
29722593,Your own house in NYC,Queens,Bayside,40.76603,-73.77133,70.0,5.0,154.0,0.0273972602739726,700.0,17185.0
33969780,1BR Loft: Cleaning CDC guidelines implemented,Brooklyn,Greenpoint,40.72542,-73.94072,92.0,5.0,6.0,0.18904109589041096,6348.0,17157.999999999996
33579304,Newly Renovated 3 Bedroom Home,Brooklyn,Sheepshead Bay,40.60107,-73.94194,67.0,5.0,17.0,0.0,0.0,17118.5
45745921,Spacious Bedroom in Full Floor East Village Apt,Manhattan,East Village,40.72717,-73.98643,78.0,5.0,28.0,0.10136986301369863,2886.0,17042.999999999996
14174243,Spacious Bedroom in Full Floor East Village Apt,Manhattan,East Village,40.72717,-73.98643,78.0,5.0,28.0,0.10136986301369863,2886.0,17042.999999999996
27066030,"Ferry to Manhattan, private, newly renovated",Staten Island,St. George,40.64332,-74.07812,186.0,5.0,1.0,0.44931506849315067,30504.0,17018.999999999993
10071207,Renovated garden studio in New York,Queens,Astoria,40.76832,-73.9346,140.0,5.0,94.0,0.36712328767123287,18760.0,17010.0
48633897,Renovated garden studio in New York,Queens,Astoria,40.76832,-73.9346,140.0,5.0,94.0,0.36712328767123287,18760.0,17010.0
52326575,Lovely Central Park duplex w/ large outdoor patio,Manhattan,Upper East Side,40.7773,-73.95652,67.0,5.0,12.0,0.005479452054794521,134.0,16984.5
17568679,Lovely Central Park duplex w/ large outdoor patio,Manhattan,Upper East Side,40.7773,-73.95652,67.0,5.0,12.0,0.005479452054794521,134.0,16984.5
48741043,Cozy Convenient Brooklyn Heights 1BR Apartment,Brooklyn,Brooklyn Heights,40.69446,-73.99689,124.0,5.0,5.0,0.32602739726027397,14756.0,16926.0
10178353,Cozy Convenient Brooklyn Heights 1BR Apartment,Brooklyn,Brooklyn Heights,40.69446,-73.99689,124.0,5.0,5.0,0.32602739726027397,14756.0,16926.0
37583479,Large private room that just feels right -#111,Brooklyn,Flatbush,40.64956,-73.95461,101.0,5.0,2.0,0.2410958904109589,8888.0,16917.499999999996
31485535,Penthouse w/ Private Balcony | Lower East Side,Manhattan,Lower East Side,40.71805,-73.99061,79.0,5.0,11.0,0.11506849315068493,3318.0000000000005,16866.5
26341412,Large 3Bed/2Bath: Elevator + Wash/Dryer!,Manhattan,Lower East Side,40.71736,-73.9827,82.0,5.0,3.0,0.136986301369863,4099.999999999999,16851.0
9781801,Great Modern Studio in Chelsea!,Manhattan,Chelsea,40.74066,-73.99895,68.0,5.0,132.0,0.021917808219178082,544.0,16829.999999999996
48344492,Great Modern Studio in Chelsea!,Manhattan,Chelsea,40.74066,-73.99895,68.0,5.0,132.0,0.021917808219178082,544.0,16829.999999999996
5261778,Phenomenal 1br Loft in Brooklyn,Brooklyn,Greenpoint,40.72704,-73.94007,122.0,5.0,7.0,0.3232876712328767,14395.999999999998,16775.0
32101349,Cozy Mini Studio Prvt Bath & Kitchen 15 Mins JFK,Brooklyn,Cypress Hills,40.69005,-73.87026,80.0,5.0,209.0,0.12602739726027398,3680.0000000000005,16760.0
41999117,"Bold & Beautiful Private Bedroom, Ridgewood Queens",Queens,Ridgewood,40.70813,-73.89664,170.0,5.0,2.0,0.4301369863013699,26690.0,16744.999999999993
23990271,"Bold & Beautiful Private Bedroom, Ridgewood Queens",Queens,Ridgewood,40.70813,-73.89664,170.0,5.0,2.0,0.4301369863013699,26690.0,16744.999999999993
3792108,Cozy Single private room.,Brooklyn,Bedford-Stuyvesant,40.68599,-73.95182,213.0,5.0,81.0,0.4849315068493151,37701.0,16720.5
35208037,Awesome 2bdr in the heart of the East Village,Manhattan,East Village,40.7289,-73.98243,160.0,5.0,14.0,0.4136986301369863,24160.000000000004,16719.999999999996
3269080,Cozy Room in Lower East Side- NYC,Manhattan,Lower East Side,40.72073,-73.98954,94.0,5.0,21.0,0.2136986301369863,7332.0,16685.0
32470285,"Entire Home for 8 Guests, Fully Equipped",Queens,Flushing,40.7536,-73.81956,227.0,5.0,66.0,0.4986301369863014,41314.0,16684.499999999993
15485956,Luxury Tiny house • Ohka,Bronx,Allerton,40.86144,-73.86427,144.0,5.0,95.0,0.3835616438356164,20159.999999999996,16632.000000000004
47057633,Luxury Tiny house • Ohka,Bronx,Allerton,40.86144,-73.86427,144.0,5.0,95.0,0.3835616438356164,20159.999999999996,16632.000000000004
3348611,Spacious brownstone parlour,Brooklyn,Cobble Hill,40.68811,-73.99421,73.0,5.0,2.0,0.07671232876712329,2044.0000000000002,16607.499999999996
4531638,"Parkslope, 1 bdrm, steps to subway",Brooklyn,Park Slope,40.67256,-73.97229,206.0,5.0,4.0,0.4794520547945205,36050.0,16582.999999999993
40310736,"Chelsea NYC luxury 2 bed/2 bath, garden apt",Manhattan,Chelsea,40.74188,-73.99729,203.0,5.0,111.0,0.4767123287671233,35322.0,16544.5
30067780,Huge Artist loft in BK's hotspot,Brooklyn,Williamsburg,40.71753,-73.96009,73.0,5.0,2.0,0.07945205479452055,2117.0000000000005,16534.499999999996
44106142,#1 Large sunny Studio 5 blocks from CENTRAL PARK!,Manhattan,Upper East Side,40.77251,-73.95431,117.0,5.0,26.0,0.3150684931506849,13454.999999999998,16438.5
51097155,#1 Large sunny Studio 5 blocks from CENTRAL PARK!,Manhattan,Upper East Side,40.77251,-73.95431,117.0,5.0,26.0,0.3150684931506849,13454.999999999998,16438.5
56766515,#1 Large sunny Studio 5 blocks from CENTRAL PARK!,Manhattan,Upper East Side,40.77251,-73.95431,117.0,5.0,26.0,0.3150684931506849,13454.999999999998,16438.5
12534465,#1 Large sunny Studio 5 blocks from CENTRAL PARK!,Manhattan,Upper East Side,40.77251,-73.95431,117.0,5.0,26.0,0.3150684931506849,13454.999999999998,16438.5
55971755,Rose in Spanish Harlem 2,Manhattan,East Harlem,40.79006,-73.94969,209.0,5.0,27.0,0.4849315068493151,36993.0,16406.499999999993
21213859,Rose in Spanish Harlem 2,Manhattan,East Harlem,40.79006,-73.94969,209.0,5.0,27.0,0.4849315068493151,36993.0,16406.499999999993
33384342,MedRoom 444-7,Brooklyn,Bedford-Stuyvesant,40.69242,-73.95151,67.0,5.0,3.0,0.030136986301369864,737.0000000000001,16381.5
38989082,Large B&B Style rooms,Brooklyn,Bedford-Stuyvesant,40.68294,-73.95682,161.0,5.0,78.0,0.42191780821917807,24794.0,16341.499999999993
1802723,Studio With Old-World Character,Brooklyn,Crown Heights,40.67189,-73.93499,92.0,5.0,2.0,0.2136986301369863,7176.000000000001,16329.999999999996
24159275,Private Room on Brighton Beach,Brooklyn,Brighton Beach,40.5767,-73.96,67.0,5.0,5.0,0.038356164383561646,938.0000000000001,16180.5
42168121,Private Room on Brighton Beach,Brooklyn,Brighton Beach,40.5767,-73.96,67.0,5.0,5.0,0.038356164383561646,938.0000000000001,16180.5
46329702,Modern large 2 bedroom steps from Central Park!,Manhattan,Upper East Side,40.77285,-73.95566,102.0,5.0,9.0,0.26575342465753427,9894.0,16166.999999999996
14758024,Modern large 2 bedroom steps from Central Park!,Manhattan,Upper East Side,40.77285,-73.95566,102.0,5.0,9.0,0.26575342465753427,9894.0,16166.999999999996
5098297,1BR bottom fl  apt Prospect Heights,Brooklyn,Crown Heights,40.67687,-73.96242,75.0,5.0,72.0,0.1095890410958904,2999.9999999999995,16162.5
25221900,Executive room for professional.,Manhattan,Midtown,40.7651,-73.97808,67.0,5.0,1.0,0.0410958904109589,1005.0,16113.5
3239808,"Williamsburg, Brooklyn Apartment",Brooklyn,Williamsburg,40.71075,-73.95676,85.0,5.0,40.0,0.18082191780821918,5610.0,16107.499999999996
47904861,The Healing Place,Brooklyn,Crown Heights,40.67292,-73.94033,125.0,5.0,70.0,0.34794520547945207,15875.0,16062.5
9342171,The Healing Place,Brooklyn,Crown Heights,40.67292,-73.94033,125.0,5.0,70.0,0.34794520547945207,15875.0,16062.5
16830254,Brooklyn Huge Room,Brooklyn,Crown Heights,40.66571,-73.9338,88.0,5.0,5.0,0.2,6424.000000000001,16059.999999999996
10408662,Stylish Williamsburg 2 bed with private roofdeck,Brooklyn,Williamsburg,40.7186,-73.95427,168.0,5.0,2.0,0.4383561643835616,26880.0,16044.0
48971353,Stylish Williamsburg 2 bed with private roofdeck,Brooklyn,Williamsburg,40.7186,-73.95427,168.0,5.0,2.0,0.4383561643835616,26880.0,16044.0
38050725,#1 Large sunny studio 5 blocks from CENTRAL PARK!,Manhattan,Upper East Side,40.77078,-73.95429,83.0,5.0,31.0,0.1726027397260274,5229.0,15977.499999999996
30303060,Bright & Charming 2bdrm Minutes to Manhattan,Queens,Ditmars Steinway,40.77833,-73.91861,155.0,5.0,156.0,0.4191780821917808,23715.0,15887.5
6603315,1 bedroom in Bed-Stuy,Brooklyn,Bedford-Stuyvesant,40.69113,-73.9478,119.0,5.0,1.0,0.33424657534246577,14518.0,15886.5
24906537,Charming 1BD Astoria Penthouse,Queens,Astoria,40.75909,-73.92005,87.0,5.0,1.0,0.2,6351.000000000001,15877.5
6651917,Huge Bedroom w/ Private Bathroom,Brooklyn,Williamsburg,40.71621,-73.93984,66.0,5.0,2.0,0.043835616438356165,1056.0,15807.0
1273620,Cozy Pre-War Harlem Apartment,Manhattan,Harlem,40.80827,-73.95329,67.0,5.0,168.0,0.0547945205479452,1339.9999999999998,15778.5
28700286,Hudson River Hotel-Cozy King Room-Hudson Yard,Manhattan,Hell's Kitchen,40.75415,-73.99659,72.0,5.0,10.0,0.10136986301369863,2664.0,15732.0
32912125,Time Square Cozy Private Room at a boutique Hotel,Manhattan,Hell's Kitchen,40.7616,-73.98664,64.0,5.0,1.0,0.0273972602739726,640.0,15711.999999999998
33173916,Pristine 1 Bedroom in Murray Hill with River Views,Manhattan,Kips Bay,40.7425,-73.97332,146.0,5.0,1.0,0.4054794520547945,21608.0,15694.999999999993
16601050,A happy home,Staten Island,Randall Manor,40.63108,-74.12512,88.0,5.0,21.0,0.2136986301369863,6864.000000000001,15619.999999999996
29329355,Sweet Dream-Lovely 2 Bedroom rental with BBQ Grill,Queens,Richmond Hill,40.68362,-73.82799,61.0,5.0,4.0,0.0,0.0,15585.499999999998
46896361,Lovely bushwick room,Brooklyn,Bushwick,40.70631,-73.91922,61.0,5.0,2.0,0.0027397260273972603,61.0,15524.499999999998
15324684,Lovely bushwick room,Brooklyn,Bushwick,40.70631,-73.91922,61.0,5.0,2.0,0.0027397260273972603,61.0,15524.499999999998
18587120,"Cozy Near LGA, Center of Queens RM2",Queens,East Elmhurst,40.76921,-73.87132,92.0,5.0,128.0,0.23835616438356164,8004.0,15501.999999999996
53345016,"Cozy Near LGA, Center of Queens RM2",Queens,East Elmhurst,40.76921,-73.87132,92.0,5.0,128.0,0.23835616438356164,8004.0,15501.999999999996
32496244,"☆Women’s Hostel, 1 bed, Shared Dorm Female 3 Beds",Queens,Corona,40.73798,-73.863693,72.0,5.0,13.0,0.11232876712328767,2952.0,15444.0
32168177,Cute Studio Apartment in UES,Manhattan,Upper East Side,40.77675,-73.95223,136.0,5.0,5.0,0.38904109589041097,19312.0,15435.999999999993
16969434,The Fountain House,Brooklyn,East New York,40.67077,-73.87564,178.0,5.0,23.0,0.46301369863013697,30081.999999999996,15397.000000000004
43138512,HugeTropical Bedrm near Ferry,Staten Island,St. George,40.64057,-74.0786,67.0,5.0,20.0,0.07671232876712329,1876.0000000000002,15242.5
50129526,HugeTropical Bedrm near Ferry,Staten Island,St. George,40.64057,-74.0786,67.0,5.0,20.0,0.07671232876712329,1876.0000000000002,15242.5
11566835,HugeTropical Bedrm near Ferry,Staten Island,St. George,40.64057,-74.0786,67.0,5.0,20.0,0.07671232876712329,1876.0000000000002,15242.5
40277046,Charming Private Room with a View,Brooklyn,Williamsburg,40.71251,-73.947,91.0,5.0,146.0,0.2410958904109589,8008.0,15242.5
22287530,Spacious Brownstone Home in Prospect Heights,Brooklyn,Prospect Heights,40.6753,-73.96768,139.0,5.0,1.0,0.4,20294.0,15220.5
33118133,Spacious Large Private Room By Pr.  Park w Aircon,Brooklyn,Flatbush,40.64905,-73.96905,61.0,5.0,14.0,0.01643835616438356,365.99999999999994,15219.499999999998
48928825,Perfect 1BDRM -Lincoln Center,Manhattan,Upper West Side,40.7728,-73.98737,84.0,5.0,8.0,0.2054794520547945,6300.0,15162.0
10366135,Perfect 1BDRM -Lincoln Center,Manhattan,Upper West Side,40.7728,-73.98737,84.0,5.0,8.0,0.2054794520547945,6300.0,15162.0
36555649,Beautiful room / Brooklyn!,Brooklyn,Crown Heights,40.66464,-73.93252,82.0,5.0,2.0,0.19452054794520549,5822.0,15129.0
21163600,"Spacious, Cozy, ENTIRE One Bedroom Apartment",Brooklyn,Sunset Park,40.63902,-74.01837,138.0,5.0,4.0,0.4,20148.0,15111.0
55921496,"Spacious, Cozy, ENTIRE One Bedroom Apartment",Brooklyn,Sunset Park,40.63902,-74.01837,138.0,5.0,4.0,0.4,20148.0,15111.0
33194903,"Renovated Harlem Brownstone Studio, Gameroom Theme",Manhattan,Harlem,40.81204,-73.94234,90.0,5.0,6.0,0.2410958904109589,7920.000000000001,15074.999999999996
30554909,Heart of Midtown Two-Bedroom,Manhattan,Midtown,40.74813,-73.98851,164.0,5.0,92.0,0.44931506849315067,26896.0,15006.0
8163010,"Spacious, Sunny,Beautiful Apartment",Bronx,Mott Haven,40.81192,-73.90949,89.0,5.0,36.0,0.23835616438356164,7743.0,14996.5
22897822,Brooklyn Holiday Getaway Pad,Brooklyn,Bedford-Stuyvesant,40.68149,-73.91459,188.0,5.0,1.0,0.4821917808219178,33088.0,14946.0
35525609,Alphabet City Spring,Manhattan,East Village,40.72956,-73.97973,113.0,5.0,3.0,0.33972602739726027,14012.0,14859.499999999996
35525609,Alphabet City Spring,Manhattan,East Village,40.72956,-73.97973,113.0,5.0,3.0,0.33972602739726027,14012.0,14859.499999999996
42415552,Brooklyn Room with 2 Chill Guys,Brooklyn,Bushwick,40.69835,-73.93258,189.0,5.0,3.0,0.4849315068493151,33453.0,14836.499999999993
24406705,Brooklyn Room with 2 Chill Guys,Brooklyn,Bushwick,40.69835,-73.93258,189.0,5.0,3.0,0.4849315068493151,33453.0,14836.499999999993
40140076,Cozy & Private 1 Bedroom Garden Level Apartment,Brooklyn,Bedford-Stuyvesant,40.68238,-73.93795,153.0,5.0,208.0,0.43561643835616437,24327.0,14764.5
34024458,GREAT ROOM-WASHER DRYER-RENT BY THE CALENDAR MONTH,Manhattan,Harlem,40.82407,-73.94672,108.0,5.0,4.0,0.32602739726027397,12852.0,14741.999999999996
31775492,Cute Studio Greenwich Village NYC,Manhattan,Greenwich Village,40.73063,-74.00037,141.0,5.0,24.0,0.4136986301369863,21291.0,14734.499999999993
25095424,Private! Studio New Modern Close To JFK LGA NYC :),Queens,Ozone Park,40.6752,-73.8552,68.0,5.0,15.0,0.10684931506849316,2652.0,14721.999999999996
27920990,Spacious 2BR in Beautiful Brooklyn Heights,Brooklyn,Brooklyn Heights,40.69827,-73.99649,122.0,5.0,1.0,0.3698630136986301,16470.0,14700.999999999996
36239733,Adorable Studio in a Village Atmosphere,Manhattan,Lower East Side,40.71879,-73.99176,125.0,5.0,118.0,0.3780821917808219,17250.0,14687.5
48947604,"Large, sunny, airy, spacious bdrm.",Brooklyn,Prospect Heights,40.67847,-73.96662,149.0,5.0,11.0,0.4301369863013699,23393.000000000004,14676.499999999996
10384913,"Large, sunny, airy, spacious bdrm.",Brooklyn,Prospect Heights,40.67847,-73.96662,149.0,5.0,11.0,0.4301369863013699,23393.000000000004,14676.499999999996
16492246,Design Furnished Queen Studio Room in Gowanus,Brooklyn,Gowanus,40.67868,-73.98254,60.0,5.0,20.0,0.030136986301369864,660.0,14670.0
6085258,Bright Bedroom in Bustling Bed Stuy Brooklyn,Brooklyn,Bedford-Stuyvesant,40.68742,-73.92825,77.0,5.0,34.0,0.18082191780821918,5082.0,14591.5
6085258,Bright Bedroom in Bustling Bed Stuy Brooklyn,Brooklyn,Bedford-Stuyvesant,40.68742,-73.92825,77.0,5.0,34.0,0.18082191780821918,5082.0,14591.5
46920663,Cozy studio in Park Slope,Brooklyn,Park Slope,40.67454,-73.9841,109.0,5.0,77.0,0.33424657534246577,13298.000000000002,14551.499999999998
15348985,Cozy studio in Park Slope,Brooklyn,Park Slope,40.67454,-73.9841,109.0,5.0,77.0,0.33424657534246577,13298.000000000002,14551.499999999998
30076065,Bright & Modern Oasis near City/Trains/Hospitals,Brooklyn,Bedford-Stuyvesant,40.69321,-73.93711,110.0,5.0,5.0,0.33972602739726027,13639.999999999998,14465.000000000002
41196625,"1,000 Square Foot Apt - in MANHATTAN!",Manhattan,Washington Heights,40.85432,-73.93198,56.0,5.0,28.0,0.0027397260273972603,56.0,14251.999999999998
21161391,1Comfortable Shared Apt in Hell’s Kitchen,Manhattan,Hell's Kitchen,40.76249,-73.98807,161.0,5.0,17.0,0.4575342465753425,26887.0,14248.499999999993
55919287,1Comfortable Shared Apt in Hell’s Kitchen,Manhattan,Hell's Kitchen,40.76249,-73.98807,161.0,5.0,17.0,0.4575342465753425,26887.0,14248.499999999993
32943054,Sonder Battery Park | Studio Apartment w/ Peloton,Manhattan,Financial District,40.70511,-74.01466,84.0,5.0,16.0,0.2356164383561644,7224.0,14238.0
34847937,New Flatbush Artists' Private Loft,Brooklyn,East Flatbush,40.63674,-73.94519,95.0,5.0,10.0,0.29041095890410956,10069.999999999998,14202.500000000002
37137773,145 Mulberry-NEWLY RENOVATED APT IN LITTLE ITALY,Manhattan,Little Italy,40.71899,-73.99773,141.0,5.0,11.0,0.4246575342465753,21855.0,14170.499999999993
40372042,Renovated Studio Midtown East,Manhattan,Midtown,40.7525,-73.96492,88.0,5.0,130.0,0.2602739726027397,8360.0,14123.999999999996
27190850,Luxury High Rise Condominium 2 Bedroom,Manhattan,Murray Hill,40.74457,-73.97493,132.0,5.0,1.0,0.40821917808219177,19668.0,14058.0
25585866,BedStuy Penthouse Duplex 1BR,Brooklyn,Bedford-Stuyvesant,40.68417,-73.95343,171.0,5.0,1.0,0.4767123287671233,29754.0,13936.499999999993
17883490,Matilda's House,Brooklyn,Prospect-Lefferts Gardens,40.65923,-73.96031,179.0,5.0,10.0,0.4876712328767123,31862.0,13872.5
41609194,Matilda's House,Brooklyn,Prospect-Lefferts Gardens,40.65923,-73.96031,179.0,5.0,10.0,0.4876712328767123,31862.0,13872.5
52641386,Matilda's House,Brooklyn,Prospect-Lefferts Gardens,40.65923,-73.96031,179.0,5.0,10.0,0.4876712328767123,31862.0,13872.5
35579734,Private 5th Ave 55th St. King Room Boutique Hotel,Manhattan,Midtown,40.76332,-73.9755,57.0,5.0,1.0,0.038356164383561646,798.0,13765.5
35579734,Private 5th Ave 55th St. King Room Boutique Hotel,Manhattan,Midtown,40.76332,-73.9755,57.0,5.0,1.0,0.038356164383561646,798.0,13765.5
17087626,Shared HARLEM Loft w/ Private Bedroom/Bath Suite,Manhattan,Harlem,40.81245,-73.95131,82.0,5.0,69.0,0.2410958904109589,7216.000000000001,13735.0
6985507,"New Apartment, Close to Ferry",Staten Island,Silver Lake,40.62257,-74.09984,95.0,5.0,147.0,0.3041095890410959,10545.000000000002,13727.499999999998
31734070,"Cozy bedroom with a desk,clean & access to kitchen",Queens,Flushing,40.75694,-73.83253,58.0,5.0,1.0,0.0547945205479452,1160.0,13658.999999999998
31762789,Gorgeous PermaGO Studio with City Hall Park Views!,Manhattan,Civic Center,40.71242,-74.00743,81.0,5.0,2.0,0.23835616438356164,7047.0,13648.5
36271214,Cozy private room in beautiful apt,Manhattan,Washington Heights,40.85026,-73.94117,66.0,5.0,88.0,0.13424657534246576,3234.0000000000005,13629.0
5093879,Winter Deal! Cosy room available in East Village,Manhattan,Gramercy,40.73305,-73.98255,100.0,5.0,4.0,0.3287671232876712,11999.999999999998,13550.000000000002
45885652,Stylish Studio in the heart of NYC,Manhattan,Theater District,40.76037,-73.98747,153.0,5.0,1.0,0.4575342465753425,25551.0,13540.5
14313975,Stylish Studio in the heart of NYC,Manhattan,Theater District,40.76037,-73.98747,153.0,5.0,1.0,0.4575342465753425,25551.0,13540.5
4353245,2 Bedrooms and One Bath Room,Manhattan,Harlem,40.82272,-73.94942,93.0,5.0,38.0,0.3013698630136986,10230.0,13531.499999999996
36450159,*BRAND NEW* Central Park Gem.. w/ Private Deck,Manhattan,Upper West Side,40.77609,-73.97834,118.0,5.0,4.0,0.3863013698630137,16638.000000000004,13510.999999999993
1353703,The Notorious B.N.B. { The Wallace },Brooklyn,Clinton Hill,40.68975,-73.96703,59.0,5.0,43.0,0.07397260273972603,1593.0,13481.499999999998
39923574,Brand new 2BD Apt in Gramercy,Manhattan,Kips Bay,40.74052,-73.97907,92.0,5.0,36.0,0.29863013698630136,10028.0,13477.999999999996
29888835,NYC-Manhattan 1 Bdrm Apt~Yours For The Entire Stay,Manhattan,Harlem,40.82532,-73.9439,93.0,5.0,2.0,0.3041095890410959,10323.000000000002,13438.499999999995
35021359,Elegant Loft 1 Bedroom/1 Bath in Upper West Side,Manhattan,Upper West Side,40.78389,-73.9905,77.0,5.0,19.0,0.22465753424657534,6314.0,13359.5
9722153,Huge and cozy bedroom in the heart of Williamsburg,Brooklyn,Williamsburg,40.70898,-73.95086,129.0,5.0,1.0,0.41643835616438357,19608.0,13351.5
48284844,Huge and cozy bedroom in the heart of Williamsburg,Brooklyn,Williamsburg,40.70898,-73.95086,129.0,5.0,1.0,0.41643835616438357,19608.0,13351.5
29907613,Parkway Chic ( 2 Bedrooms),Brooklyn,Crown Heights,40.66714,-73.9308,84.0,5.0,131.0,0.27123287671232876,8316.0,13146.0
33820107,CLEAN & SPACIOUS ROOM  CLOSE TO MANHATTAN,Queens,Astoria,40.75753,-73.9282,76.0,5.0,38.0,0.23013698630136986,6384.0,13034.0
29446443,Queen size bed,Brooklyn,East New York,40.65798,-73.89501,61.0,5.0,29.0,0.11506849315068493,2562.0,13023.499999999998
8008366,Sunny Room in heart of Crwn Heights,Brooklyn,Crown Heights,40.6744,-73.95902,161.0,5.0,1.0,0.4794520547945205,28174.999999999996,12960.499999999996
27048909,Manhattan ☯ Brooklyn | Best of Both❤️,Manhattan,Lower East Side,40.71261,-73.98857,125.0,5.0,8.0,0.41643835616438357,19000.0,12937.5
55979487,Amazing room for your  holidays,Manhattan,Harlem,40.82452,-73.94427,109.0,5.0,17.0,0.37534246575342467,14933.000000000002,12916.499999999998
21221591,Amazing room for your  holidays,Manhattan,Harlem,40.82452,-73.94427,109.0,5.0,17.0,0.37534246575342467,14933.000000000002,12916.499999999998
28953239,3 Bedroom Apartment | Front & Wall Street,Manhattan,Financial District,40.704903,-74.006416,70.0,5.0,41.0,0.19452054794520549,4970.0,12915.0
7093757,1 Bed Room BEST LOCATION EPIC VIEWS,Manhattan,Hell's Kitchen,40.75744,-73.99269,162.0,5.0,2.0,0.4821917808219178,28512.0,12879.0
36869907,"ENTIRE PRIVATE STUDIO. PRIVATE BATH,KITCHEN,ENTRY!",Bronx,Williamsbridge,40.87748,-73.85336,119.0,5.0,10.0,0.4054794520547945,17612.0,12792.5
34778347,Esmeralda Room,Queens,South Ozone Park,40.6736,-73.81504,50.0,5.0,1.0,0.0,0.0,12775.0
37107396,Hudson Yards 3 Bed Near MSG Walk To Times Square,Manhattan,Hell's Kitchen,40.75629,-73.99616,57.0,5.0,6.0,0.08767123287671233,1824.0,12739.5
34820874,A private humble abode for you,Brooklyn,Canarsie,40.6403,-73.89549,50.0,5.0,136.0,0.0027397260273972603,50.0,12725.0
23301001,TIME SQ WEST- 2 Bunk Beds for 4 People,Manhattan,Hell's Kitchen,40.75681,-73.99865,50.0,5.0,1.0,0.00821917808219178,150.0,12625.0
10204863,"Simple, Spacious Room in LES/Two Bridges Apt",Manhattan,Lower East Side,40.71336,-73.98977,99.0,5.0,6.0,0.3506849315068493,12672.0,12622.5
48767554,"Simple, Spacious Room in LES/Two Bridges Apt",Manhattan,Lower East Side,40.71336,-73.98977,99.0,5.0,6.0,0.3506849315068493,12672.0,12622.5
32846402,Amazing Event space with yard.,Brooklyn,Crown Heights,40.67324,-73.958,50.0,5.0,19.0,0.010958904109589041,200.0,12575.0
2862035,Beautiful Furnished 1 Bedroom apt; Wash Hts,Manhattan,Inwood,40.86317,-73.92873,63.0,5.0,78.0,0.15342465753424658,3528.0,12568.499999999998
36096687,A COZY HOME! 🌈 LGBTQ FRIENDLY- PRIVATE BATHROOM,Brooklyn,Prospect-Lefferts Gardens,40.65583,-73.95192,171.0,5.0,22.0,0.4986301369863014,31122.0,12568.499999999993
10343491,Like living in an art gallery.,Manhattan,Financial District,40.70711,-74.01437,104.0,5.0,4.0,0.3698630136986301,14040.0,12532.0
48906181,Like living in an art gallery.,Manhattan,Financial District,40.70711,-74.01437,104.0,5.0,4.0,0.3698630136986301,14040.0,12532.0
5603100,Private Room in Astoria,Queens,Astoria,40.77006,-73.93043,135.0,5.0,1.0,0.4465753424657534,22005.0,12487.5
39587223,Bed & Bathroom in Williamsburg Loft,Brooklyn,Williamsburg,40.71203,-73.95993,84.0,5.0,91.0,0.29315068493150687,8988.0,12474.0
26991469,Brand New Modern 3 Bedroom Greenpoint apartment!,Brooklyn,Greenpoint,40.72775,-73.94944,85.0,5.0,1.0,0.29863013698630136,9265.0,12452.499999999996
39648529,Spacious Private Bedroom Brooklyn - Williamsburg,Brooklyn,Williamsburg,40.70876,-73.94971,140.0,5.0,5.0,0.4575342465753425,23380.0,12390.0
2269969,Brand new 2BD Apt in Gramercy,Manhattan,Kips Bay,40.74052,-73.97907,92.0,5.0,36.0,0.3315068493150685,11132.0,12373.999999999996
39434236,1 BR - Garden - Broadway?,Manhattan,Upper East Side,40.77975,-73.94977,59.0,5.0,160.0,0.12602739726027398,2714.0000000000005,12360.499999999998
20859835,"Stylish, convenient, renovated- 2 min to subway -",Manhattan,Harlem,40.82195,-73.9368,64.0,5.0,36.0,0.17534246575342466,4096.0,12255.999999999998
55617731,"Stylish, convenient, renovated- 2 min to subway -",Manhattan,Harlem,40.82195,-73.9368,64.0,5.0,36.0,0.17534246575342466,4096.0,12255.999999999998
24693349,Confortable y limpio,Manhattan,Washington Heights,40.85487,-73.92759,71.0,5.0,26.0,0.2328767123287671,6035.0,12105.5
42702195,Confortable y limpio,Manhattan,Washington Heights,40.85487,-73.92759,71.0,5.0,26.0,0.2328767123287671,6035.0,12105.5
35422881,Large 2 bed cozy room in queens,Queens,Elmhurst,40.74501,-73.87364,111.0,5.0,23.0,0.40273972602739727,16317.0,12043.499999999996
30793503,Chic 1 Bedroom in Bed Stuy,Brooklyn,Bedford-Stuyvesant,40.68503,-73.93325,139.0,5.0,4.0,0.46301369863013697,23490.999999999996,12023.500000000004
33942165,Central Park And You,Manhattan,Upper West Side,40.7984,-73.95972,134.0,5.0,3.0,0.4547945205479452,22244.000000000004,11992.999999999996
19864590,Happy home 2,Staten Island,Randall Manor,40.62972,-74.12539,79.0,5.0,21.0,0.28493150684931506,8216.0,11968.5
54622486,Happy home 2,Staten Island,Randall Manor,40.62972,-74.12539,79.0,5.0,21.0,0.28493150684931506,8216.0,11968.5
35547701,BEAUTIFUL BEDROOM IN MANHATTAN,Manhattan,Washington Heights,40.84443,-73.93884,52.0,5.0,12.0,0.07397260273972603,1404.0,11882.0
35547701,BEAUTIFUL BEDROOM IN MANHATTAN,Manhattan,Washington Heights,40.84443,-73.93884,52.0,5.0,12.0,0.07397260273972603,1404.0,11882.0
45075981,I LOVE NEW YORK in Theater District,Manhattan,Hell's Kitchen,40.76476,-73.98457,117.0,5.0,79.0,0.42191780821917807,18018.0,11875.499999999996
13504303,I LOVE NEW YORK in Theater District,Manhattan,Hell's Kitchen,40.76476,-73.98457,117.0,5.0,79.0,0.42191780821917807,18018.0,11875.499999999996
4573060,New York Upper East Side Luxury Apt,Manhattan,Upper East Side,40.77429,-73.95628,61.0,5.0,8.0,0.16986301369863013,3781.9999999999995,11803.499999999998
44708149,*PRIVATE APARTMENT L TRAIN LORIMER STOP,Brooklyn,Williamsburg,40.71415,-73.94867,53.0,5.0,17.0,0.09041095890410959,1749.0000000000002,11792.499999999998
13136472,*PRIVATE APARTMENT L TRAIN LORIMER STOP,Brooklyn,Williamsburg,40.71415,-73.94867,53.0,5.0,17.0,0.09041095890410959,1749.0000000000002,11792.499999999998
51699162,*PRIVATE APARTMENT L TRAIN LORIMER STOP,Brooklyn,Williamsburg,40.71415,-73.94867,53.0,5.0,17.0,0.09041095890410959,1749.0000000000002,11792.499999999998
9012448,Lovely & Cozy Apartment in Queens!,Queens,Maspeth,40.7416,-73.90684,97.0,5.0,88.0,0.3698630136986301,13094.999999999998,11688.499999999998
47575138,Lovely & Cozy Apartment in Queens!,Queens,Maspeth,40.7416,-73.90684,97.0,5.0,88.0,0.3698630136986301,13094.999999999998,11688.499999999998
7217473,Spacious Room in East Willamsburg,Brooklyn,Williamsburg,40.70696,-73.94349,77.0,5.0,1.0,0.2876712328767123,8085.0,11588.5
16677267,MASSIVE 3 Bedroom NOHO LOFT,Manhattan,East Village,40.72434,-73.99099,52.0,5.0,26.0,0.09041095890410959,1716.0,11570.0
22624433,Renovated. Nice & clean 1/F RM in BK. Superhost!,Brooklyn,Bushwick,40.69177,-73.9135,151.0,5.0,2.0,0.4904109589041096,27029.0,11551.499999999993
16308331,Large House in Brooklyn near Express Subway,Brooklyn,Bedford-Stuyvesant,40.67917,-73.93103,59.0,5.0,7.0,0.16986301369863013,3657.9999999999995,11416.499999999998
24755207,BedStuy Private Room (D8),Brooklyn,Bedford-Stuyvesant,40.69182,-73.92859,72.0,5.0,9.0,0.26575342465753427,6984.0,11412.0
42764053,BedStuy Private Room (D8),Brooklyn,Bedford-Stuyvesant,40.69182,-73.92859,72.0,5.0,9.0,0.26575342465753427,6984.0,11412.0
1884464,House 10 min from Midtown Manhattan,Queens,Astoria,40.76216,-73.92542,67.0,5.0,1.0,0.2356164383561644,5762.0,11356.5
3126034,BEAUTIFUL CONDO IN TIMES SQUARE,Manhattan,Theater District,40.76054,-73.98508,69.0,5.0,11.0,0.2493150684931507,6278.999999999999,11350.5
31130406,Shared Room by Central Park,Manhattan,Upper West Side,40.78003,-73.97389,51.0,5.0,24.0,0.09041095890410959,1683.0,11347.499999999998
38163394,Manhattan private room 5 minutes walk from subway,Manhattan,Harlem,40.81808,-73.94302,57.0,5.0,5.0,0.15616438356164383,3249.0,11314.5
1172549,Condo Apartment with laundry in unit,Bronx,Kingsbridge,40.87207,-73.90193,55.0,5.0,4.0,0.136986301369863,2750.0,11302.5
31275108,Spacious 1Br in East Village,Manhattan,East Village,40.72775,-73.98454,93.0,5.0,245.0,0.36712328767123287,12462.0,11299.499999999996
5165678,Sun drenched 1 bed - few mins walk from subway,Brooklyn,Bedford-Stuyvesant,40.68373,-73.95016,103.0,5.0,4.0,0.4,15038.000000000002,11278.499999999995
38859292,"NO XTRA FEES, 30 min To Grand Central:Pvt Entrance",Bronx,Wakefield,40.89811,-73.85543,54.0,5.0,156.0,0.12876712328767123,2538.0,11258.999999999998
41319788,Cozy private room in Queens NY,Queens,Jackson Heights,40.75167,-73.89171,80.0,5.0,6.0,0.3178082191780822,9280.0,11160.0
51603614,Renovated 4 BED 3.5 BATH BK Townhouse Triplex APT,Brooklyn,Williamsburg,40.71092,-73.96755,112.0,5.0,76.0,0.4273972602739726,17472.0,11143.999999999996
44612601,Renovated 4 BED 3.5 BATH BK Townhouse Triplex APT,Brooklyn,Williamsburg,40.71092,-73.96755,112.0,5.0,76.0,0.4273972602739726,17472.0,11143.999999999996
57272974,Renovated 4 BED 3.5 BATH BK Townhouse Triplex APT,Brooklyn,Williamsburg,40.71092,-73.96755,112.0,5.0,76.0,0.4273972602739726,17472.0,11143.999999999996
13040924,Renovated 4 BED 3.5 BATH BK Townhouse Triplex APT,Brooklyn,Williamsburg,40.71092,-73.96755,112.0,5.0,76.0,0.4273972602739726,17472.0,11143.999999999996
33813479,Comfy bedroom with private entrance - Wyckoff BK,Brooklyn,Bushwick,40.70665,-73.91798,94.0,5.0,3.0,0.37534246575342467,12878.0,11139.0
31774940,Whole Manhattan Apartment,Manhattan,Washington Heights,40.85551,-73.93459,109.0,5.0,21.0,0.42191780821917807,16786.0,11063.5
8681068,Beautiful Central Harlem Apartment,Manhattan,Harlem,40.81306,-73.94141,139.0,5.0,12.0,0.4821917808219178,24464.0,11050.5
32408428,521 West 48-Spacious Studio,Manhattan,Hell's Kitchen,40.76411,-73.99371,112.0,5.0,13.0,0.4301369863013699,17584.0,11031.999999999996
5009929,"Modern Williamsburg Apt. Comfort, style, ease!",Brooklyn,Williamsburg,40.71323,-73.95852,114.0,5.0,21.0,0.43561643835616437,18126.0,11001.0
9655325,Cozy 1 bedroom in 2BD apt. in Bed-Stuy. Long term!,Brooklyn,Bedford-Stuyvesant,40.68198,-73.95347,96.0,5.0,2.0,0.38904109589041097,13632.000000000002,10895.999999999995
48218015,Cozy 1 bedroom in 2BD apt. in Bed-Stuy. Long term!,Brooklyn,Bedford-Stuyvesant,40.68198,-73.95347,96.0,5.0,2.0,0.38904109589041097,13632.000000000002,10895.999999999995
44909186,"Huge room 25 min to manhattan. L,M,J,Z train.",Brooklyn,Bushwick,40.69045,-73.91507,63.0,5.0,12.0,0.23013698630136986,5292.0,10804.499999999998
13337509,"Huge room 25 min to manhattan. L,M,J,Z train.",Brooklyn,Bushwick,40.69045,-73.91507,63.0,5.0,12.0,0.23013698630136986,5292.0,10804.499999999998
26915252,Cozy Apartment,Staten Island,Tottenville,40.50641,-74.23059,57.0,5.0,1.0,0.18082191780821918,3762.0,10801.5
4167120,Lovely Apartment in Harlem West,Manhattan,Harlem,40.81619,-73.94003,114.0,5.0,5.0,0.4410958904109589,18354.0,10773.0
4046166,Bohemian Den in Chinatown-New York,Manhattan,Lower East Side,40.71421,-73.98793,57.0,5.0,24.0,0.18356164383561643,3819.0,10744.5
6685055,"Private room, home away from home",Manhattan,Upper West Side,40.79943,-73.968,145.0,5.0,2.0,0.4986301369863014,26390.000000000004,10657.499999999996
29043816,One bedroom apartment,Queens,Astoria,40.76628,-73.91045,115.0,5.0,250.0,0.4465753424657534,18745.0,10637.5
19217295,Private Apartment 30mins from Times Square,Manhattan,Inwood,40.86903,-73.91825,75.0,5.0,22.0,0.31232876712328766,8550.0,10612.5
53975191,Private Apartment 30mins from Times Square,Manhattan,Inwood,40.86903,-73.91825,75.0,5.0,22.0,0.31232876712328766,8550.0,10612.5
44325405,Cozy Private Room,Manhattan,Washington Heights,40.84194,-73.94203,83.0,5.0,16.0,0.3506849315068493,10624.0,10582.499999999996
12753728,Cozy Private Room,Manhattan,Washington Heights,40.84194,-73.94203,83.0,5.0,16.0,0.3506849315068493,10624.0,10582.499999999996
56985778,Cozy Private Room,Manhattan,Washington Heights,40.84194,-73.94203,83.0,5.0,16.0,0.3506849315068493,10624.0,10582.499999999996
51316418,Cozy Private Room,Manhattan,Washington Heights,40.84194,-73.94203,83.0,5.0,16.0,0.3506849315068493,10624.0,10582.499999999996
4092007,Unbelievable Upper East Side Loc.,Manhattan,Upper East Side,40.77462,-73.95461,93.0,5.0,239.0,0.39452054794520547,13392.0,10369.499999999996
9615007,"Lrg sunny aprtmt, UWS/Central Park",Manhattan,Upper West Side,40.79865,-73.96419,122.0,5.0,12.0,0.4684931506849315,20862.0,10308.999999999996
48177697,"Lrg sunny aprtmt, UWS/Central Park",Manhattan,Upper West Side,40.79865,-73.96419,122.0,5.0,12.0,0.4684931506849315,20862.0,10308.999999999996
9532714,Cherry Blossom Room on East 95th Street,Manhattan,Upper East Side,40.78755,-73.95493,56.0,5.0,9.0,0.2,4088.0000000000005,10219.999999999998
48095405,Cherry Blossom Room on East 95th Street,Manhattan,Upper East Side,40.78755,-73.95493,56.0,5.0,9.0,0.2,4088.0000000000005,10219.999999999998
37698357,Studio B on Atlantic Ave,Brooklyn,Bedford-Stuyvesant,40.67981,-73.95094,67.0,5.0,41.0,0.28493150684931506,6968.0,10150.5
17899507,Family Studio near Empire State #56,Manhattan,Midtown,40.74796,-73.98788,81.0,5.0,7.0,0.3643835616438356,10773.0,9922.5
52657403,Family Studio near Empire State #56,Manhattan,Midtown,40.74796,-73.98788,81.0,5.0,7.0,0.3643835616438356,10773.0,9922.5
41625210,Family Studio near Empire State #56,Manhattan,Midtown,40.74796,-73.98788,81.0,5.0,7.0,0.3643835616438356,10773.0,9922.5
48731654,Charming 1BR Murray Hill Apt + Rooftop,Manhattan,Murray Hill,40.74436,-73.97292,69.0,5.0,2.0,0.3095890410958904,7797.0,9832.5
10168964,Charming 1BR Murray Hill Apt + Rooftop,Manhattan,Murray Hill,40.74436,-73.97292,69.0,5.0,2.0,0.3095890410958904,7797.0,9832.5
47764577,Cozy Bedroom for 2 in E Harlem,Manhattan,East Harlem,40.79945,-73.9346,55.0,5.0,54.0,0.21095890410958903,4235.0,9817.5
9201886,Cozy Bedroom for 2 in E Harlem,Manhattan,East Harlem,40.79945,-73.9346,55.0,5.0,54.0,0.21095890410958903,4235.0,9817.5
1933618,Bed & Bathroom in Williamsburg Loft,Brooklyn,Williamsburg,40.71203,-73.95993,84.0,5.0,91.0,0.3835616438356164,11760.0,9702.0
29248167,Lovely 3-Bedroom Apt in  the Heart of Brooklyn,Brooklyn,Prospect-Lefferts Gardens,40.66089,-73.94728,50.0,5.0,26.0,0.1780821917808219,3249.9999999999995,9525.0
28471081,Room in Huge 1200sf W Harlem Suite,Manhattan,Harlem,40.80272,-73.95316,107.0,5.0,66.0,0.4575342465753425,17869.0,9469.499999999996
31819676,Beautiful and cozy 3 BR in Financial District,Manhattan,Financial District,40.70346,-74.00967,53.0,5.0,1.0,0.21095890410958903,4081.0,9460.499999999998
34406097,"LONG TERM RENTAL,STUDIO N6 IN THE VILLAGE",Manhattan,West Village,40.73275,-74.00549,110.0,5.0,9.0,0.4657534246575342,18700.0,9405.0
35122430,La Sienna  - Studio Apartment,Manhattan,Harlem,40.80751,-73.95263,103.0,5.0,85.0,0.4520547945205479,16995.0,9321.499999999996
36446845,"West Village Gorgeous, Modern 4 Beds 4 Baths #6103",Manhattan,Greenwich Village,40.73351,-73.99961,120.0,5.0,4.0,0.4904109589041096,21480.0,9180.0
3295038,Spectacular Williamsburg 2 BR Loft,Brooklyn,Williamsburg,40.70934,-73.9627,111.0,5.0,1.0,0.473972602739726,19203.0,9157.499999999996
7652133,Sun-filled Nolita 1 Bdrm Apt - prime location,Manhattan,Little Italy,40.719,-73.99565,108.0,5.0,9.0,0.4794520547945205,18900.0,8693.999999999996
37478542,Bright Private BR in Fort Greene Cumberland,Brooklyn,Fort Greene,40.69555,-73.97549,62.0,5.0,1.0,0.3178082191780822,7192.0,8649.0
3948409,JOE'S PARADISE 5019,Brooklyn,Flatlands,40.6225,-73.92578,74.0,5.0,108.0,0.39452054794520547,10656.0,8251.0
26292258,Spacious & Quaint 1 Bed in Midtown,Manhattan,Midtown,40.7584,-73.97075,55.0,5.0,7.0,0.2958904109589041,5940.0,8112.5
4811654,Luxury in Best Location,Manhattan,Nolita,40.72139,-73.99688,70.0,5.0,163.0,0.3835616438356164,9799.999999999998,8085.000000000002
6212839,"2 Bedroom, UES",Manhattan,Upper East Side,40.76364,-73.9588,100.0,5.0,5.0,0.4821917808219178,17600.0,7950.0
19825377,Overnight bed by Times Square,Manhattan,Hell's Kitchen,40.76441,-73.98692,71.0,5.0,39.0,0.39452054794520547,10224.0,7916.5
54583273,Overnight bed by Times Square,Manhattan,Hell's Kitchen,40.76441,-73.98692,71.0,5.0,39.0,0.39452054794520547,10224.0,7916.5
15424651,Suite Di CLASSE East village-free Str.parking+wifi,Manhattan,East Village,40.73105,-73.98195,88.0,5.0,48.0,0.4547945205479452,14608.0,7875.999999999996
46996328,Suite Di CLASSE East village-free Str.parking+wifi,Manhattan,East Village,40.73105,-73.98195,88.0,5.0,48.0,0.4547945205479452,14608.0,7875.999999999996
33221966,Lovely 1 bedroom apt in prime Williamsburg - BK,Brooklyn,Williamsburg,40.71905,-73.94656,56.0,5.0,4.0,0.3232876712328767,6607.999999999999,7699.999999999999
31963826,Cozy bedroom in the heart of Brooklyn,Brooklyn,East Flatbush,40.65076,-73.92686,59.0,5.0,1.0,0.3452054794520548,7434.0,7640.499999999998
1202373,UWS Brownstone Near Central Park,Manhattan,Upper West Side,40.78558,-73.9696,52.0,5.0,45.0,0.29863013698630136,5668.0,7618.0
35820537,$3.5 MLN LOFT @ TrIbEcA-Keyed elev.,Manhattan,Tribeca,40.71775,-74.00569,57.0,5.0,3.0,0.336986301369863,7011.0,7552.5
5352908,Very private & large room Wburg BK,Brooklyn,Williamsburg,40.71192,-73.94161,85.0,5.0,4.0,0.4575342465753425,14195.000000000002,7522.4999999999945
8658976,Large Sunny Private Room w/Balcony & Roof,Brooklyn,Williamsburg,40.71957,-73.94199,62.0,5.0,81.0,0.3698630136986301,8370.0,7471.0
30746005,Quaint 1 Bedroom Apartment - Great Location!,Manhattan,Midtown,40.75016,-73.98148,56.0,5.0,68.0,0.336986301369863,6888.000000000001,7419.999999999997
41942783,Unique 2 bedroom apt in the center of Williamsburg,Brooklyn,Williamsburg,40.71294,-73.96142,94.0,5.0,27.0,0.4849315068493151,16638.0,7379.0
23933937,Unique 2 bedroom apt in the center of Williamsburg,Brooklyn,Williamsburg,40.71294,-73.96142,94.0,5.0,27.0,0.4849315068493151,16638.0,7379.0
25873062,Quaint Private Room in Vibrant Bronx Neighborhood,Bronx,Fordham,40.86003,-73.89314,58.0,5.0,2.0,0.35342465753424657,7481.999999999999,7336.999999999999
5346832,Boarding Room-style mini apartment/Harlem Oasis,Manhattan,Harlem,40.80991,-73.94058,90.0,5.0,18.0,0.4821917808219178,15840.000000000002,7154.9999999999945
6972251,Master Bedroom in East Village,Manhattan,East Village,40.73305,-73.98668,53.0,5.0,1.0,0.3315068493150685,6413.000000000001,7128.499999999997
30073303,Lovely Prospect Park 2BR With Yard,Brooklyn,Flatbush,40.64837,-73.96924,50.0,5.0,6.0,0.3150684931506849,5750.0,7025.0
39850118,TriBeCa 2500 Sq Ft w/ Priv Elevator,Manhattan,Tribeca,40.71927,-74.00453,70.0,5.0,447.0,0.4328767123287671,11060.0,6825.0
3524242,Private Bedroom in Nice Apt. Near Riverside Park!,Manhattan,Harlem,40.82165,-73.95491,67.0,5.0,16.0,0.4383561643835616,10719.999999999998,6398.500000000002
30964163,Central Park is Steps Away,Manhattan,Upper West Side,40.80075,-73.96188,80.0,5.0,1.0,0.4849315068493151,14160.0,6280.0
50284170,Nice Studio in Williamsburg,Brooklyn,Williamsburg,40.71923,-73.94258,76.0,5.0,86.0,0.473972602739726,13148.0,6270.0
43293156,Nice Studio in Williamsburg,Brooklyn,Williamsburg,40.71923,-73.94258,76.0,5.0,86.0,0.473972602739726,13148.0,6270.0
11721479,Nice Studio in Williamsburg,Brooklyn,Williamsburg,40.71923,-73.94258,76.0,5.0,86.0,0.473972602739726,13148.0,6270.0
42012925,Brooklyn Small but cozy bedroom C close to Subways,Brooklyn,Bushwick,40.6872,-73.90895,76.0,5.0,18.0,0.4849315068493151,13452.000000000002,5965.999999999998
24004079,Brooklyn Small but cozy bedroom C close to Subways,Brooklyn,Bushwick,40.6872,-73.90895,76.0,5.0,18.0,0.4849315068493151,13452.000000000002,5965.999999999998
21465156,Hell's Kitchen Comfy Loft Bedroom (for one person),Manhattan,Hell's Kitchen,40.76199,-73.99253,70.0,5.0,59.0,0.4684931506849315,11970.0,5915.0
45137286,Large Room and Apartment in Upper Manhattan,Manhattan,Washington Heights,40.84745,-73.94116,57.0,5.0,102.0,0.41643835616438357,8664.0,5899.5
13565609,Large Room and Apartment in Upper Manhattan,Manhattan,Washington Heights,40.84745,-73.94116,57.0,5.0,102.0,0.41643835616438357,8664.0,5899.5
5298782,PRIVATE BEDROOM on Lower East Side,Manhattan,Chinatown,40.71758,-73.99201,55.0,5.0,2.0,0.40821917808219177,8195.0,5857.5
34288457,Your Home with View in Greenpoint!,Brooklyn,Greenpoint,40.73283,-73.95617,56.0,5.0,56.0,0.4191780821917808,8568.0,5739.999999999998
34804305,Central Park Is Next Door,Manhattan,Upper West Side,40.80226,-73.96343,67.0,5.0,20.0,0.4684931506849315,11457.0,5661.5
3582786,Private room in Williamsburg apt,Brooklyn,Williamsburg,40.70943,-73.94948,50.0,5.0,6.0,0.4054794520547945,7400.0,5375.0
32649783,Beautifully Furnished West Village Studio,Manhattan,West Village,40.73344,-74.00191,60.0,5.0,6.0,0.4575342465753425,10020.0,5310.0
2225233,Tribeca Loft w/ Private Elevator,Manhattan,Tribeca,40.72008,-74.0043,55.0,5.0,25.0,0.4684931506849315,9405.0,4647.5
35945909,Stylish Apartment with office space Near SoHo!,Manhattan,Lower East Side,40.72314,-73.99108,50.0,5.0,117.0,0.4520547945205479,8249.999999999998,4525.000000000002
23380532,Charming Harlem Apartment,Manhattan,Harlem,40.82964,-73.94271,50.0,5.0,2.0,0.4821917808219178,8800.0,3975.0
8069671,"Comfy 2BR + Outdoor patio/ Subway 2,3",Brooklyn,Prospect Heights,40.67702,-73.96445,51.0,5.0,12.0,0.4986301369863014,9282.0,3748.499999999998
